{"contributors":null,"truncated":false,"text":"#Banksy's take on #CharlieHebdo. #JeSuisCharlie #NousSommesCharlie http:\/\/t.co\/f6Y07d9fJ1","in_reply_to_status_id":null,"id":552978184413921281,"favorite_count":63,"source":"<a href=\"http:\/\/twitter.com\/download\/iphone\" rel=\"nofollow\">Twitter for iPhone<\/a>","retweeted":false,"coordinates":null,"entities":{"symbols":[],"media":[{"expanded_url":"http:\/\/twitter.com\/juliamacfarlane\/status\/552978184413921281\/photo\/1","display_url":"pic.twitter.com\/f6Y07d9fJ1","url":"http:\/\/t.co\/f6Y07d9fJ1","media_url_https":"https:\/\/pbs.twimg.com\/media\/B6ySuV-IgAAsx4W.jpg","id_str":"552978179129114624","sizes":{"large":{"h":818,"resize":"fit","w":628},"small":{"h":442,"resize":"fit","w":340},"medium":{"h":781,"resize":"fit","w":600},"thumb":{"h":150,"resize":"crop","w":150}},"indices":[67,89],"type":"photo","id":552978179129114624,"media_url":"http:\/\/pbs.twimg.com\/media\/B6ySuV-IgAAsx4W.jpg"}],"hashtags":[{"indices":[0,7],"text":"Banksy"},{"indices":[18,31],"text":"CharlieHebdo"},{"indices":[33,47],"text":"JeSuisCharlie"},{"indices":[48,66],"text":"NousSommesCharlie"}],"user_mentions":[],"trends":[],"urls":[]},"in_reply_to_screen_name":null,"id_str":"552978184413921281","retweet_count":125,"in_reply_to_user_id":null,"favorited":false,"user":{"follow_request_sent":null,"profile_use_background_image":true,"default_profile_image":false,"id":20159596,"verified":true,"profile_image_url_https":"https:\/\/pbs.twimg.com\/profile_images\/581964872965046272\/cEG2rgAr_normal.jpg","profile_sidebar_fill_color":"000000","profile_text_color":"000000","followers_count":18212,"profile_sidebar_border_color":"000000","id_str":"20159596","profile_background_color":"000000","listed_count":605,"profile_background_image_url_https":"https:\/\/pbs.twimg.com\/profile_background_images\/548785243910447105\/j1mO-pIV.jpeg","utc_offset":0,"statuses_count":28790,"description":"BBC journalist, recently reporting in #Gaza, #Lebanon. Foreign affairs in my DNA. Both Scottish and Indonesian, therefore often confused. Views mine not BBC's","friends_count":1468,"location":"London and beyond","profile_link_color":"94D487","profile_image_url":"http:\/\/pbs.twimg.com\/profile_images\/581964872965046272\/cEG2rgAr_normal.jpg","following":null,"geo_enabled":true,"profile_banner_url":"https:\/\/pbs.twimg.com\/profile_banners\/20159596\/1420140024","profile_background_image_url":"http:\/\/pbs.twimg.com\/profile_background_images\/548785243910447105\/j1mO-pIV.jpeg","name":"Julia Macfarlane","lang":"en","profile_background_tile":true,"favourites_count":11950,"screen_name":"juliamacfarlane","notifications":null,"url":"http:\/\/www.juliamacfarlane.com","created_at":"Thu Feb 05 16:06:57 +0000 2009","contributors_enabled":false,"time_zone":"London","protected":false,"default_profile":false,"is_translator":false},"geo":null,"in_reply_to_user_id_str":null,"possibly_sensitive":false,"lang":"en","created_at":"Thu Jan 08 00:00:47 +0000 2015","filter_level":"low","in_reply_to_status_id_str":null,"place":null,"extended_entities":{"media":[{"expanded_url":"http:\/\/twitter.com\/juliamacfarlane\/status\/552978184413921281\/photo\/1","display_url":"pic.twitter.com\/f6Y07d9fJ1","url":"http:\/\/t.co\/f6Y07d9fJ1","media_url_https":"https:\/\/pbs.twimg.com\/media\/B6ySuV-IgAAsx4W.jpg","id_str":"552978179129114624","sizes":{"large":{"h":818,"resize":"fit","w":628},"small":{"h":442,"resize":"fit","w":340},"medium":{"h":781,"resize":"fit","w":600},"thumb":{"h":150,"resize":"crop","w":150}},"indices":[67,89],"type":"photo","id":552978179129114624,"media_url":"http:\/\/pbs.twimg.com\/media\/B6ySuV-IgAAsx4W.jpg"}]}}