{"contributors": null, "truncated": false, "text": "UPDATE: #CharlieHebdo's editor-in-chief was killed in attack - Magazine's lawyer http://t.co/kLKwMSlo7g", "in_reply_to_status_id": null, "id": 552814494381256704, "favorite_count": 42, "source": "<a href=\"https://about.twitter.com/products/tweetdeck\" rel=\"nofollow\">TweetDeck</a>", "retweeted": false, "coordinates": null, "entities": {"symbols": [], "user_mentions": [], "hashtags": [{"indices": [8, 21], "text": "CharlieHebdo"}], "urls": [], "media": [{"expanded_url": "http://twitter.com/SputnikInt/status/552814494381256704/photo/1", "display_url": "pic.twitter.com/kLKwMSlo7g", "url": "http://t.co/kLKwMSlo7g", "media_url_https": "https://pbs.twimg.com/media/B6v91I6CEAE1aIZ.jpg", "id_str": "552814468648800257", "sizes": {"small": {"h": 237, "resize": "fit", "w": 340}, "large": {"h": 420, "resize": "fit", "w": 600}, "medium": {"h": 420, "resize": "fit", "w": 600}, "thumb": {"h": 150, "resize": "crop", "w": 150}}, "indices": [81, 103], "type": "photo", "id": 552814468648800257, "media_url": "http://pbs.twimg.com/media/B6v91I6CEAE1aIZ.jpg"}]}, "in_reply_to_screen_name": null, "id_str": "552814494381256704", "retweet_count": 220, "in_reply_to_user_id": null, "favorited": false, "user": {"follow_request_sent": false, "profile_use_background_image": true, "profile_text_color": "333333", "default_profile_image": false, "id": 34262462, "profile_background_image_url_https": "https://pbs.twimg.com/profile_background_images/449543599537913856/nNcxAMM_.jpeg", "verified": true, "profile_location": null, "profile_image_url_https": "https://pbs.twimg.com/profile_images/531793593728393216/Xxo9qK0v_normal.png", "profile_sidebar_fill_color": "056EAB", "entities": {"url": {"urls": [{"url": "http://t.co/jG5fV8dLJ2", "indices": [0, 22], "expanded_url": "http://sputniknews.com/", "display_url": "sputniknews.com"}]}, "description": {"urls": []}}, "followers_count": 61410, "profile_sidebar_border_color": "FFFFFF", "id_str": "34262462", "profile_background_color": "131516", "listed_count": 2283, "is_translation_enabled": false, "utc_offset": -18000, "statuses_count": 65249, "description": "Sputnik News Agency and Radio", "friends_count": 73, "location": "", "profile_link_color": "FF9600", "profile_image_url": "http://pbs.twimg.com/profile_images/531793593728393216/Xxo9qK0v_normal.png", "following": false, "geo_enabled": false, "profile_banner_url": "https://pbs.twimg.com/profile_banners/34262462/1415624470", "profile_background_image_url": "http://pbs.twimg.com/profile_background_images/449543599537913856/nNcxAMM_.jpeg", "name": "Sputnik", "lang": "en", "profile_background_tile": true, "favourites_count": 5, "screen_name": "SputnikInt", "notifications": false, "url": "http://t.co/jG5fV8dLJ2", "created_at": "Wed Apr 22 12:55:28 +0000 2009", "contributors_enabled": false, "time_zone": "Quito", "protected": false, "default_profile": false, "is_translator": false}, "geo": null, "in_reply_to_user_id_str": null, "possibly_sensitive": false, "lang": "en", "created_at": "Wed Jan 07 13:10:20 +0000 2015", "in_reply_to_status_id_str": null, "place": null, "extended_entities": {"media": [{"expanded_url": "http://twitter.com/SputnikInt/status/552814494381256704/photo/1", "display_url": "pic.twitter.com/kLKwMSlo7g", "url": "http://t.co/kLKwMSlo7g", "media_url_https": "https://pbs.twimg.com/media/B6v91I6CEAE1aIZ.jpg", "id_str": "552814468648800257", "sizes": {"small": {"h": 237, "resize": "fit", "w": 340}, "large": {"h": 420, "resize": "fit", "w": 600}, "medium": {"h": 420, "resize": "fit", "w": 600}, "thumb": {"h": 150, "resize": "crop", "w": 150}}, "indices": [81, 103], "type": "photo", "id": 552814468648800257, "media_url": "http://pbs.twimg.com/media/B6v91I6CEAE1aIZ.jpg"}]}}