{"contributors": null, "truncated": false, "text": "\u201c@LePoint: #CharlieHebdo : \u201cThe cartoonists Charb &amp; cabu are dead.\u201d http://t.co/7USD83cQd2 http://t.co/WGHbLiLFoX\u201d", "in_reply_to_status_id": null, "id": 552806309540528128, "favorite_count": 44, "source": "<a href=\"http://tapbots.com/tweetbot\" rel=\"nofollow\">Tweetbot for i\u039fS</a>", "retweeted": false, "coordinates": null, "entities": {"symbols": [], "user_mentions": [{"id": 8460572, "indices": [1, 9], "id_str": "8460572", "screen_name": "LePoint", "name": "Le Point"}], "hashtags": [{"indices": [11, 24], "text": "CharlieHebdo"}], "urls": [{"url": "http://t.co/7USD83cQd2", "indices": [72, 94], "expanded_url": "http://lpnt.fr/1tIRx0P", "display_url": "lpnt.fr/1tIRx0P"}], "media": [{"source_user_id": 8460572, "source_status_id_str": "552802888800800768", "expanded_url": "http://twitter.com/LePoint/status/552802888800800768/photo/1", "display_url": "pic.twitter.com/WGHbLiLFoX", "url": "http://t.co/WGHbLiLFoX", "media_url_https": "https://pbs.twimg.com/media/B6vzTAoCEAEusIa.jpg", "source_user_id_str": "8460572", "source_status_id": 552802888800800768, "id_str": "552802887193989121", "sizes": {"large": {"h": 435, "resize": "fit", "w": 1000}, "small": {"h": 147, "resize": "fit", "w": 340}, "medium": {"h": 261, "resize": "fit", "w": 600}, "thumb": {"h": 150, "resize": "crop", "w": 150}}, "indices": [95, 117], "type": "photo", "id": 552802887193989121, "media_url": "http://pbs.twimg.com/media/B6vzTAoCEAEusIa.jpg"}]}, "in_reply_to_screen_name": null, "id_str": "552806309540528128", "retweet_count": 309, "in_reply_to_user_id": null, "favorited": false, "user": {"follow_request_sent": false, "profile_use_background_image": true, "profile_text_color": "333333", "default_profile_image": false, "id": 21749564, "profile_background_image_url_https": "https://abs.twimg.com/images/themes/theme7/bg.gif", "verified": true, "profile_location": null, "profile_image_url_https": "https://pbs.twimg.com/profile_images/1240028999/n720929879_177388_9305_normal.jpg", "profile_sidebar_fill_color": "F3F3F3", "entities": {"url": {"urls": [{"url": "http://t.co/IVEL8aJt9v", "indices": [0, 22], "expanded_url": "http://www.abc.net.au/pm", "display_url": "abc.net.au/pm"}]}, "description": {"urls": []}}, "followers_count": 61134, "profile_sidebar_border_color": "DFDFDF", "id_str": "21749564", "profile_background_color": "EBEBEB", "listed_count": 1852, "is_translation_enabled": false, "utc_offset": 39600, "statuses_count": 120138, "description": "Presenter of PM, ABC Radio. Lifetime Lance-Corporal in the Awkward Squad.", "friends_count": 2588, "location": "@amworldtodaypm ", "profile_link_color": "990000", "profile_image_url": "http://pbs.twimg.com/profile_images/1240028999/n720929879_177388_9305_normal.jpg", "following": false, "geo_enabled": false, "profile_banner_url": "https://pbs.twimg.com/profile_banners/21749564/1363483259", "profile_background_image_url": "http://abs.twimg.com/images/themes/theme7/bg.gif", "name": "Mark Colvin", "lang": "en", "profile_background_tile": false, "favourites_count": 1047, "screen_name": "Colvinius", "notifications": false, "url": "http://t.co/IVEL8aJt9v", "created_at": "Tue Feb 24 12:29:44 +0000 2009", "contributors_enabled": false, "time_zone": "Sydney", "protected": false, "default_profile": false, "is_translator": false}, "geo": null, "in_reply_to_user_id_str": null, "possibly_sensitive": false, "lang": "en", "created_at": "Wed Jan 07 12:37:49 +0000 2015", "in_reply_to_status_id_str": null, "place": null, "extended_entities": {"media": [{"source_user_id": 8460572, "source_status_id_str": "552802888800800768", "expanded_url": "http://twitter.com/LePoint/status/552802888800800768/photo/1", "display_url": "pic.twitter.com/WGHbLiLFoX", "url": "http://t.co/WGHbLiLFoX", "media_url_https": "https://pbs.twimg.com/media/B6vzTAoCEAEusIa.jpg", "source_user_id_str": "8460572", "source_status_id": 552802888800800768, "id_str": "552802887193989121", "sizes": {"large": {"h": 435, "resize": "fit", "w": 1000}, "small": {"h": 147, "resize": "fit", "w": 340}, "medium": {"h": 261, "resize": "fit", "w": 600}, "thumb": {"h": 150, "resize": "crop", "w": 150}}, "indices": [95, 117], "type": "photo", "id": 552802887193989121, "media_url": "http://pbs.twimg.com/media/B6vzTAoCEAEusIa.jpg"}]}}