{"contributors":null,"truncated":false,"text":"#UPDATE Three men including two brothers identified in France newspaper attack: source http:\/\/t.co\/5NoNuqJSu1 #JeSuisCharlie #CharlieHebdo","in_reply_to_status_id":null,"id":552984502063337472,"favorite_count":18,"source":"<a href=\"http:\/\/twitter.com\" rel=\"nofollow\">Twitter Web Client<\/a>","retweeted":false,"coordinates":null,"entities":{"user_mentions":[],"symbols":[],"trends":[],"hashtags":[{"indices":[0,7],"text":"UPDATE"},{"indices":[110,124],"text":"JeSuisCharlie"},{"indices":[125,138],"text":"CharlieHebdo"}],"urls":[{"url":"http:\/\/t.co\/5NoNuqJSu1","indices":[87,109],"expanded_url":"http:\/\/u.afp.com\/Rhs","display_url":"u.afp.com\/Rhs"}]},"in_reply_to_screen_name":null,"id_str":"552984502063337472","retweet_count":107,"in_reply_to_user_id":null,"favorited":false,"user":{"follow_request_sent":null,"profile_use_background_image":true,"default_profile_image":false,"id":380648579,"verified":true,"profile_image_url_https":"https:\/\/pbs.twimg.com\/profile_images\/557099613715324930\/0Az9ucH3_normal.jpeg","profile_sidebar_fill_color":"E6F6F9","profile_text_color":"333333","followers_count":297225,"profile_sidebar_border_color":"DBE9ED","id_str":"380648579","profile_background_color":"C0DEED","listed_count":8182,"profile_background_image_url_https":"https:\/\/pbs.twimg.com\/profile_background_images\/579525526\/bk1nk0d4v59httnhh2uu.jpeg","utc_offset":3600,"statuses_count":64514,"description":"News - and the stories behind the news - from AFP's reporters around the world. In French: @afpfr. In Spanish: @AFPespanol. For photos: @AFPphoto","friends_count":482,"location":"France","profile_link_color":"0084B4","profile_image_url":"http:\/\/pbs.twimg.com\/profile_images\/557099613715324930\/0Az9ucH3_normal.jpeg","following":null,"geo_enabled":false,"profile_banner_url":"https:\/\/pbs.twimg.com\/profile_banners\/380648579\/1419340896","profile_background_image_url":"http:\/\/pbs.twimg.com\/profile_background_images\/579525526\/bk1nk0d4v59httnhh2uu.jpeg","name":"Agence France-Presse","lang":"en","profile_background_tile":false,"favourites_count":0,"screen_name":"AFP","notifications":null,"url":"http:\/\/www.afp.com\/en","created_at":"Tue Sep 27 00:35:10 +0000 2011","contributors_enabled":false,"time_zone":"Paris","protected":false,"default_profile":false,"is_translator":false},"geo":null,"in_reply_to_user_id_str":null,"possibly_sensitive":false,"lang":"en","created_at":"Thu Jan 08 00:25:53 +0000 2015","filter_level":"low","in_reply_to_status_id_str":null,"place":null}