{"contributors":null,"truncated":false,"text":"Banksy says #JeSuisCharlie in a beautiful way (vi @lukeeve) http:\/\/t.co\/GKFP5xVAoc","in_reply_to_status_id":null,"id":552982613288157184,"favorite_count":69,"source":"<a href=\"http:\/\/twitter.com\/download\/iphone\" rel=\"nofollow\">Twitter for iPhone<\/a>","retweeted":false,"coordinates":null,"entities":{"symbols":[],"user_mentions":[{"id":31370252,"indices":[50,58],"id_str":"31370252","screen_name":"lukeeve","name":"Luke Eve"}],"hashtags":[{"indices":[12,26],"text":"JeSuisCharlie"}],"urls":[],"media":[{"expanded_url":"http:\/\/twitter.com\/MelanieTait\/status\/552982613288157184\/photo\/1","display_url":"pic.twitter.com\/GKFP5xVAoc","url":"http:\/\/t.co\/GKFP5xVAoc","media_url_https":"https:\/\/pbs.twimg.com\/media\/B6yWv8CCUAAhGXN.jpg","id_str":"552982604572413952","sizes":{"small":{"h":340,"resize":"fit","w":340},"large":{"h":640,"resize":"fit","w":640},"medium":{"h":600,"resize":"fit","w":600},"thumb":{"h":150,"resize":"crop","w":150}},"indices":[60,82],"type":"photo","id":552982604572413952,"media_url":"http:\/\/pbs.twimg.com\/media\/B6yWv8CCUAAhGXN.jpg"}]},"in_reply_to_screen_name":null,"id_str":"552982613288157184","retweet_count":100,"in_reply_to_user_id":null,"favorited":false,"user":{"follow_request_sent":false,"profile_use_background_image":true,"profile_text_color":"333333","default_profile_image":false,"id":240028072,"profile_background_image_url_https":"https:\/\/pbs.twimg.com\/profile_background_images\/367095351\/puddle_pic_jeronomo.jpg","verified":false,"profile_location":null,"profile_image_url_https":"https:\/\/pbs.twimg.com\/profile_images\/583021938160709632\/BIvCrEQR_normal.jpg","profile_sidebar_fill_color":"DDEEF6","entities":{"url":{"urls":[{"url":"http:\/\/t.co\/aTdMYUpvFP","indices":[0,22],"expanded_url":"http:\/\/www.facebook.com\/melanietaitabc","display_url":"facebook.com\/melanietaitabc"}]},"description":{"urls":[]}},"followers_count":3500,"profile_sidebar_border_color":"C0DEED","id_str":"240028072","profile_background_color":"C0DEED","listed_count":98,"is_translation_enabled":false,"utc_offset":39600,"statuses_count":18405,"description":"ABC @radionational Weekend Arts and @nhtstories Presenter. Feminist. Opinions my own. RTs \u2260 endorsement. Insta: melaniejtait","friends_count":985,"location":"Sydney","profile_link_color":"0084B4","profile_image_url":"http:\/\/pbs.twimg.com\/profile_images\/583021938160709632\/BIvCrEQR_normal.jpg","following":false,"geo_enabled":true,"profile_banner_url":"https:\/\/pbs.twimg.com\/profile_banners\/240028072\/1390216770","profile_background_image_url":"http:\/\/pbs.twimg.com\/profile_background_images\/367095351\/puddle_pic_jeronomo.jpg","name":"Melanie Tait","lang":"en","profile_background_tile":true,"favourites_count":4570,"screen_name":"MelanieTait","notifications":false,"url":"http:\/\/t.co\/aTdMYUpvFP","created_at":"Wed Jan 19 00:32:25 +0000 2011","contributors_enabled":false,"time_zone":"Sydney","protected":false,"default_profile":false,"is_translator":false},"geo":null,"in_reply_to_user_id_str":null,"possibly_sensitive":false,"lang":"en","created_at":"Thu Jan 08 00:18:23 +0000 2015","in_reply_to_status_id_str":null,"place":null,"extended_entities":{"media":[{"expanded_url":"http:\/\/twitter.com\/MelanieTait\/status\/552982613288157184\/photo\/1","display_url":"pic.twitter.com\/GKFP5xVAoc","url":"http:\/\/t.co\/GKFP5xVAoc","media_url_https":"https:\/\/pbs.twimg.com\/media\/B6yWv8CCUAAhGXN.jpg","id_str":"552982604572413952","sizes":{"small":{"h":340,"resize":"fit","w":340},"large":{"h":640,"resize":"fit","w":640},"medium":{"h":600,"resize":"fit","w":600},"thumb":{"h":150,"resize":"crop","w":150}},"indices":[60,82],"type":"photo","id":552982604572413952,"media_url":"http:\/\/pbs.twimg.com\/media\/B6yWv8CCUAAhGXN.jpg"}]}}