{"contributors": null, "truncated": false, "text": "@FRANCE24 This is the future of Europe. Thank you...", "in_reply_to_status_id": 552792913910833152, "id": 552794232503951360, "favorite_count": 0, "source": "<a href=\"http://twitter.com\" rel=\"nofollow\">Twitter Web Client</a>", "retweeted": false, "coordinates": null, "entities": {"symbols": [], "user_mentions": [{"id": 1994321, "indices": [0, 9], "id_str": "1994321", "screen_name": "FRANCE24", "name": "FRANCE 24"}], "hashtags": [], "urls": []}, "in_reply_to_screen_name": "FRANCE24", "id_str": "552794232503951360", "retweet_count": 0, "in_reply_to_user_id": 1994321, "favorited": false, "user": {"follow_request_sent": false, "profile_use_background_image": true, "profile_text_color": "333333", "default_profile_image": false, "id": 1270339064, "profile_background_image_url_https": "https://abs.twimg.com/images/themes/theme1/bg.png", "verified": false, "profile_location": null, "profile_image_url_https": "https://pbs.twimg.com/profile_images/3639739955/8916046f162ac738330c9ace8e6903a0_normal.jpeg", "profile_sidebar_fill_color": "DDEEF6", "entities": {"description": {"urls": []}}, "followers_count": 486, "profile_sidebar_border_color": "C0DEED", "id_str": "1270339064", "profile_background_color": "C0DEED", "listed_count": 7, "is_translation_enabled": false, "utc_offset": 3600, "statuses_count": 26515, "description": "Developer. Laureato alla facolt\u00e0 di Lettere e Filosofia, disoccupato. Antirazzista. Astenuto da sempre. Questa Europa non mi rappresenta. Voglio emigrare...", "friends_count": 94, "location": "Italy", "profile_link_color": "0084B4", "profile_image_url": "http://pbs.twimg.com/profile_images/3639739955/8916046f162ac738330c9ace8e6903a0_normal.jpeg", "following": false, "geo_enabled": false, "profile_banner_url": "https://pbs.twimg.com/profile_banners/1270339064/1402053916", "profile_background_image_url": "http://abs.twimg.com/images/themes/theme1/bg.png", "name": "Riccardo Deias", "lang": "it", "profile_background_tile": false, "favourites_count": 1837, "screen_name": "RiccardoDeias", "notifications": false, "url": null, "created_at": "Fri Mar 15 18:01:20 +0000 2013", "contributors_enabled": false, "time_zone": "Amsterdam", "protected": false, "default_profile": true, "is_translator": false}, "geo": null, "in_reply_to_user_id_str": "1994321", "lang": "en", "created_at": "Wed Jan 07 11:49:50 +0000 2015", "in_reply_to_status_id_str": "552792913910833152", "place": null}
