{"contributors":null,"truncated":false,"text":"@FRANCE24 Only time I was in France, traveled from Switzerland to the UK. Dirty country, terrible roads. People jammed together. Won't visit","in_reply_to_status_id":552792913910833152,"id":552793675697094657,"favorite_count":0,"source":"<a href=\"http:\/\/twitter.com\" rel=\"nofollow\">Twitter Web Client<\/a>","retweeted":false,"coordinates":null,"entities":{"symbols":[],"user_mentions":[{"id":1994321,"indices":[0,9],"id_str":"1994321","screen_name":"FRANCE24","name":"FRANCE 24"}],"hashtags":[],"urls":[]},"in_reply_to_screen_name":"FRANCE24","id_str":"552793675697094657","retweet_count":0,"in_reply_to_user_id":1994321,"favorited":false,"user":{"follow_request_sent":false,"profile_use_background_image":true,"profile_text_color":"333333","default_profile_image":false,"id":43679281,"profile_background_image_url_https":"https:\/\/abs.twimg.com\/images\/themes\/theme1\/bg.png","verified":false,"profile_location":null,"profile_image_url_https":"https:\/\/pbs.twimg.com\/profile_images\/562935949035069440\/g2CO6Hfg_normal.png","profile_sidebar_fill_color":"DDEEF6","entities":{"url":{"urls":[{"url":"https:\/\/t.co\/IU28KgIkxx","indices":[0,23],"expanded_url":"https:\/\/www.youtube.com\/watch?v=KNLRuQGzbPE","display_url":"youtube.com\/watch?v=KNLRuQ\u2026"}]},"description":{"urls":[]}},"followers_count":891,"profile_sidebar_border_color":"C0DEED","id_str":"43679281","profile_background_color":"C0DEED","listed_count":29,"is_translation_enabled":false,"utc_offset":0,"statuses_count":60859,"description":"Islam's Not for Me & Protective Gun Owner","friends_count":2000,"location":"USA","profile_link_color":"B3006E","profile_image_url":"http:\/\/pbs.twimg.com\/profile_images\/562935949035069440\/g2CO6Hfg_normal.png","following":false,"geo_enabled":false,"profile_banner_url":"https:\/\/pbs.twimg.com\/profile_banners\/43679281\/1401375400","profile_background_image_url":"http:\/\/abs.twimg.com\/images\/themes\/theme1\/bg.png","name":"ShariaGenocide","lang":"en","profile_background_tile":false,"favourites_count":6558,"screen_name":"herself311","notifications":false,"url":"https:\/\/t.co\/IU28KgIkxx","created_at":"Sun May 31 12:10:45 +0000 2009","contributors_enabled":false,"time_zone":"London","protected":false,"default_profile":false,"is_translator":false},"geo":null,"in_reply_to_user_id_str":"1994321","lang":"en","created_at":"Wed Jan 07 11:47:37 +0000 2015","in_reply_to_status_id_str":"552792913910833152","place":null}