{"contributors": null, "truncated": false, "text": "\u201c@FRANCE24: At least 11 dead in shooting at HQ of #CharlieHebdo in #Paris (police source)\nhttps://t.co/A8KPeuiVHR\u201d", "in_reply_to_status_id": 552792913910833152, "id": 552793775740055552, "favorite_count": 0, "source": "<a href=\"http://twitter.com/download/iphone\" rel=\"nofollow\">Twitter for iPhone</a>", "retweeted": false, "coordinates": null, "entities": {"symbols": [], "user_mentions": [{"id": 1994321, "indices": [1, 10], "id_str": "1994321", "screen_name": "FRANCE24", "name": "FRANCE 24"}], "hashtags": [{"indices": [50, 63], "text": "CharlieHebdo"}, {"indices": [67, 73], "text": "Paris"}], "urls": [{"url": "https://t.co/A8KPeuiVHR", "indices": [90, 113], "expanded_url": "https://amp.twimg.com/v/29607592-213b-472c-beda-d188e41135ef", "display_url": "amp.twimg.com/v/29607592-213\u2026"}]}, "in_reply_to_screen_name": "FRANCE24", "id_str": "552793775740055552", "retweet_count": 0, "in_reply_to_user_id": 1994321, "favorited": false, "user": {"follow_request_sent": false, "profile_use_background_image": true, "profile_text_color": "333333", "default_profile_image": false, "id": 56680629, "profile_background_image_url_https": "https://abs.twimg.com/images/themes/theme1/bg.png", "verified": false, "profile_location": null, "profile_image_url_https": "https://pbs.twimg.com/profile_images/3293257755/9b8b9497dd760028f803bdf80e99a520_normal.jpeg", "profile_sidebar_fill_color": "DDEEF6", "entities": {"description": {"urls": []}}, "followers_count": 3588, "profile_sidebar_border_color": "C0DEED", "id_str": "56680629", "profile_background_color": "C0DEED", "listed_count": 96, "is_translation_enabled": false, "utc_offset": null, "statuses_count": 8289, "description": "Journo! loves to eat, travel, sleep, dance, do yoga. Want to ve a pet otter & flamingo somedy! personal opinions only!", "friends_count": 439, "location": "Washington D.C., USA", "profile_link_color": "0084B4", "profile_image_url": "http://pbs.twimg.com/profile_images/3293257755/9b8b9497dd760028f803bdf80e99a520_normal.jpeg", "following": false, "geo_enabled": true, "profile_banner_url": "https://pbs.twimg.com/profile_banners/56680629/1361564637", "profile_background_image_url": "http://abs.twimg.com/images/themes/theme1/bg.png", "name": "dakshina t", "lang": "en", "profile_background_tile": false, "favourites_count": 37, "screen_name": "dakshinat", "notifications": false, "url": null, "created_at": "Tue Jul 14 12:30:19 +0000 2009", "contributors_enabled": false, "time_zone": null, "protected": false, "default_profile": true, "is_translator": false}, "geo": null, "in_reply_to_user_id_str": "1994321", "possibly_sensitive": false, "lang": "en", "created_at": "Wed Jan 07 11:48:01 +0000 2015", "in_reply_to_status_id_str": "552792913910833152", "place": null}
