{"contributors": null, "truncated": false, "text": "RT @FRANCE24 At least 11 dead in shooting at HQ of #CharlieHebdo in #Paris (police source)\nhttps://t.co/Ty6ffQz7I3", "in_reply_to_status_id": 552792913910833152, "id": 552793275770613760, "favorite_count": 0, "source": "<a href=\"http://twitter.com/download/iphone\" rel=\"nofollow\">Twitter for iPhone</a>", "retweeted": false, "coordinates": null, "entities": {"symbols": [], "user_mentions": [{"id": 1994321, "indices": [3, 12], "id_str": "1994321", "screen_name": "FRANCE24", "name": "FRANCE 24"}], "hashtags": [{"indices": [51, 64], "text": "CharlieHebdo"}, {"indices": [68, 74], "text": "Paris"}], "urls": [{"url": "https://t.co/Ty6ffQz7I3", "indices": [91, 114], "expanded_url": "https://amp.twimg.com/v/29607592-213b-472c-beda-d188e41135ef", "display_url": "amp.twimg.com/v/29607592-213\u2026"}]}, "in_reply_to_screen_name": "FRANCE24", "id_str": "552793275770613760", "retweet_count": 1, "in_reply_to_user_id": 1994321, "favorited": false, "user": {"follow_request_sent": false, "profile_use_background_image": true, "profile_text_color": "333333", "default_profile_image": false, "id": 122294990, "profile_background_image_url_https": "https://abs.twimg.com/images/themes/theme1/bg.png", "verified": false, "profile_location": null, "profile_image_url_https": "https://pbs.twimg.com/profile_images/748576198/danitreated_normal.jpg", "profile_sidebar_fill_color": "DDEEF6", "entities": {"description": {"urls": []}}, "followers_count": 608, "profile_sidebar_border_color": "C0DEED", "id_str": "122294990", "profile_background_color": "C0DEED", "listed_count": 30, "is_translation_enabled": false, "utc_offset": 0, "statuses_count": 10965, "description": "- TV producer/journalist, travel junkie, someone who loves doing something & nothing. If I'm not tweeting, it's because I'm busy putting stuff on the tele.", "friends_count": 106, "location": "London", "profile_link_color": "0084B4", "profile_image_url": "http://pbs.twimg.com/profile_images/748576198/danitreated_normal.jpg", "following": false, "geo_enabled": false, "profile_background_image_url": "http://abs.twimg.com/images/themes/theme1/bg.png", "name": "Dani Vucenovic", "lang": "en", "profile_background_tile": false, "favourites_count": 5, "screen_name": "newsfromdani", "notifications": false, "url": null, "created_at": "Fri Mar 12 06:55:11 +0000 2010", "contributors_enabled": false, "time_zone": "London", "protected": false, "default_profile": true, "is_translator": false}, "geo": null, "in_reply_to_user_id_str": "1994321", "possibly_sensitive": false, "lang": "en", "created_at": "Wed Jan 07 11:46:02 +0000 2015", "in_reply_to_status_id_str": "552792913910833152", "place": null}
