{"contributors":null,"truncated":false,"text":"@herself311 @FRANCE24  France is a very beautiful country","in_reply_to_status_id":552793675697094657,"id":552805269441622017,"favorite_count":0,"source":"<a href=\"http:\/\/twitter.com\/download\/android\" rel=\"nofollow\">Twitter for Android<\/a>","retweeted":false,"coordinates":null,"entities":{"symbols":[],"user_mentions":[{"id":43679281,"indices":[0,11],"id_str":"43679281","screen_name":"herself311","name":"ShariaGenocide"},{"id":1994321,"indices":[12,21],"id_str":"1994321","screen_name":"FRANCE24","name":"FRANCE 24"}],"hashtags":[],"urls":[]},"in_reply_to_screen_name":"herself311","id_str":"552805269441622017","retweet_count":0,"in_reply_to_user_id":43679281,"favorited":false,"user":{"follow_request_sent":false,"profile_use_background_image":true,"profile_text_color":"333333","default_profile_image":false,"id":722495167,"profile_background_image_url_https":"https:\/\/pbs.twimg.com\/profile_background_images\/510094509212848128\/GQbKPjF0.jpeg","verified":false,"profile_location":null,"profile_image_url_https":"https:\/\/pbs.twimg.com\/profile_images\/589934884015177728\/miTMJBd8_normal.jpg","profile_sidebar_fill_color":"DDEEF6","entities":{"description":{"urls":[]}},"followers_count":819,"profile_sidebar_border_color":"000000","id_str":"722495167","profile_background_color":"9266CC","listed_count":7,"is_translation_enabled":false,"utc_offset":3600,"statuses_count":23643,"description":"French girl inspired by @iansomerhalder & @lanaparrilla- I'm passionate -i love Lana's smile #Nature #Music  #Animals #Horrormovie #AHS #Scandal #TWD #TVD #OUAT","friends_count":823,"location":"my motto is: Be compassionate","profile_link_color":"DD2E44","profile_image_url":"http:\/\/pbs.twimg.com\/profile_images\/589934884015177728\/miTMJBd8_normal.jpg","following":false,"geo_enabled":true,"profile_banner_url":"https:\/\/pbs.twimg.com\/profile_banners\/722495167\/1417826235","profile_background_image_url":"http:\/\/pbs.twimg.com\/profile_background_images\/510094509212848128\/GQbKPjF0.jpeg","name":"Lana Parrilla Family","lang":"fr","profile_background_tile":true,"favourites_count":1132,"screen_name":"ISFFanTVD","notifications":false,"url":null,"created_at":"Sat Jul 28 16:56:37 +0000 2012","contributors_enabled":false,"time_zone":"Paris","protected":false,"default_profile":false,"is_translator":false},"geo":null,"in_reply_to_user_id_str":"43679281","lang":"en","created_at":"Wed Jan 07 12:33:41 +0000 2015","in_reply_to_status_id_str":"552793675697094657","place":null}