{"contributors": null, "truncated": false, "text": "@Nuno_Rodrigo5 @euronews islamistas o taraos?", "in_reply_to_status_id": 552783667052167168, "id": 552790281276628992, "favorite_count": 0, "source": "<a href=\"http://www.tweetcaster.com\" rel=\"nofollow\">TweetCaster for Android</a>", "retweeted": false, "coordinates": null, "entities": {"symbols": [], "user_mentions": [{"id": 409878867, "indices": [0, 14], "id_str": "409878867", "screen_name": "Nuno_Rodrigo5", "name": "Nu\u00f1o Rodrigo"}, {"id": 25067168, "indices": [15, 24], "id_str": "25067168", "screen_name": "euronews", "name": "euronews"}], "hashtags": [], "urls": []}, "in_reply_to_screen_name": "euronews", "id_str": "552790281276628992", "retweet_count": 0, "in_reply_to_user_id": 25067168, "favorited": false, "user": {"follow_request_sent": false, "profile_use_background_image": true, "profile_text_color": "333333", "default_profile_image": false, "id": 370666310, "profile_background_image_url_https": "https://abs.twimg.com/images/themes/theme1/bg.png", "verified": false, "profile_location": null, "profile_image_url_https": "https://pbs.twimg.com/profile_images/1618614391/image_normal.jpg", "profile_sidebar_fill_color": "DDEEF6", "entities": {"description": {"urls": []}}, "followers_count": 128, "profile_sidebar_border_color": "C0DEED", "id_str": "370666310", "profile_background_color": "C0DEED", "listed_count": 6, "is_translation_enabled": false, "utc_offset": null, "statuses_count": 2925, "description": "a la venta en las mejores librerias :)", "friends_count": 464, "location": "aqui y alli", "profile_link_color": "0084B4", "profile_image_url": "http://pbs.twimg.com/profile_images/1618614391/image_normal.jpg", "following": false, "geo_enabled": false, "profile_background_image_url": "http://abs.twimg.com/images/themes/theme1/bg.png", "name": "Mitro", "lang": "es", "profile_background_tile": false, "favourites_count": 306, "screen_name": "Yo_Mitro", "notifications": false, "url": null, "created_at": "Fri Sep 09 12:29:47 +0000 2011", "contributors_enabled": false, "time_zone": null, "protected": false, "default_profile": true, "is_translator": false}, "geo": null, "in_reply_to_user_id_str": "25067168", "lang": "es", "created_at": "Wed Jan 07 11:34:08 +0000 2015", "in_reply_to_status_id_str": "552783667052167168", "place": null}
