{"contributors": null, "truncated": false, "text": "@euronews @TradeDesk_Steve A French crime of passion or another heathen moslem atrocity?", "in_reply_to_status_id": 552783667052167168, "id": 552792862610694144, "favorite_count": 0, "source": "<a href=\"http://twitter.com/download/android\" rel=\"nofollow\">Twitter for Android</a>", "retweeted": false, "coordinates": null, "entities": {"symbols": [], "user_mentions": [{"id": 25067168, "indices": [0, 9], "id_str": "25067168", "screen_name": "euronews", "name": "euronews"}, {"id": 316485110, "indices": [10, 26], "id_str": "316485110", "screen_name": "TradeDesk_Steve", "name": "Steve Collins"}], "hashtags": [], "urls": []}, "in_reply_to_screen_name": "euronews", "id_str": "552792862610694144", "retweet_count": 0, "in_reply_to_user_id": 25067168, "favorited": false, "user": {"follow_request_sent": false, "profile_use_background_image": true, "profile_text_color": "333333", "default_profile_image": false, "id": 1550984940, "profile_background_image_url_https": "https://abs.twimg.com/images/themes/theme1/bg.png", "verified": false, "profile_location": null, "profile_image_url_https": "https://pbs.twimg.com/profile_images/378800000054905677/d150def502934ace77985e096548018d_normal.jpeg", "profile_sidebar_fill_color": "DDEEF6", "entities": {"url": {"urls": [{"url": "http://t.co/l9luX4fUpE", "indices": [0, 22], "expanded_url": "http://es.linkedin.com/pub/drew-edgar/1/993/99a", "display_url": "es.linkedin.com/pub/drew-edgar\u2026"}]}, "description": {"urls": []}}, "followers_count": 26, "profile_sidebar_border_color": "C0DEED", "id_str": "1550984940", "profile_background_color": "C0DEED", "listed_count": 1, "is_translation_enabled": false, "utc_offset": 0, "statuses_count": 2176, "description": "Principal Managing Consultant  at  CHASE BUCKLEY, 30 years in the City. Newcastle Business School & Aston Business School Alumnus", "friends_count": 56, "location": "Continental Europe", "profile_link_color": "0084B4", "profile_image_url": "http://pbs.twimg.com/profile_images/378800000054905677/d150def502934ace77985e096548018d_normal.jpeg", "following": false, "geo_enabled": true, "profile_background_image_url": "http://abs.twimg.com/images/themes/theme1/bg.png", "name": "Drew Edgar", "lang": "en", "profile_background_tile": false, "favourites_count": 11, "screen_name": "DrewEdgar_CB", "notifications": false, "url": "http://t.co/l9luX4fUpE", "created_at": "Thu Jun 27 16:34:58 +0000 2013", "contributors_enabled": false, "time_zone": "London", "protected": false, "default_profile": true, "is_translator": false}, "geo": null, "in_reply_to_user_id_str": "25067168", "lang": "en", "created_at": "Wed Jan 07 11:44:23 +0000 2015", "in_reply_to_status_id_str": "552783667052167168", "place": null}
