{"contributors": null, "truncated": false, "text": "@euronews @Massimilian2611 ci vuole una nuova crociata partendo da casa nostra...e lo dico io che non sono cattolico", "in_reply_to_status_id": 552783667052167168, "id": 552789153403109376, "favorite_count": 0, "source": "<a href=\"http://twitter.com/download/android\" rel=\"nofollow\">Twitter for Android</a>", "retweeted": false, "coordinates": null, "entities": {"symbols": [], "user_mentions": [{"id": 25067168, "indices": [0, 9], "id_str": "25067168", "screen_name": "euronews", "name": "euronews"}, {"id": 504770652, "indices": [10, 26], "id_str": "504770652", "screen_name": "Massimilian2611", "name": "Massimiliano Zirone"}], "hashtags": [], "urls": []}, "in_reply_to_screen_name": "euronews", "id_str": "552789153403109376", "retweet_count": 0, "in_reply_to_user_id": 25067168, "favorited": false, "user": {"follow_request_sent": false, "profile_use_background_image": true, "profile_text_color": "333333", "default_profile_image": false, "id": 993859812, "profile_background_image_url_https": "https://abs.twimg.com/images/themes/theme1/bg.png", "verified": false, "profile_location": null, "profile_image_url_https": "https://pbs.twimg.com/profile_images/378800000415021573/3465bbd55d07e9cb40c1e406e20bed27_normal.jpeg", "profile_sidebar_fill_color": "DDEEF6", "entities": {"description": {"urls": []}}, "followers_count": 66, "profile_sidebar_border_color": "C0DEED", "id_str": "993859812", "profile_background_color": "C0DEED", "listed_count": 0, "is_translation_enabled": false, "utc_offset": null, "statuses_count": 354, "description": "", "friends_count": 231, "location": "", "profile_link_color": "0084B4", "profile_image_url": "http://pbs.twimg.com/profile_images/378800000415021573/3465bbd55d07e9cb40c1e406e20bed27_normal.jpeg", "following": false, "geo_enabled": false, "profile_banner_url": "https://pbs.twimg.com/profile_banners/993859812/1365492913", "profile_background_image_url": "http://abs.twimg.com/images/themes/theme1/bg.png", "name": "Igor Perfetti", "lang": "it", "profile_background_tile": false, "favourites_count": 107, "screen_name": "igor_perfetti", "notifications": false, "url": null, "created_at": "Thu Dec 06 21:32:55 +0000 2012", "contributors_enabled": false, "time_zone": null, "protected": false, "default_profile": true, "is_translator": false}, "geo": null, "in_reply_to_user_id_str": "25067168", "lang": "it", "created_at": "Wed Jan 07 11:29:39 +0000 2015", "in_reply_to_status_id_str": "552783667052167168", "place": null}
