{"contributors": null, "truncated": false, "text": "@j0nathandavis They who? Stupid and partial opinions like this one only add noise to any debate.", "in_reply_to_status_id": 552785374507175936, "id": 552786226546495488, "favorite_count": 0, "source": "<a href=\"http://itunes.apple.com/us/app/twitter/id409789998?mt=12\" rel=\"nofollow\">Twitter for Mac</a>", "retweeted": false, "coordinates": null, "entities": {"symbols": [], "user_mentions": [{"id": 76987535, "indices": [0, 14], "id_str": "76987535", "screen_name": "J0nathanDavis", "name": "Jonathan Davis"}], "hashtags": [], "urls": []}, "in_reply_to_screen_name": "J0nathanDavis", "id_str": "552786226546495488", "retweet_count": 0, "in_reply_to_user_id": 76987535, "favorited": false, "user": {"follow_request_sent": false, "profile_use_background_image": true, "profile_text_color": "666666", "default_profile_image": false, "id": 33668152, "profile_background_image_url_https": "https://pbs.twimg.com/profile_background_images/564436409/vectorial_myself4.png", "verified": false, "profile_location": null, "profile_image_url_https": "https://pbs.twimg.com/profile_images/542079159158439936/4xK1kHen_normal.jpeg", "profile_sidebar_fill_color": "252429", "entities": {"description": {"urls": []}}, "followers_count": 405, "profile_sidebar_border_color": "FFFFFF", "id_str": "33668152", "profile_background_color": "FFFFFF", "listed_count": 20, "is_translation_enabled": false, "utc_offset": 3600, "statuses_count": 19730, "description": "No se respetan opiniones aqu\u00ed. Luchando contra los -ismos y trolleando los d\u00edas pares.", "friends_count": 463, "location": "somewhere in anywhere", "profile_link_color": "0088FF", "profile_image_url": "http://pbs.twimg.com/profile_images/542079159158439936/4xK1kHen_normal.jpeg", "following": false, "geo_enabled": true, "profile_banner_url": "https://pbs.twimg.com/profile_banners/33668152/1398287778", "profile_background_image_url": "http://pbs.twimg.com/profile_background_images/564436409/vectorial_myself4.png", "name": "nanoSpawn", "lang": "en", "profile_background_tile": false, "favourites_count": 2829, "screen_name": "nanoSpawn", "notifications": false, "url": null, "created_at": "Mon Apr 20 21:20:19 +0000 2009", "contributors_enabled": false, "time_zone": "Madrid", "protected": false, "default_profile": false, "is_translator": false}, "geo": null, "in_reply_to_user_id_str": "76987535", "lang": "en", "created_at": "Wed Jan 07 11:18:01 +0000 2015", "in_reply_to_status_id_str": "552785374507175936", "place": null}
