{"contributors": null, "truncated": false, "text": "MT @euronews France: 10 dead after shooting at HQ of satirical weekly #CharlieHebdo. If Zionists/Jews did this they'd be nuking Israel", "in_reply_to_status_id": 552783667052167168, "id": 552785374507175936, "favorite_count": 2, "source": "<a href=\"http://twitter.com\" rel=\"nofollow\">Twitter Web Client</a>", "retweeted": false, "coordinates": null, "entities": {"symbols": [], "user_mentions": [{"id": 25067168, "indices": [3, 12], "id_str": "25067168", "screen_name": "euronews", "name": "euronews"}], "hashtags": [{"indices": [70, 83], "text": "CharlieHebdo"}], "urls": []}, "in_reply_to_screen_name": "euronews", "id_str": "552785374507175936", "retweet_count": 1, "in_reply_to_user_id": 25067168, "favorited": false, "user": {"follow_request_sent": false, "profile_use_background_image": true, "profile_text_color": "333333", "default_profile_image": false, "id": 76987535, "profile_background_image_url_https": "https://pbs.twimg.com/profile_background_images/202498275/x27490efa495e001b15c993dabaafc03.png", "verified": false, "profile_location": null, "profile_image_url_https": "https://pbs.twimg.com/profile_images/545507196218249216/hLPgujDF_normal.jpeg", "profile_sidebar_fill_color": "DDEEF6", "entities": {"url": {"urls": [{"url": "http://t.co/229QxnfsSr", "indices": [0, 22], "expanded_url": "http://www.JonathanDavisWM.Wordpress.com", "display_url": "JonathanDavisWM.Wordpress.com"}]}, "description": {"urls": []}}, "followers_count": 1828, "profile_sidebar_border_color": "C0DEED", "id_str": "76987535", "profile_background_color": "C0DEED", "listed_count": 68, "is_translation_enabled": false, "utc_offset": 0, "statuses_count": 29365, "description": "Economist/Wealth Mgr. Speaker. Media pundit.  Rule#1:Don't Lose Money. Rule#2:See Rule#1\r\nDemocracy leads to Marxism/Fascism. Discuss.", "friends_count": 511, "location": "SouthEast UK (Isn't everyone?)", "profile_link_color": "0084B4", "profile_image_url": "http://pbs.twimg.com/profile_images/545507196218249216/hLPgujDF_normal.jpeg", "following": false, "geo_enabled": true, "profile_banner_url": "https://pbs.twimg.com/profile_banners/76987535/1398240763", "profile_background_image_url": "http://pbs.twimg.com/profile_background_images/202498275/x27490efa495e001b15c993dabaafc03.png", "name": "Jonathan Davis", "lang": "en", "profile_background_tile": true, "favourites_count": 469, "screen_name": "J0nathanDavis", "notifications": false, "url": "http://t.co/229QxnfsSr", "created_at": "Thu Sep 24 17:01:05 +0000 2009", "contributors_enabled": false, "time_zone": "Europe/London", "protected": false, "default_profile": false, "is_translator": false}, "geo": null, "in_reply_to_user_id_str": "25067168", "lang": "en", "created_at": "Wed Jan 07 11:14:38 +0000 2015", "in_reply_to_status_id_str": "552783667052167168", "place": null}
