{"contributors": null, "truncated": false, "text": "@euronews LOL. 5 million Muslims in France, what a disgrace. the french worm president and politicians killed them. tine for croissants now", "in_reply_to_status_id": 552783667052167168, "id": 552943855021330432, "favorite_count": 0, "source": "<a href=\"http://twitter.com\" rel=\"nofollow\">Twitter Web Client</a>", "retweeted": false, "coordinates": null, "entities": {"symbols": [], "user_mentions": [{"id": 25067168, "indices": [0, 9], "id_str": "25067168", "screen_name": "euronews", "name": "euronews"}], "hashtags": [], "urls": []}, "in_reply_to_screen_name": "euronews", "id_str": "552943855021330432", "retweet_count": 0, "in_reply_to_user_id": 25067168, "favorited": false, "user": {"follow_request_sent": false, "profile_use_background_image": true, "profile_text_color": "333333", "default_profile_image": false, "id": 1867323613, "profile_background_image_url_https": "https://abs.twimg.com/images/themes/theme1/bg.png", "verified": false, "profile_location": null, "profile_image_url_https": "https://pbs.twimg.com/profile_images/489302363526533120/WkOrHy0W_normal.jpeg", "profile_sidebar_fill_color": "DDEEF6", "entities": {"description": {"urls": []}}, "followers_count": 14, "profile_sidebar_border_color": "C0DEED", "id_str": "1867323613", "profile_background_color": "C0DEED", "listed_count": 1, "is_translation_enabled": false, "utc_offset": -14400, "statuses_count": 912, "description": "", "friends_count": 150, "location": "Europe", "profile_link_color": "0084B4", "profile_image_url": "http://pbs.twimg.com/profile_images/489302363526533120/WkOrHy0W_normal.jpeg", "following": false, "geo_enabled": false, "profile_background_image_url": "http://abs.twimg.com/images/themes/theme1/bg.png", "name": "NeoSkywalker", "lang": "en", "profile_background_tile": false, "favourites_count": 45, "screen_name": "NeoSkywalker13", "notifications": false, "url": null, "created_at": "Sun Sep 15 11:02:17 +0000 2013", "contributors_enabled": false, "time_zone": "Atlantic Time (Canada)", "protected": false, "default_profile": true, "is_translator": false}, "geo": null, "in_reply_to_user_id_str": "25067168", "lang": "en", "created_at": "Wed Jan 07 21:44:22 +0000 2015", "in_reply_to_status_id_str": "552783667052167168", "place": null}
