{"contributors": null, "truncated": false, "text": "Et merde. \u201c@AFPphoto: #CharlieHebdo -  11 dead including 2 police in Paris shooting. Photo @MartinBureau1 #AFP http://t.co/MFpQhJPBfz\u201d", "in_reply_to_status_id": 552792802309181440, "id": 552793785747660801, "favorite_count": 0, "source": "<a href=\"http://twitter.com/download/iphone\" rel=\"nofollow\">Twitter for iPhone</a>", "retweeted": false, "coordinates": {"type": "Point", "coordinates": [2.4252155, 48.85212439]}, "entities": {"symbols": [], "user_mentions": [{"id": 868112707, "indices": [11, 20], "id_str": "868112707", "screen_name": "AFPphoto", "name": "AFP Photo Department"}, {"id": 491559119, "indices": [91, 105], "id_str": "491559119", "screen_name": "MartinBureau1", "name": "Martin Bureau"}], "hashtags": [{"indices": [22, 35], "text": "CharlieHebdo"}, {"indices": [106, 110], "text": "AFP"}], "urls": [], "media": [{"source_user_id": 868112707, "source_status_id_str": "552792802309181440", "expanded_url": "http://twitter.com/AFPphoto/status/552792802309181440/photo/1", "display_url": "pic.twitter.com/MFpQhJPBfz", "url": "http://t.co/MFpQhJPBfz", "media_url_https": "https://pbs.twimg.com/media/B6vqGLmCAAAD26y.jpg", "source_user_id_str": "868112707", "source_status_id": 552792802309181440, "id_str": "552792771195437056", "sizes": {"large": {"h": 686, "resize": "fit", "w": 1024}, "small": {"h": 227, "resize": "fit", "w": 340}, "medium": {"h": 402, "resize": "fit", "w": 600}, "thumb": {"h": 150, "resize": "crop", "w": 150}}, "indices": [111, 133], "type": "photo", "id": 552792771195437056, "media_url": "http://pbs.twimg.com/media/B6vqGLmCAAAD26y.jpg"}]}, "in_reply_to_screen_name": "AFPphoto", "id_str": "552793785747660801", "retweet_count": 0, "in_reply_to_user_id": 868112707, "favorited": false, "user": {"follow_request_sent": false, "profile_use_background_image": true, "profile_text_color": "666666", "default_profile_image": false, "id": 202568095, "profile_background_image_url_https": "https://pbs.twimg.com/profile_background_images/764641104/25c31c7aa93f5b0ec825e8fdb3e9b9bb.jpeg", "verified": false, "profile_location": null, "profile_image_url_https": "https://pbs.twimg.com/profile_images/3112739393/e6b022307ebd4cfa4278d2c1dacabed4_normal.jpeg", "profile_sidebar_fill_color": "252429", "entities": {"url": {"urls": [{"url": "http://t.co/wmRi2Nezab", "indices": [0, 22], "expanded_url": "http://www.doyoubuzz.com/david-adanero", "display_url": "doyoubuzz.com/david-adanero"}]}, "description": {"urls": []}}, "followers_count": 174, "profile_sidebar_border_color": "FFFFFF", "id_str": "202568095", "profile_background_color": "1A1B1F", "listed_count": 5, "is_translation_enabled": false, "utc_offset": 3600, "statuses_count": 1964, "description": "Designer graphique from Paris, majeur et consentant. Site en \u00e9ternelle attente. Je ferai \u00e7a demain.", "friends_count": 567, "location": "#LeMarais, Paris (France)", "profile_link_color": "630FA8", "profile_image_url": "http://pbs.twimg.com/profile_images/3112739393/e6b022307ebd4cfa4278d2c1dacabed4_normal.jpeg", "following": false, "geo_enabled": true, "profile_banner_url": "https://pbs.twimg.com/profile_banners/202568095/1358263539", "profile_background_image_url": "http://pbs.twimg.com/profile_background_images/764641104/25c31c7aa93f5b0ec825e8fdb3e9b9bb.jpeg", "name": "David Adanero", "lang": "fr", "profile_background_tile": false, "favourites_count": 77, "screen_name": "DavidAdanero", "notifications": false, "url": "http://t.co/wmRi2Nezab", "created_at": "Thu Oct 14 10:13:47 +0000 2010", "contributors_enabled": false, "time_zone": "Paris", "protected": false, "default_profile": false, "is_translator": false}, "geo": {"type": "Point", "coordinates": [48.85212439, 2.4252155]}, "in_reply_to_user_id_str": "868112707", "possibly_sensitive": false, "lang": "en", "created_at": "Wed Jan 07 11:48:03 +0000 2015", "in_reply_to_status_id_str": "552792802309181440", "place": {"full_name": "Montreuil, Ile-de-France", "url": "https://api.twitter.com/1.1/geo/id/78b12dcc2bb6ea4d.json", "country": "France", "place_type": "city", "bounding_box": {"type": "Polygon", "coordinates": [[[2.4153292, 48.8487612], [2.4826468, 48.8487612], [2.4826468, 48.8786458], [2.4153292, 48.8786458]]]}, "contained_within": [], "country_code": "FR", "attributes": {}, "id": "78b12dcc2bb6ea4d", "name": "Montreuil"}, "extended_entities": {"media": [{"source_user_id": 868112707, "source_status_id_str": "552792802309181440", "expanded_url": "http://twitter.com/AFPphoto/status/552792802309181440/photo/1", "display_url": "pic.twitter.com/MFpQhJPBfz", "url": "http://t.co/MFpQhJPBfz", "media_url_https": "https://pbs.twimg.com/media/B6vqGLmCAAAD26y.jpg", "source_user_id_str": "868112707", "source_status_id": 552792802309181440, "id_str": "552792771195437056", "sizes": {"large": {"h": 686, "resize": "fit", "w": 1024}, "small": {"h": 227, "resize": "fit", "w": 340}, "medium": {"h": 402, "resize": "fit", "w": 600}, "thumb": {"h": 150, "resize": "crop", "w": 150}}, "indices": [111, 133], "type": "photo", "id": 552792771195437056, "media_url": "http://pbs.twimg.com/media/B6vqGLmCAAAD26y.jpg"}]}}
