{"contributors": null, "truncated": false, "text": "@AFPphoto I strongly condemn this terrorist attack as a Turkish Muslim.I love my Prophet.But my Prophet rejects terrorism.", "in_reply_to_status_id": 552792802309181440, "id": 552793899522355200, "favorite_count": 1, "source": "<a href=\"http://twitter.com/download/android\" rel=\"nofollow\">Twitter for Android</a>", "retweeted": false, "coordinates": null, "entities": {"symbols": [], "user_mentions": [{"id": 868112707, "indices": [0, 9], "id_str": "868112707", "screen_name": "AFPphoto", "name": "AFP Photo Department"}], "hashtags": [], "urls": []}, "in_reply_to_screen_name": "AFPphoto", "id_str": "552793899522355200", "retweet_count": 1, "in_reply_to_user_id": 868112707, "favorited": false, "user": {"follow_request_sent": false, "profile_use_background_image": true, "profile_text_color": "333333", "default_profile_image": false, "id": 2464502209, "profile_background_image_url_https": "https://pbs.twimg.com/profile_background_images/468510461038575616/e9uVgEA_.jpeg", "verified": false, "profile_location": null, "profile_image_url_https": "https://pbs.twimg.com/profile_images/557663998611836929/yiP96rTp_normal.jpeg", "profile_sidebar_fill_color": "DDEEF6", "entities": {"url": {"urls": [{"url": "http://t.co/FK7jYftTYY", "indices": [0, 22], "expanded_url": "http://www.youtube.com/watch?v=7yTw5FlZvO0&sns=tw", "display_url": "youtube.com/watch?v=7yTw5F\u2026"}]}, "description": {"urls": []}}, "followers_count": 1109, "profile_sidebar_border_color": "FFFFFF", "id_str": "2464502209", "profile_background_color": "C0DEED", "listed_count": 21, "is_translation_enabled": false, "utc_offset": 7200, "statuses_count": 30496, "description": "@FGulencomEN @HizmetMovement @DialogueSociety #PoliticalScientist #TurkishMuslim", "friends_count": 463, "location": "ISTANBUL/TURKEY", "profile_link_color": "0084B4", "profile_image_url": "http://pbs.twimg.com/profile_images/557663998611836929/yiP96rTp_normal.jpeg", "following": false, "geo_enabled": false, "profile_banner_url": "https://pbs.twimg.com/profile_banners/2464502209/1421670105", "profile_background_image_url": "http://pbs.twimg.com/profile_background_images/468510461038575616/e9uVgEA_.jpeg", "name": "HIZMET TURCO", "lang": "tr", "profile_background_tile": true, "favourites_count": 4262, "screen_name": "HizmetTurco", "notifications": false, "url": "http://t.co/FK7jYftTYY", "created_at": "Sat Apr 26 11:22:11 +0000 2014", "contributors_enabled": false, "time_zone": "Istanbul", "protected": false, "default_profile": false, "is_translator": false}, "geo": null, "in_reply_to_user_id_str": "868112707", "lang": "en", "created_at": "Wed Jan 07 11:48:30 +0000 2015", "in_reply_to_status_id_str": "552792802309181440", "place": null}
