{"contributors": null, "truncated": false, "text": "@galaturco @AFPphoto how do you know that the attackers were muslims?", "in_reply_to_status_id": 552793899522355200, "id": 552795124288073729, "favorite_count": 0, "source": "<a href=\"http://twitter.com/download/android\" rel=\"nofollow\">Twitter for Android</a>", "retweeted": false, "coordinates": null, "entities": {"symbols": [], "user_mentions": [{"id": 2464502209, "indices": [0, 10], "id_str": "2464502209", "screen_name": "galaturco", "name": "GALA TURCO"}, {"id": 868112707, "indices": [11, 20], "id_str": "868112707", "screen_name": "AFPphoto", "name": "AFP Photo Department"}], "hashtags": [], "urls": []}, "in_reply_to_screen_name": "HizmetTurco", "id_str": "552795124288073729", "retweet_count": 0, "in_reply_to_user_id": 2464502209, "favorited": false, "user": {"follow_request_sent": false, "profile_use_background_image": true, "profile_text_color": "333333", "default_profile_image": false, "id": 1100855744, "profile_background_image_url_https": "https://abs.twimg.com/images/themes/theme1/bg.png", "verified": false, "profile_location": null, "profile_image_url_https": "https://pbs.twimg.com/profile_images/519055425673498624/_QslCEG2_normal.jpeg", "profile_sidebar_fill_color": "DDEEF6", "entities": {"description": {"urls": []}}, "followers_count": 14, "profile_sidebar_border_color": "C0DEED", "id_str": "1100855744", "profile_background_color": "C0DEED", "listed_count": 0, "is_translation_enabled": false, "utc_offset": 25200, "statuses_count": 452, "description": "", "friends_count": 115, "location": "", "profile_link_color": "0084B4", "profile_image_url": "http://pbs.twimg.com/profile_images/519055425673498624/_QslCEG2_normal.jpeg", "following": false, "geo_enabled": false, "profile_background_image_url": "http://abs.twimg.com/images/themes/theme1/bg.png", "name": "stephen han", "lang": "en", "profile_background_tile": false, "favourites_count": 113, "screen_name": "stp_han", "notifications": false, "url": null, "created_at": "Fri Jan 18 12:32:26 +0000 2013", "contributors_enabled": false, "time_zone": "Bangkok", "protected": false, "default_profile": true, "is_translator": false}, "geo": null, "in_reply_to_user_id_str": "2464502209", "lang": "en", "created_at": "Wed Jan 07 11:53:22 +0000 2015", "in_reply_to_status_id_str": "552793899522355200", "place": null}
