{"contributors": null, "truncated": false, "text": "@AFPphoto @MartinBureau1 Cazeneuve responsable !", "in_reply_to_status_id": 552792802309181440, "id": 552795463850930176, "favorite_count": 0, "source": "<a href=\"http://twitter.com\" rel=\"nofollow\">Twitter Web Client</a>", "retweeted": false, "coordinates": null, "entities": {"symbols": [], "user_mentions": [{"id": 868112707, "indices": [0, 9], "id_str": "868112707", "screen_name": "AFPphoto", "name": "AFP Photo Department"}, {"id": 491559119, "indices": [10, 24], "id_str": "491559119", "screen_name": "MartinBureau1", "name": "Martin Bureau"}], "hashtags": [], "urls": []}, "in_reply_to_screen_name": "AFPphoto", "id_str": "552795463850930176", "retweet_count": 0, "in_reply_to_user_id": 868112707, "favorited": false, "user": {"follow_request_sent": false, "profile_use_background_image": true, "profile_text_color": "333333", "default_profile_image": false, "id": 1092729763, "profile_background_image_url_https": "https://abs.twimg.com/images/themes/theme18/bg.gif", "verified": false, "profile_location": null, "profile_image_url_https": "https://pbs.twimg.com/profile_images/3113340481/bb4e525b835eefb818f1194509dbb064_normal.jpeg", "profile_sidebar_fill_color": "F6F6F6", "entities": {"description": {"urls": []}}, "followers_count": 51, "profile_sidebar_border_color": "EEEEEE", "id_str": "1092729763", "profile_background_color": "ACDED6", "listed_count": 2, "is_translation_enabled": false, "utc_offset": 3600, "statuses_count": 2990, "description": "", "friends_count": 113, "location": "Marseille /France", "profile_link_color": "038543", "profile_image_url": "http://pbs.twimg.com/profile_images/3113340481/bb4e525b835eefb818f1194509dbb064_normal.jpeg", "following": false, "geo_enabled": false, "profile_background_image_url": "http://abs.twimg.com/images/themes/theme18/bg.gif", "name": "DV", "lang": "fr", "profile_background_tile": false, "favourites_count": 4649, "screen_name": "dominicvasseur", "notifications": false, "url": null, "created_at": "Tue Jan 15 17:23:28 +0000 2013", "contributors_enabled": false, "time_zone": "Amsterdam", "protected": false, "default_profile": false, "is_translator": false}, "geo": null, "in_reply_to_user_id_str": "868112707", "lang": "fr", "created_at": "Wed Jan 07 11:54:43 +0000 2015", "in_reply_to_status_id_str": "552792802309181440", "place": null}
