{"contributors":null,"truncated":false,"text":"\u201c@AFPphoto: #CharlieHebdo -  11 dead including 2 police in Paris shooting. Photo @MartinBureau1 #AFP http:\/\/t.co\/f2LHfFFvrb\u201d","in_reply_to_status_id":552792802309181440,"id":552793142693744640,"favorite_count":0,"source":"<a href=\"http:\/\/twitter.com\/download\/iphone\" rel=\"nofollow\">Twitter for iPhone<\/a>","retweeted":false,"coordinates":null,"entities":{"symbols":[],"user_mentions":[{"id":868112707,"indices":[1,10],"id_str":"868112707","screen_name":"AFPphoto","name":"AFP Photo Department"},{"id":491559119,"indices":[81,95],"id_str":"491559119","screen_name":"MartinBureau1","name":"Martin Bureau"}],"hashtags":[{"indices":[12,25],"text":"CharlieHebdo"},{"indices":[96,100],"text":"AFP"}],"urls":[],"media":[{"source_user_id":868112707,"source_status_id_str":"552792802309181440","expanded_url":"http:\/\/twitter.com\/AFPphoto\/status\/552792802309181440\/photo\/1","display_url":"pic.twitter.com\/f2LHfFFvrb","url":"http:\/\/t.co\/f2LHfFFvrb","media_url_https":"https:\/\/pbs.twimg.com\/media\/B6vqGLmCAAAD26y.jpg","source_user_id_str":"868112707","source_status_id":552792802309181440,"id_str":"552792771195437056","sizes":{"large":{"h":686,"resize":"fit","w":1024},"small":{"h":227,"resize":"fit","w":340},"medium":{"h":402,"resize":"fit","w":600},"thumb":{"h":150,"resize":"crop","w":150}},"indices":[101,123],"type":"photo","id":552792771195437056,"media_url":"http:\/\/pbs.twimg.com\/media\/B6vqGLmCAAAD26y.jpg"}]},"in_reply_to_screen_name":"AFPphoto","id_str":"552793142693744640","retweet_count":0,"in_reply_to_user_id":868112707,"favorited":false,"user":{"follow_request_sent":false,"profile_use_background_image":true,"profile_text_color":"333333","default_profile_image":false,"id":72588786,"profile_background_image_url_https":"https:\/\/abs.twimg.com\/images\/themes\/theme1\/bg.png","verified":false,"profile_location":null,"profile_image_url_https":"https:\/\/pbs.twimg.com\/profile_images\/585492836830814209\/Q0uUnkpq_normal.jpg","profile_sidebar_fill_color":"DDEEF6","entities":{"description":{"urls":[]}},"followers_count":932,"profile_sidebar_border_color":"C0DEED","id_str":"72588786","profile_background_color":"C0DEED","listed_count":21,"is_translation_enabled":false,"utc_offset":null,"statuses_count":68182,"description":".Like to RT (a lot) & like others that do to. RT's are just that.","friends_count":1979,"location":"World Wide Web","profile_link_color":"0084B4","profile_image_url":"http:\/\/pbs.twimg.com\/profile_images\/585492836830814209\/Q0uUnkpq_normal.jpg","following":false,"geo_enabled":true,"profile_banner_url":"https:\/\/pbs.twimg.com\/profile_banners\/72588786\/1384973593","profile_background_image_url":"http:\/\/abs.twimg.com\/images\/themes\/theme1\/bg.png","name":"l4zick","lang":"en","profile_background_tile":false,"favourites_count":22166,"screen_name":"L4zick","notifications":false,"url":null,"created_at":"Tue Sep 08 16:04:19 +0000 2009","contributors_enabled":false,"time_zone":null,"protected":false,"default_profile":true,"is_translator":false},"geo":null,"in_reply_to_user_id_str":"868112707","possibly_sensitive":false,"lang":"en","created_at":"Wed Jan 07 11:45:30 +0000 2015","in_reply_to_status_id_str":"552792802309181440","place":null,"extended_entities":{"media":[{"source_user_id":868112707,"source_status_id_str":"552792802309181440","expanded_url":"http:\/\/twitter.com\/AFPphoto\/status\/552792802309181440\/photo\/1","display_url":"pic.twitter.com\/f2LHfFFvrb","url":"http:\/\/t.co\/f2LHfFFvrb","media_url_https":"https:\/\/pbs.twimg.com\/media\/B6vqGLmCAAAD26y.jpg","source_user_id_str":"868112707","source_status_id":552792802309181440,"id_str":"552792771195437056","sizes":{"large":{"h":686,"resize":"fit","w":1024},"small":{"h":227,"resize":"fit","w":340},"medium":{"h":402,"resize":"fit","w":600},"thumb":{"h":150,"resize":"crop","w":150}},"indices":[101,123],"type":"photo","id":552792771195437056,"media_url":"http:\/\/pbs.twimg.com\/media\/B6vqGLmCAAAD26y.jpg"}]}}