{"contributors":null,"truncated":false,"text":"Oh my God !!! RT @AFPphoto  #CharlieHebdo - 11 dead including 2 police in Paris shooting. http:\/\/t.co\/tzgCctKshB","in_reply_to_status_id":552792802309181440,"id":552793901866971136,"favorite_count":0,"source":"<a href=\"http:\/\/twitter.com\" rel=\"nofollow\">Twitter Web Client<\/a>","retweeted":false,"coordinates":null,"entities":{"symbols":[],"user_mentions":[{"id":868112707,"indices":[17,26],"id_str":"868112707","screen_name":"AFPphoto","name":"AFP Photo Department"}],"hashtags":[{"indices":[28,41],"text":"CharlieHebdo"}],"urls":[],"media":[{"source_user_id":868112707,"source_status_id_str":"552792802309181440","expanded_url":"http:\/\/twitter.com\/AFPphoto\/status\/552792802309181440\/photo\/1","display_url":"pic.twitter.com\/tzgCctKshB","url":"http:\/\/t.co\/tzgCctKshB","media_url_https":"https:\/\/pbs.twimg.com\/media\/B6vqGLmCAAAD26y.jpg","source_user_id_str":"868112707","source_status_id":552792802309181440,"id_str":"552792771195437056","sizes":{"large":{"h":686,"resize":"fit","w":1024},"small":{"h":227,"resize":"fit","w":340},"medium":{"h":402,"resize":"fit","w":600},"thumb":{"h":150,"resize":"crop","w":150}},"indices":[90,112],"type":"photo","id":552792771195437056,"media_url":"http:\/\/pbs.twimg.com\/media\/B6vqGLmCAAAD26y.jpg"}]},"in_reply_to_screen_name":"AFPphoto","id_str":"552793901866971136","retweet_count":1,"in_reply_to_user_id":868112707,"favorited":false,"user":{"follow_request_sent":false,"profile_use_background_image":true,"profile_text_color":"333333","default_profile_image":false,"id":526226529,"profile_background_image_url_https":"https:\/\/pbs.twimg.com\/profile_background_images\/663444900\/14roqtpqnwxdp6r02m58.jpeg","verified":false,"profile_location":null,"profile_image_url_https":"https:\/\/pbs.twimg.com\/profile_images\/560719569296588800\/hdo6YW1j_normal.jpeg","profile_sidebar_fill_color":"DDEEF6","entities":{"url":{"urls":[{"url":"http:\/\/t.co\/T5UzTt5qI6","indices":[0,22],"expanded_url":"http:\/\/aninfinityofhypotheses.wordpress.com\/","display_url":"aninfinityofhypotheses.wordpress.com"}]},"description":{"urls":[{"url":"http:\/\/t.co\/rpyRszf7Z3","indices":[136,158],"expanded_url":"http:\/\/about.me\/alexis.verger","display_url":"about.me\/alexis.verger"}]}},"followers_count":1253,"profile_sidebar_border_color":"000000","id_str":"526226529","profile_background_color":"C0DEED","listed_count":73,"is_translation_enabled":false,"utc_offset":3600,"statuses_count":5012,"description":"Molecular Biologist at the @CNRS. My research focuses on protein structure & function with a special interest in TFs & their cofactors  http:\/\/t.co\/rpyRszf7Z3","friends_count":969,"location":"Lille, France.","profile_link_color":"0084B4","profile_image_url":"http:\/\/pbs.twimg.com\/profile_images\/560719569296588800\/hdo6YW1j_normal.jpeg","following":false,"geo_enabled":false,"profile_banner_url":"https:\/\/pbs.twimg.com\/profile_banners\/526226529\/1352196285","profile_background_image_url":"http:\/\/pbs.twimg.com\/profile_background_images\/663444900\/14roqtpqnwxdp6r02m58.jpeg","name":"Alexis Verger","lang":"en-gb","profile_background_tile":false,"favourites_count":3131,"screen_name":"Alexis_Verger","notifications":false,"url":"http:\/\/t.co\/T5UzTt5qI6","created_at":"Fri Mar 16 09:50:32 +0000 2012","contributors_enabled":false,"time_zone":"Amsterdam","protected":false,"default_profile":false,"is_translator":false},"geo":null,"in_reply_to_user_id_str":"868112707","possibly_sensitive":false,"lang":"en","created_at":"Wed Jan 07 11:48:31 +0000 2015","in_reply_to_status_id_str":"552792802309181440","place":null,"extended_entities":{"media":[{"source_user_id":868112707,"source_status_id_str":"552792802309181440","expanded_url":"http:\/\/twitter.com\/AFPphoto\/status\/552792802309181440\/photo\/1","display_url":"pic.twitter.com\/tzgCctKshB","url":"http:\/\/t.co\/tzgCctKshB","media_url_https":"https:\/\/pbs.twimg.com\/media\/B6vqGLmCAAAD26y.jpg","source_user_id_str":"868112707","source_status_id":552792802309181440,"id_str":"552792771195437056","sizes":{"large":{"h":686,"resize":"fit","w":1024},"small":{"h":227,"resize":"fit","w":340},"medium":{"h":402,"resize":"fit","w":600},"thumb":{"h":150,"resize":"crop","w":150}},"indices":[90,112],"type":"photo","id":552792771195437056,"media_url":"http:\/\/pbs.twimg.com\/media\/B6vqGLmCAAAD26y.jpg"}]}}