{"contributors": null, "truncated": false, "text": "@babsmediabrissy , @lifegallery spotted your photo http://t.co/EGHvdnhkpB", "in_reply_to_status_id": 552808923707617282, "id": 552834504520630274, "favorite_count": 0, "source": "<a href=\"http://lifegallery.co.uk\" rel=\"nofollow\">Life gallery likes</a>", "retweeted": false, "coordinates": null, "entities": {"symbols": [], "user_mentions": [{"id": 102579213, "indices": [0, 16], "id_str": "102579213", "screen_name": "babsmediabrissy", "name": "Christen Hill"}, {"id": 83478067, "indices": [19, 31], "id_str": "83478067", "screen_name": "lifegallery", "name": "eleftherosstratos"}], "hashtags": [], "urls": [{"url": "http://t.co/EGHvdnhkpB", "indices": [51, 73], "expanded_url": "http://lifegallery.co.uk", "display_url": "lifegallery.co.uk"}]}, "in_reply_to_screen_name": "babsmediabrissy", "id_str": "552834504520630274", "retweet_count": 0, "in_reply_to_user_id": 102579213, "favorited": false, "user": {"follow_request_sent": false, "profile_use_background_image": true, "profile_text_color": "333333", "default_profile_image": false, "id": 2484630409, "profile_background_image_url_https": "https://abs.twimg.com/images/themes/theme1/bg.png", "verified": false, "profile_location": null, "profile_image_url_https": "https://pbs.twimg.com/profile_images/472842270161375232/yVCYKFEq_normal.png", "profile_sidebar_fill_color": "DDEEF6", "entities": {"url": {"urls": [{"url": "http://t.co/5xQui9bdrO", "indices": [0, 22], "expanded_url": "http://lifegallery.co.uk", "display_url": "lifegallery.co.uk"}]}, "description": {"urls": []}}, "followers_count": 514, "profile_sidebar_border_color": "C0DEED", "id_str": "2484630409", "profile_background_color": "C0DEED", "listed_count": 8, "is_translation_enabled": false, "utc_offset": 3600, "statuses_count": 9958, "description": "Building the top compilations of twitter pics", "friends_count": 1994, "location": "", "profile_link_color": "83D4D4", "profile_image_url": "http://pbs.twimg.com/profile_images/472842270161375232/yVCYKFEq_normal.png", "following": false, "geo_enabled": false, "profile_banner_url": "https://pbs.twimg.com/profile_banners/2484630409/1403504436", "profile_background_image_url": "http://abs.twimg.com/images/themes/theme1/bg.png", "name": "lifegallery.co.uk", "lang": "en-gb", "profile_background_tile": false, "favourites_count": 2387, "screen_name": "thelifegallery", "notifications": false, "url": "http://t.co/5xQui9bdrO", "created_at": "Thu May 08 21:38:48 +0000 2014", "contributors_enabled": false, "time_zone": "Amsterdam", "protected": false, "default_profile": false, "is_translator": false}, "geo": null, "in_reply_to_user_id_str": "102579213", "possibly_sensitive": false, "lang": "en", "created_at": "Wed Jan 07 14:29:51 +0000 2015", "in_reply_to_status_id_str": "552808923707617282", "place": null}
