{"contributors":null,"truncated":false,"text":"\u201c@AFPphoto: #CharlieHebdo -  11 dead including 2 police in Paris shooting. Photo @MartinBureau1 #AFP http:\/\/t.co\/rYQSyWmQi5\u201d #tragedy","in_reply_to_status_id":552792802309181440,"id":552808923707617282,"favorite_count":0,"source":"<a href=\"http:\/\/twitter.com\/download\/iphone\" rel=\"nofollow\">Twitter for iPhone<\/a>","retweeted":false,"coordinates":null,"entities":{"symbols":[],"user_mentions":[{"id":868112707,"indices":[1,10],"id_str":"868112707","screen_name":"AFPphoto","name":"AFP Photo Department"},{"id":491559119,"indices":[81,95],"id_str":"491559119","screen_name":"MartinBureau1","name":"Martin Bureau"}],"hashtags":[{"indices":[12,25],"text":"CharlieHebdo"},{"indices":[96,100],"text":"AFP"},{"indices":[125,133],"text":"tragedy"}],"urls":[],"media":[{"source_user_id":868112707,"source_status_id_str":"552792802309181440","expanded_url":"http:\/\/twitter.com\/AFPphoto\/status\/552792802309181440\/photo\/1","display_url":"pic.twitter.com\/rYQSyWmQi5","url":"http:\/\/t.co\/rYQSyWmQi5","media_url_https":"https:\/\/pbs.twimg.com\/media\/B6vqGLmCAAAD26y.jpg","source_user_id_str":"868112707","source_status_id":552792802309181440,"id_str":"552792771195437056","sizes":{"large":{"h":686,"resize":"fit","w":1024},"small":{"h":227,"resize":"fit","w":340},"medium":{"h":402,"resize":"fit","w":600},"thumb":{"h":150,"resize":"crop","w":150}},"indices":[101,123],"type":"photo","id":552792771195437056,"media_url":"http:\/\/pbs.twimg.com\/media\/B6vqGLmCAAAD26y.jpg"}]},"in_reply_to_screen_name":"AFPphoto","id_str":"552808923707617282","retweet_count":0,"in_reply_to_user_id":868112707,"favorited":false,"user":{"follow_request_sent":false,"profile_use_background_image":true,"profile_text_color":"0C3E53","default_profile_image":false,"id":102579213,"profile_background_image_url_https":"https:\/\/abs.twimg.com\/images\/themes\/theme12\/bg.gif","verified":false,"profile_location":null,"profile_image_url_https":"https:\/\/pbs.twimg.com\/profile_images\/558242936110845952\/Qnb2VeYn_normal.jpeg","profile_sidebar_fill_color":"FFF7CC","entities":{"description":{"urls":[]}},"followers_count":479,"profile_sidebar_border_color":"F2E195","id_str":"102579213","profile_background_color":"BADFCD","listed_count":11,"is_translation_enabled":false,"utc_offset":36000,"statuses_count":821,"description":"Inquisitive former journo. TV & web content Producer. Media & Comms professional. 2014 was all abt #G20Brisbane, so whats next? @brismarketing #brisbaneanyday","friends_count":1068,"location":"Brisbane","profile_link_color":"FF0000","profile_image_url":"http:\/\/pbs.twimg.com\/profile_images\/558242936110845952\/Qnb2VeYn_normal.jpeg","following":false,"geo_enabled":false,"profile_banner_url":"https:\/\/pbs.twimg.com\/profile_banners\/102579213\/1406698094","profile_background_image_url":"http:\/\/abs.twimg.com\/images\/themes\/theme12\/bg.gif","name":"Christen Hill","lang":"en","profile_background_tile":false,"favourites_count":314,"screen_name":"babsmediabrissy","notifications":false,"url":null,"created_at":"Thu Jan 07 04:49:25 +0000 2010","contributors_enabled":false,"time_zone":"Brisbane","protected":false,"default_profile":false,"is_translator":false},"geo":null,"in_reply_to_user_id_str":"868112707","possibly_sensitive":false,"lang":"en","created_at":"Wed Jan 07 12:48:12 +0000 2015","in_reply_to_status_id_str":"552792802309181440","place":null,"extended_entities":{"media":[{"source_user_id":868112707,"source_status_id_str":"552792802309181440","expanded_url":"http:\/\/twitter.com\/AFPphoto\/status\/552792802309181440\/photo\/1","display_url":"pic.twitter.com\/rYQSyWmQi5","url":"http:\/\/t.co\/rYQSyWmQi5","media_url_https":"https:\/\/pbs.twimg.com\/media\/B6vqGLmCAAAD26y.jpg","source_user_id_str":"868112707","source_status_id":552792802309181440,"id_str":"552792771195437056","sizes":{"large":{"h":686,"resize":"fit","w":1024},"small":{"h":227,"resize":"fit","w":340},"medium":{"h":402,"resize":"fit","w":600},"thumb":{"h":150,"resize":"crop","w":150}},"indices":[101,123],"type":"photo","id":552792771195437056,"media_url":"http:\/\/pbs.twimg.com\/media\/B6vqGLmCAAAD26y.jpg"}]}}