{"contributors": null, "truncated": false, "text": "Horrific \u201c@Independent: BREAKING Charlie Hebdo latest: 11 dead 10 wounded (five critical) two gunmen unaccounted for http://t.co/UjRrLZpXOy", "in_reply_to_status_id": 552792544132997121, "id": 552794125167493120, "favorite_count": 0, "source": "<a href=\"http://twitter.com/download/iphone\" rel=\"nofollow\">Twitter for iPhone</a>", "retweeted": false, "coordinates": null, "entities": {"symbols": [], "user_mentions": [{"id": 16973333, "indices": [10, 22], "id_str": "16973333", "screen_name": "Independent", "name": "The Independent"}], "hashtags": [], "urls": [{"url": "http://t.co/UjRrLZpXOy", "indices": [117, 139], "expanded_url": "http://ind.pn/1zTr6rv", "display_url": "ind.pn/1zTr6rv"}]}, "in_reply_to_screen_name": "Independent", "id_str": "552794125167493120", "retweet_count": 0, "in_reply_to_user_id": 16973333, "favorited": false, "user": {"follow_request_sent": false, "profile_use_background_image": false, "profile_text_color": "333333", "default_profile_image": false, "id": 21527503, "profile_background_image_url_https": "https://pbs.twimg.com/profile_background_images/136657303/x9b918761ecbf6da418753967274a588.jpg", "verified": false, "profile_location": null, "profile_image_url_https": "https://pbs.twimg.com/profile_images/497026140842639361/_oxBdBeH_normal.jpeg", "profile_sidebar_fill_color": "F3F3F3", "entities": {"description": {"urls": []}}, "followers_count": 506, "profile_sidebar_border_color": "DFDFDF", "id_str": "21527503", "profile_background_color": "FFFCFF", "listed_count": 19, "is_translation_enabled": false, "utc_offset": 0, "statuses_count": 1622, "description": "V&A Press Officer. Probably tweeting pictures of my cat.", "friends_count": 967, "location": "London", "profile_link_color": "0F0202", "profile_image_url": "http://pbs.twimg.com/profile_images/497026140842639361/_oxBdBeH_normal.jpeg", "following": false, "geo_enabled": false, "profile_banner_url": "https://pbs.twimg.com/profile_banners/21527503/1409315326", "profile_background_image_url": "http://pbs.twimg.com/profile_background_images/136657303/x9b918761ecbf6da418753967274a588.jpg", "name": "Lucy Hawes", "lang": "en", "profile_background_tile": false, "favourites_count": 33, "screen_name": "LucyHawes", "notifications": false, "url": null, "created_at": "Sat Feb 21 23:33:05 +0000 2009", "contributors_enabled": false, "time_zone": "London", "protected": false, "default_profile": false, "is_translator": false}, "geo": null, "in_reply_to_user_id_str": "16973333", "possibly_sensitive": false, "lang": "en", "created_at": "Wed Jan 07 11:49:24 +0000 2015", "in_reply_to_status_id_str": "552792544132997121", "place": null}
