{"contributors": null, "truncated": false, "text": "Always the provoked of course, was that rhetorical? @RajaChemayel @smallthunderdog @Independent", "in_reply_to_status_id": 552795993553764354, "id": 552798994456674304, "favorite_count": 0, "source": "<a href=\"http://twitter.com\" rel=\"nofollow\">Twitter Web Client</a>", "retweeted": false, "coordinates": null, "entities": {"symbols": [], "user_mentions": [{"id": 258003948, "indices": [52, 65], "id_str": "258003948", "screen_name": "RajaChemayel", "name": "Raja Chemayel"}, {"id": 1651027262, "indices": [66, 82], "id_str": "1651027262", "screen_name": "smallthunderdog", "name": "Small ThunderDog"}, {"id": 16973333, "indices": [83, 95], "id_str": "16973333", "screen_name": "Independent", "name": "The Independent"}], "hashtags": [], "urls": []}, "in_reply_to_screen_name": "RajaChemayel", "id_str": "552798994456674304", "retweet_count": 0, "in_reply_to_user_id": 258003948, "favorited": false, "user": {"follow_request_sent": false, "profile_use_background_image": true, "profile_text_color": "333333", "default_profile_image": false, "id": 2887851225, "profile_background_image_url_https": "https://abs.twimg.com/images/themes/theme1/bg.png", "verified": false, "profile_location": null, "profile_image_url_https": "https://pbs.twimg.com/profile_images/536159000065093632/6BxMR7sZ_normal.jpeg", "profile_sidebar_fill_color": "DDEEF6", "entities": {"description": {"urls": []}}, "followers_count": 206, "profile_sidebar_border_color": "C0DEED", "id_str": "2887851225", "profile_background_color": "C0DEED", "listed_count": 9, "is_translation_enabled": false, "utc_offset": null, "statuses_count": 6375, "description": "I quote dead people", "friends_count": 369, "location": "", "profile_link_color": "0084B4", "profile_image_url": "http://pbs.twimg.com/profile_images/536159000065093632/6BxMR7sZ_normal.jpeg", "following": false, "geo_enabled": false, "profile_background_image_url": "http://abs.twimg.com/images/themes/theme1/bg.png", "name": "Bob Bobson", "lang": "en", "profile_background_tile": false, "favourites_count": 1524, "screen_name": "sonofbobBOB", "notifications": false, "url": null, "created_at": "Sat Nov 22 14:04:28 +0000 2014", "contributors_enabled": false, "time_zone": null, "protected": false, "default_profile": true, "is_translator": false}, "geo": null, "in_reply_to_user_id_str": "258003948", "lang": "en", "created_at": "Wed Jan 07 12:08:45 +0000 2015", "in_reply_to_status_id_str": "552795993553764354", "place": null}
