{"contributors":null,"truncated":false,"text":"@Independent Omg! :-(","in_reply_to_status_id":552792544132997121,"id":552792742842363905,"favorite_count":0,"source":"<a href=\"http:\/\/twitter.com\" rel=\"nofollow\">Twitter Web Client<\/a>","retweeted":false,"coordinates":null,"entities":{"symbols":[],"user_mentions":[{"id":16973333,"indices":[0,12],"id_str":"16973333","screen_name":"Independent","name":"The Independent"}],"hashtags":[],"urls":[]},"in_reply_to_screen_name":"Independent","id_str":"552792742842363905","retweet_count":0,"in_reply_to_user_id":16973333,"favorited":false,"user":{"follow_request_sent":false,"profile_use_background_image":true,"profile_text_color":"333333","default_profile_image":false,"id":20064015,"profile_background_image_url_https":"https:\/\/abs.twimg.com\/images\/themes\/theme16\/bg.gif","verified":false,"profile_location":null,"profile_image_url_https":"https:\/\/pbs.twimg.com\/profile_images\/568564686200012800\/1p0C7T8C_normal.jpeg","profile_sidebar_fill_color":"DDFFCC","entities":{"url":{"urls":[{"url":"http:\/\/t.co\/wab0yh40Zx","indices":[0,22],"expanded_url":"http:\/\/www.juniorgalarce.com","display_url":"juniorgalarce.com"}]},"description":{"urls":[]}},"followers_count":1901,"profile_sidebar_border_color":"BDDCAD","id_str":"20064015","profile_background_color":"9AE4E8","listed_count":7,"is_translation_enabled":false,"utc_offset":-14400,"statuses_count":6387,"description":"Entrepreneur, student and world traveller.","friends_count":512,"location":"Brazil","profile_link_color":"0084B4","profile_image_url":"http:\/\/pbs.twimg.com\/profile_images\/568564686200012800\/1p0C7T8C_normal.jpeg","following":false,"geo_enabled":true,"profile_banner_url":"https:\/\/pbs.twimg.com\/profile_banners\/20064015\/1418643085","profile_background_image_url":"http:\/\/abs.twimg.com\/images\/themes\/theme16\/bg.gif","name":"Junior Galarce","lang":"en","profile_background_tile":false,"favourites_count":4417,"screen_name":"juniorgalarce","notifications":false,"url":"http:\/\/t.co\/wab0yh40Zx","created_at":"Wed Feb 04 16:04:03 +0000 2009","contributors_enabled":false,"time_zone":"Atlantic Time (Canada)","protected":false,"default_profile":false,"is_translator":false},"geo":null,"in_reply_to_user_id_str":"16973333","lang":"und","created_at":"Wed Jan 07 11:43:54 +0000 2015","in_reply_to_status_id_str":"552792544132997121","place":{"full_name":"Dourados, Mato Grosso do Sul","url":"https:\/\/api.twitter.com\/1.1\/geo\/id\/9ae7de89f4e0fcc0.json","country":"Brasil","place_type":"city","bounding_box":{"type":"Polygon","coordinates":[[[-55.521651,-22.441805],[-54.200922,-22.441805],[-54.200922,-21.880052],[-55.521651,-21.880052]]]},"contained_within":[],"country_code":"BR","attributes":{},"id":"9ae7de89f4e0fcc0","name":"Dourados"}}