{"contributors":null,"truncated":false,"text":"@RajaChemayel @smallthunderdog @Independent the provoked.","in_reply_to_status_id":552795993553764354,"id":552798917541511169,"favorite_count":0,"source":"<a href=\"http:\/\/twitter.com\" rel=\"nofollow\">Twitter Web Client<\/a>","retweeted":false,"coordinates":null,"entities":{"symbols":[],"user_mentions":[{"id":258003948,"indices":[0,13],"id_str":"258003948","screen_name":"RajaChemayel","name":"Raja Chemayel"},{"id":1651027262,"indices":[14,30],"id_str":"1651027262","screen_name":"smallthunderdog","name":"Small ThunderDog"},{"id":16973333,"indices":[31,43],"id_str":"16973333","screen_name":"Independent","name":"The Independent"}],"hashtags":[],"urls":[]},"in_reply_to_screen_name":"RajaChemayel","id_str":"552798917541511169","retweet_count":0,"in_reply_to_user_id":258003948,"favorited":false,"user":{"follow_request_sent":false,"profile_use_background_image":false,"profile_text_color":"000000","default_profile_image":false,"id":443899044,"profile_background_image_url_https":"https:\/\/pbs.twimg.com\/profile_background_images\/514806738101366785\/RMPKiifr.jpeg","verified":false,"profile_location":null,"profile_image_url_https":"https:\/\/pbs.twimg.com\/profile_images\/590418728170422272\/D5jxivJg_normal.jpg","profile_sidebar_fill_color":"000000","entities":{"url":{"urls":[{"url":"http:\/\/t.co\/GQ7g5jsIvv","indices":[0,22],"expanded_url":"http:\/\/www.JeSuisChalkie.com","display_url":"JeSuisChalkie.com"}]},"description":{"urls":[]}},"followers_count":323,"profile_sidebar_border_color":"FFFFFF","id_str":"443899044","profile_background_color":"ACDED6","listed_count":2,"is_translation_enabled":false,"utc_offset":null,"statuses_count":16498,"description":"Hates Hypocrites and distrusts leftys,rightys, darkies and whities #JeSuisChalkie transnigger, cos not right mentally doesnt answer to slave name.","friends_count":602,"location":"south east sussex","profile_link_color":"DD2E44","profile_image_url":"http:\/\/pbs.twimg.com\/profile_images\/590418728170422272\/D5jxivJg_normal.jpg","following":false,"geo_enabled":true,"profile_banner_url":"https:\/\/pbs.twimg.com\/profile_banners\/443899044\/1421066654","profile_background_image_url":"http:\/\/pbs.twimg.com\/profile_background_images\/514806738101366785\/RMPKiifr.jpeg","name":"Tumescent Totsi","lang":"en","profile_background_tile":false,"favourites_count":4019,"screen_name":"cpjskippy","notifications":false,"url":"http:\/\/t.co\/GQ7g5jsIvv","created_at":"Thu Dec 22 17:24:21 +0000 2011","contributors_enabled":false,"time_zone":null,"protected":false,"default_profile":false,"is_translator":false},"geo":null,"in_reply_to_user_id_str":"258003948","lang":"en","created_at":"Wed Jan 07 12:08:27 +0000 2015","in_reply_to_status_id_str":"552795993553764354","place":null}