{"contributors": null, "truncated": false, "text": "You are a mad cunt @RajaChemayel @cpjskippy @Independent  go fuck yourself http://t.co/3Kh0DZNLqn", "in_reply_to_status_id": 552805237510385664, "id": 552805557896482816, "favorite_count": 0, "source": "<a href=\"http://twitter.com/download/iphone\" rel=\"nofollow\">Twitter for iPhone</a>", "retweeted": false, "coordinates": null, "entities": {"symbols": [], "user_mentions": [{"id": 258003948, "indices": [19, 32], "id_str": "258003948", "screen_name": "RajaChemayel", "name": "Raja Chemayel"}, {"id": 443899044, "indices": [33, 43], "id_str": "443899044", "screen_name": "cpjskippy", "name": "Tumescent Totsi"}, {"id": 16973333, "indices": [44, 56], "id_str": "16973333", "screen_name": "Independent", "name": "The Independent"}], "hashtags": [], "urls": [], "media": [{"expanded_url": "http://twitter.com/smallthunderdog/status/552805557896482816/photo/1", "display_url": "pic.twitter.com/3Kh0DZNLqn", "url": "http://t.co/3Kh0DZNLqn", "media_url_https": "https://pbs.twimg.com/media/B6v1t9UIIAAbjwX.jpg", "id_str": "552805549184917504", "sizes": {"small": {"h": 203, "resize": "fit", "w": 340}, "large": {"h": 570, "resize": "fit", "w": 950}, "medium": {"h": 359, "resize": "fit", "w": 600}, "thumb": {"h": 150, "resize": "crop", "w": 150}}, "indices": [75, 97], "type": "photo", "id": 552805549184917504, "media_url": "http://pbs.twimg.com/media/B6v1t9UIIAAbjwX.jpg"}]}, "in_reply_to_screen_name": "RajaChemayel", "id_str": "552805557896482816", "retweet_count": 3, "in_reply_to_user_id": 258003948, "favorited": false, "user": {"follow_request_sent": false, "profile_use_background_image": true, "profile_text_color": "333333", "default_profile_image": false, "id": 1651027262, "profile_background_image_url_https": "https://abs.twimg.com/images/themes/theme1/bg.png", "verified": false, "profile_location": null, "profile_image_url_https": "https://pbs.twimg.com/profile_images/550214275521077248/lB2mx89x_normal.jpeg", "profile_sidebar_fill_color": "DDEEF6", "entities": {"url": {"urls": [{"url": "http://t.co/NgZilBhJX3", "indices": [0, 22], "expanded_url": "http://smallthunderdog.wordpress.com", "display_url": "smallthunderdog.wordpress.com"}]}, "description": {"urls": []}}, "followers_count": 755, "profile_sidebar_border_color": "C0DEED", "id_str": "1651027262", "profile_background_color": "C0DEED", "listed_count": 14, "is_translation_enabled": false, "utc_offset": null, "statuses_count": 21769, "description": "Look at my fucking STICK!!!", "friends_count": 927, "location": "Valhalla ", "profile_link_color": "0084B4", "profile_image_url": "http://pbs.twimg.com/profile_images/550214275521077248/lB2mx89x_normal.jpeg", "following": false, "geo_enabled": false, "profile_banner_url": "https://pbs.twimg.com/profile_banners/1651027262/1420016284", "profile_background_image_url": "http://abs.twimg.com/images/themes/theme1/bg.png", "name": "Small ThunderDog", "lang": "en-gb", "profile_background_tile": false, "favourites_count": 2946, "screen_name": "smallthunderdog", "notifications": false, "url": "http://t.co/NgZilBhJX3", "created_at": "Tue Aug 06 19:14:12 +0000 2013", "contributors_enabled": false, "time_zone": null, "protected": false, "default_profile": true, "is_translator": false}, "geo": null, "in_reply_to_user_id_str": "258003948", "possibly_sensitive": false, "lang": "en", "created_at": "Wed Jan 07 12:34:50 +0000 2015", "in_reply_to_status_id_str": "552805237510385664", "place": null, "extended_entities": {"media": [{"expanded_url": "http://twitter.com/smallthunderdog/status/552805557896482816/photo/1", "display_url": "pic.twitter.com/3Kh0DZNLqn", "url": "http://t.co/3Kh0DZNLqn", "media_url_https": "https://pbs.twimg.com/media/B6v1t9UIIAAbjwX.jpg", "id_str": "552805549184917504", "sizes": {"small": {"h": 203, "resize": "fit", "w": 340}, "large": {"h": 570, "resize": "fit", "w": 950}, "medium": {"h": 359, "resize": "fit", "w": 600}, "thumb": {"h": 150, "resize": "crop", "w": 150}}, "indices": [75, 97], "type": "photo", "id": 552805549184917504, "media_url": "http://pbs.twimg.com/media/B6v1t9UIIAAbjwX.jpg"}]}}
