{"contributors": null, "truncated": false, "text": "@smallthunderdog @RajaChemayel @cpjskippy @Independent invitation to go how far?", "in_reply_to_status_id": 552805557896482816, "id": 552806438629048320, "favorite_count": 0, "source": "<a href=\"http://twitter.com/download/iphone\" rel=\"nofollow\">Twitter for iPhone</a>", "retweeted": false, "coordinates": null, "entities": {"symbols": [], "user_mentions": [{"id": 1651027262, "indices": [0, 16], "id_str": "1651027262", "screen_name": "smallthunderdog", "name": "Small ThunderDog"}, {"id": 258003948, "indices": [17, 30], "id_str": "258003948", "screen_name": "RajaChemayel", "name": "Raja Chemayel"}, {"id": 443899044, "indices": [31, 41], "id_str": "443899044", "screen_name": "cpjskippy", "name": "Tumescent Totsi"}, {"id": 16973333, "indices": [42, 54], "id_str": "16973333", "screen_name": "Independent", "name": "The Independent"}], "hashtags": [], "urls": []}, "in_reply_to_screen_name": "smallthunderdog", "id_str": "552806438629048320", "retweet_count": 0, "in_reply_to_user_id": 1651027262, "favorited": false, "user": {"follow_request_sent": false, "profile_use_background_image": true, "profile_text_color": "333333", "default_profile_image": false, "id": 236537745, "profile_background_image_url_https": "https://abs.twimg.com/images/themes/theme1/bg.png", "verified": false, "profile_location": null, "profile_image_url_https": "https://pbs.twimg.com/profile_images/556069889254121472/1m2TA0_d_normal.jpeg", "profile_sidebar_fill_color": "DDEEF6", "entities": {"description": {"urls": []}}, "followers_count": 45, "profile_sidebar_border_color": "C0DEED", "id_str": "236537745", "profile_background_color": "C0DEED", "listed_count": 0, "is_translation_enabled": false, "utc_offset": null, "statuses_count": 748, "description": "charcot-marie-tooth, the biggest 3 names I almost never knew.\nall opinions are personal not representative of any company I work for or have association with.", "friends_count": 118, "location": "", "profile_link_color": "0084B4", "profile_image_url": "http://pbs.twimg.com/profile_images/556069889254121472/1m2TA0_d_normal.jpeg", "following": false, "geo_enabled": false, "profile_background_image_url": "http://abs.twimg.com/images/themes/theme1/bg.png", "name": "Neil Dowling", "lang": "en", "profile_background_tile": false, "favourites_count": 368, "screen_name": "Neilinbrum", "notifications": false, "url": null, "created_at": "Mon Jan 10 20:32:55 +0000 2011", "contributors_enabled": false, "time_zone": null, "protected": false, "default_profile": true, "is_translator": false}, "geo": null, "in_reply_to_user_id_str": "1651027262", "lang": "en", "created_at": "Wed Jan 07 12:38:20 +0000 2015", "in_reply_to_status_id_str": "552805557896482816", "place": null}
