{"contributors": null, "truncated": false, "text": "@RajaChemayel @smallthunderdog @cpjskippy @Independent To murder? In the name of a peaceful religion?", "in_reply_to_status_id": 552806259767123968, "id": 552808594228670465, "favorite_count": 0, "source": "<a href=\"http://twitter.com/download/iphone\" rel=\"nofollow\">Twitter for iPhone</a>", "retweeted": false, "coordinates": null, "entities": {"symbols": [], "user_mentions": [{"id": 258003948, "indices": [0, 13], "id_str": "258003948", "screen_name": "RajaChemayel", "name": "Raja Chemayel"}, {"id": 1651027262, "indices": [14, 30], "id_str": "1651027262", "screen_name": "smallthunderdog", "name": "Small ThunderDog"}, {"id": 443899044, "indices": [31, 41], "id_str": "443899044", "screen_name": "cpjskippy", "name": "Tumescent Totsi"}, {"id": 16973333, "indices": [42, 54], "id_str": "16973333", "screen_name": "Independent", "name": "The Independent"}], "hashtags": [], "urls": []}, "in_reply_to_screen_name": "RajaChemayel", "id_str": "552808594228670465", "retweet_count": 0, "in_reply_to_user_id": 258003948, "favorited": false, "user": {"follow_request_sent": false, "profile_use_background_image": true, "profile_text_color": "333333", "default_profile_image": false, "id": 2406528461, "profile_background_image_url_https": "https://abs.twimg.com/images/themes/theme1/bg.png", "verified": false, "profile_location": null, "profile_image_url_https": "https://pbs.twimg.com/profile_images/480062861331660800/l1tftKjV_normal.jpeg", "profile_sidebar_fill_color": "DDEEF6", "entities": {"description": {"urls": []}}, "followers_count": 93, "profile_sidebar_border_color": "C0DEED", "id_str": "2406528461", "profile_background_color": "C0DEED", "listed_count": 1, "is_translation_enabled": false, "utc_offset": null, "statuses_count": 1606, "description": "No labels, pigeon holes or boxes here. Just one woman's stuff and nonsense. Following you doesn't indicate agreement.", "friends_count": 178, "location": "UK", "profile_link_color": "0084B4", "profile_image_url": "http://pbs.twimg.com/profile_images/480062861331660800/l1tftKjV_normal.jpeg", "following": false, "geo_enabled": false, "profile_banner_url": "https://pbs.twimg.com/profile_banners/2406528461/1401089796", "profile_background_image_url": "http://abs.twimg.com/images/themes/theme1/bg.png", "name": "Fi Baker", "lang": "en", "profile_background_tile": false, "favourites_count": 191, "screen_name": "fmjbaker", "notifications": false, "url": null, "created_at": "Thu Mar 13 03:47:51 +0000 2014", "contributors_enabled": false, "time_zone": null, "protected": false, "default_profile": true, "is_translator": false}, "geo": null, "in_reply_to_user_id_str": "258003948", "lang": "en", "created_at": "Wed Jan 07 12:46:54 +0000 2015", "in_reply_to_status_id_str": "552806259767123968", "place": null}
