{"contributors": null, "truncated": false, "text": "....an invitation to grow the fuck up and stop being touchy, murderous bastards? @RajaChemayel @cpjskippy @smallthunderdog @Independent", "in_reply_to_status_id": 552805237510385664, "id": 552816964436230144, "favorite_count": 0, "source": "<a href=\"http://twitter.com/download/android\" rel=\"nofollow\">Twitter for Android</a>", "retweeted": false, "coordinates": null, "entities": {"symbols": [], "user_mentions": [{"id": 258003948, "indices": [81, 94], "id_str": "258003948", "screen_name": "RajaChemayel", "name": "Raja Chemayel"}, {"id": 443899044, "indices": [95, 105], "id_str": "443899044", "screen_name": "cpjskippy", "name": "Tumescent Totsi"}, {"id": 1651027262, "indices": [106, 122], "id_str": "1651027262", "screen_name": "smallthunderdog", "name": "Small ThunderDog"}, {"id": 16973333, "indices": [123, 135], "id_str": "16973333", "screen_name": "Independent", "name": "The Independent"}], "hashtags": [], "urls": []}, "in_reply_to_screen_name": "RajaChemayel", "id_str": "552816964436230144", "retweet_count": 0, "in_reply_to_user_id": 258003948, "favorited": false, "user": {"follow_request_sent": false, "profile_use_background_image": true, "profile_text_color": "333333", "default_profile_image": false, "id": 584977551, "profile_background_image_url_https": "https://abs.twimg.com/images/themes/theme1/bg.png", "verified": false, "profile_location": null, "profile_image_url_https": "https://pbs.twimg.com/profile_images/548465731613245440/AkjaR6Ka_normal.jpeg", "profile_sidebar_fill_color": "DDEEF6", "entities": {"description": {"urls": []}}, "followers_count": 336, "profile_sidebar_border_color": "C0DEED", "id_str": "584977551", "profile_background_color": "C0DEED", "listed_count": 7, "is_translation_enabled": false, "utc_offset": null, "statuses_count": 32443, "description": "Akitas, Joy Division, Land Rovers, Motorbikes, The Sisters of Mercy, animals, alcohol, travel", "friends_count": 169, "location": "Under the rainbow bridge", "profile_link_color": "0084B4", "profile_image_url": "http://pbs.twimg.com/profile_images/548465731613245440/AkjaR6Ka_normal.jpeg", "following": false, "geo_enabled": true, "profile_banner_url": "https://pbs.twimg.com/profile_banners/584977551/1348314883", "profile_background_image_url": "http://abs.twimg.com/images/themes/theme1/bg.png", "name": "Herr Weltschmerz ", "lang": "en", "profile_background_tile": false, "favourites_count": 14981, "screen_name": "bushmanpm", "notifications": false, "url": null, "created_at": "Sat May 19 16:23:07 +0000 2012", "contributors_enabled": false, "time_zone": null, "protected": false, "default_profile": true, "is_translator": false}, "geo": null, "in_reply_to_user_id_str": "258003948", "lang": "en", "created_at": "Wed Jan 07 13:20:09 +0000 2015", "in_reply_to_status_id_str": "552805237510385664", "place": null}
