{"contributors": null, "truncated": false, "text": "@smallthunderdog @cpjskippy @Independent \na provocation is an invitation !!", "in_reply_to_status_id": 552805557896482816, "id": 552805909425307648, "favorite_count": 0, "source": "<a href=\"http://twitter.com\" rel=\"nofollow\">Twitter Web Client</a>", "retweeted": false, "coordinates": null, "entities": {"symbols": [], "user_mentions": [{"id": 1651027262, "indices": [0, 16], "id_str": "1651027262", "screen_name": "smallthunderdog", "name": "Small ThunderDog"}, {"id": 443899044, "indices": [17, 27], "id_str": "443899044", "screen_name": "cpjskippy", "name": "Tumescent Totsi"}, {"id": 16973333, "indices": [28, 40], "id_str": "16973333", "screen_name": "Independent", "name": "The Independent"}], "hashtags": [], "urls": []}, "in_reply_to_screen_name": "smallthunderdog", "id_str": "552805909425307648", "retweet_count": 0, "in_reply_to_user_id": 1651027262, "favorited": false, "user": {"follow_request_sent": false, "profile_use_background_image": true, "profile_text_color": "333333", "default_profile_image": false, "id": 258003948, "profile_background_image_url_https": "https://abs.twimg.com/images/themes/theme1/bg.png", "verified": false, "profile_location": null, "profile_image_url_https": "https://pbs.twimg.com/profile_images/509079723339554816/VrffeJBy_normal.jpeg", "profile_sidebar_fill_color": "DDEEF6", "entities": {"url": {"urls": [{"url": "http://t.co/LERF1tfJNc", "indices": [0, 22], "expanded_url": "http://frustratedarabdiary.blogspot.com", "display_url": "frustratedarabdiary.blogspot.com"}]}, "description": {"urls": []}}, "followers_count": 1490, "profile_sidebar_border_color": "C0DEED", "id_str": "258003948", "profile_background_color": "C0DEED", "listed_count": 85, "is_translation_enabled": false, "utc_offset": 3600, "statuses_count": 28623, "description": "Lebanese residing in Amsterdam since 1975 \nA  Beirutee,Lebanese,Syrian,Arab,socialist\n\nOtherwise.....nothing special !!", "friends_count": 719, "location": "Amsterdam", "profile_link_color": "0084B4", "profile_image_url": "http://pbs.twimg.com/profile_images/509079723339554816/VrffeJBy_normal.jpeg", "following": false, "geo_enabled": true, "profile_background_image_url": "http://abs.twimg.com/images/themes/theme1/bg.png", "name": "Raja Chemayel", "lang": "en", "profile_background_tile": false, "favourites_count": 5327, "screen_name": "RajaChemayel", "notifications": false, "url": "http://t.co/LERF1tfJNc", "created_at": "Sat Feb 26 19:07:45 +0000 2011", "contributors_enabled": false, "time_zone": "Amsterdam", "protected": false, "default_profile": true, "is_translator": false}, "geo": null, "in_reply_to_user_id_str": "1651027262", "lang": "en", "created_at": "Wed Jan 07 12:36:14 +0000 2015", "in_reply_to_status_id_str": "552805557896482816", "place": {"full_name": "Amsterdam, North Holland", "url": "https://api.twitter.com/1.1/geo/id/99cdab25eddd6bce.json", "country": "Nederland", "place_type": "city", "bounding_box": {"type": "Polygon", "coordinates": [[[4.7288999, 52.2782266], [5.0792072, 52.2782266], [5.0792072, 52.4312289], [4.7288999, 52.4312289]]]}, "contained_within": [], "country_code": "NL", "attributes": {}, "id": "99cdab25eddd6bce", "name": "Amsterdam"}}
