{"contributors": null, "truncated": false, "text": "Beautiful: MT @tmpear courtesy of Banksy. #JeSuisCharlie http://t.co/o0KtmVUAAd #France", "in_reply_to_status_id": 552978099357237248, "id": 552982992248123393, "favorite_count": 2, "source": "<a href=\"http://twitter.com/download/iphone\" rel=\"nofollow\">Twitter for iPhone</a>", "retweeted": false, "coordinates": null, "entities": {"symbols": [], "user_mentions": [{"id": 212369763, "indices": [14, 21], "id_str": "212369763", "screen_name": "tmpear", "name": "Tim Pearson"}], "hashtags": [{"indices": [42, 56], "text": "JeSuisCharlie"}, {"indices": [80, 87], "text": "France"}], "urls": [], "media": [{"source_user_id": 212369763, "source_status_id_str": "552978099357237248", "expanded_url": "http://twitter.com/tmpear/status/552978099357237248/photo/1", "display_url": "pic.twitter.com/o0KtmVUAAd", "url": "http://t.co/o0KtmVUAAd", "media_url_https": "https://pbs.twimg.com/media/B6ySpqSCYAA3GVL.png", "source_user_id_str": "212369763", "source_status_id": 552978099357237248, "id_str": "552978098681962496", "sizes": {"large": {"h": 750, "resize": "fit", "w": 750}, "small": {"h": 340, "resize": "fit", "w": 340}, "medium": {"h": 600, "resize": "fit", "w": 600}, "thumb": {"h": 150, "resize": "crop", "w": 150}}, "indices": [57, 79], "type": "photo", "id": 552978098681962496, "media_url": "http://pbs.twimg.com/media/B6ySpqSCYAA3GVL.png"}]}, "in_reply_to_screen_name": "tmpear", "id_str": "552982992248123393", "retweet_count": 0, "in_reply_to_user_id": 212369763, "favorited": false, "user": {"follow_request_sent": false, "profile_use_background_image": true, "profile_text_color": "333333", "default_profile_image": false, "id": 189654054, "profile_background_image_url_https": "https://abs.twimg.com/images/themes/theme7/bg.gif", "verified": false, "profile_location": null, "profile_image_url_https": "https://pbs.twimg.com/profile_images/516273613301755904/pxcur4_B_normal.jpeg", "profile_sidebar_fill_color": "F3F3F3", "entities": {"url": {"urls": [{"url": "https://t.co/vgORWAZEpj", "indices": [0, 23], "expanded_url": "https://www.linkedin.com/in/wardrachel", "display_url": "linkedin.com/in/wardrachel"}]}, "description": {"urls": []}}, "followers_count": 999, "profile_sidebar_border_color": "DFDFDF", "id_str": "189654054", "profile_background_color": "EBEBEB", "listed_count": 47, "is_translation_enabled": false, "utc_offset": -18000, "statuses_count": 4828, "description": "I'm a freelance journalist, master student @ukings, publisher @KingsWatch & labour bureau chief @CanUniPress", "friends_count": 1984, "location": "Halifax, Nova Scotia", "profile_link_color": "990000", "profile_image_url": "http://pbs.twimg.com/profile_images/516273613301755904/pxcur4_B_normal.jpeg", "following": false, "geo_enabled": true, "profile_banner_url": "https://pbs.twimg.com/profile_banners/189654054/1398206407", "profile_background_image_url": "http://abs.twimg.com/images/themes/theme7/bg.gif", "name": "Rachel Ward", "lang": "en", "profile_background_tile": false, "favourites_count": 339, "screen_name": "wardrachel", "notifications": false, "url": "https://t.co/vgORWAZEpj", "created_at": "Sat Sep 11 21:27:47 +0000 2010", "contributors_enabled": false, "time_zone": "Eastern Time (US & Canada)", "protected": false, "default_profile": false, "is_translator": false}, "geo": null, "in_reply_to_user_id_str": "212369763", "possibly_sensitive": false, "lang": "en", "created_at": "Thu Jan 08 00:19:53 +0000 2015", "in_reply_to_status_id_str": "552978099357237248", "place": null, "extended_entities": {"media": [{"source_user_id": 212369763, "source_status_id_str": "552978099357237248", "expanded_url": "http://twitter.com/tmpear/status/552978099357237248/photo/1", "display_url": "pic.twitter.com/o0KtmVUAAd", "url": "http://t.co/o0KtmVUAAd", "media_url_https": "https://pbs.twimg.com/media/B6ySpqSCYAA3GVL.png", "source_user_id_str": "212369763", "source_status_id": 552978099357237248, "id_str": "552978098681962496", "sizes": {"large": {"h": 750, "resize": "fit", "w": 750}, "small": {"h": 340, "resize": "fit", "w": 340}, "medium": {"h": 600, "resize": "fit", "w": 600}, "thumb": {"h": 150, "resize": "crop", "w": 150}}, "indices": [57, 79], "type": "photo", "id": 552978098681962496, "media_url": "http://pbs.twimg.com/media/B6ySpqSCYAA3GVL.png"}]}}
