{"contributors": null, "truncated": false, "text": "+1 | @tmpear : \"Most compelling image I've seen to come out of horrifying events in Paris, courtesy of Banksy. http://t.co/oiJGtPzm6O\u201d", "in_reply_to_status_id": 552978099357237248, "id": 552988724288827395, "favorite_count": 0, "source": "<a href=\"http://twitter.com/download/iphone\" rel=\"nofollow\">Twitter for iPhone</a>", "retweeted": false, "coordinates": null, "entities": {"symbols": [], "user_mentions": [{"id": 212369763, "indices": [5, 12], "id_str": "212369763", "screen_name": "tmpear", "name": "Tim Pearson"}], "hashtags": [], "urls": [], "media": [{"source_user_id": 212369763, "source_status_id_str": "552978099357237248", "expanded_url": "http://twitter.com/tmpear/status/552978099357237248/photo/1", "display_url": "pic.twitter.com/oiJGtPzm6O", "url": "http://t.co/oiJGtPzm6O", "media_url_https": "https://pbs.twimg.com/media/B6ySpqSCYAA3GVL.png", "source_user_id_str": "212369763", "source_status_id": 552978099357237248, "id_str": "552978098681962496", "sizes": {"large": {"h": 750, "resize": "fit", "w": 750}, "small": {"h": 340, "resize": "fit", "w": 340}, "medium": {"h": 600, "resize": "fit", "w": 600}, "thumb": {"h": 150, "resize": "crop", "w": 150}}, "indices": [111, 133], "type": "photo", "id": 552978098681962496, "media_url": "http://pbs.twimg.com/media/B6ySpqSCYAA3GVL.png"}]}, "in_reply_to_screen_name": "tmpear", "id_str": "552988724288827395", "retweet_count": 0, "in_reply_to_user_id": 212369763, "favorited": false, "user": {"follow_request_sent": false, "profile_use_background_image": true, "profile_text_color": "634047", "default_profile_image": false, "id": 16221997, "profile_background_image_url_https": "https://abs.twimg.com/images/themes/theme3/bg.gif", "verified": false, "profile_location": null, "profile_image_url_https": "https://pbs.twimg.com/profile_images/59831664/lunettes2_normal.jpg", "profile_sidebar_fill_color": "E3E2DE", "entities": {"description": {"urls": []}}, "followers_count": 650, "profile_sidebar_border_color": "D3D2CF", "id_str": "16221997", "profile_background_color": "EDECE9", "listed_count": 47, "is_translation_enabled": false, "utc_offset": -18000, "statuses_count": 3384, "description": "Conseiller p\u00e9dagogique de fran\u00e7ais, papa de 3 enfants, j'adore la musique et le hockey. Je m'int\u00e9resse \u00e0 l'impact des TIC en \u00e9ducation. Je n'ai rien \u00e0 vendre.", "friends_count": 503, "location": "Sainte-Agathe-des-Monts, Qc", "profile_link_color": "088253", "profile_image_url": "http://pbs.twimg.com/profile_images/59831664/lunettes2_normal.jpg", "following": false, "geo_enabled": false, "profile_background_image_url": "http://abs.twimg.com/images/themes/theme3/bg.gif", "name": "Pierre-Hugues Dupuis", "lang": "fr", "profile_background_tile": false, "favourites_count": 3, "screen_name": "ph_dupuis", "notifications": false, "url": null, "created_at": "Wed Sep 10 15:06:16 +0000 2008", "contributors_enabled": false, "time_zone": "Eastern Time (US & Canada)", "protected": false, "default_profile": false, "is_translator": false}, "geo": null, "in_reply_to_user_id_str": "212369763", "possibly_sensitive": false, "lang": "en", "created_at": "Thu Jan 08 00:42:40 +0000 2015", "in_reply_to_status_id_str": "552978099357237248", "place": null, "extended_entities": {"media": [{"source_user_id": 212369763, "source_status_id_str": "552978099357237248", "expanded_url": "http://twitter.com/tmpear/status/552978099357237248/photo/1", "display_url": "pic.twitter.com/oiJGtPzm6O", "url": "http://t.co/oiJGtPzm6O", "media_url_https": "https://pbs.twimg.com/media/B6ySpqSCYAA3GVL.png", "source_user_id_str": "212369763", "source_status_id": 552978099357237248, "id_str": "552978098681962496", "sizes": {"large": {"h": 750, "resize": "fit", "w": 750}, "small": {"h": 340, "resize": "fit", "w": 340}, "medium": {"h": 600, "resize": "fit", "w": 600}, "thumb": {"h": 150, "resize": "crop", "w": 150}}, "indices": [111, 133], "type": "photo", "id": 552978098681962496, "media_url": "http://pbs.twimg.com/media/B6ySpqSCYAA3GVL.png"}]}}
