{"contributors":null,"truncated":false,"text":"@tmpear @HenryEChang It is brilliant but it is not by Banksy its by @LucilleClerc","in_reply_to_status_id":552978099357237248,"id":553199352060325888,"favorite_count":1,"source":"<a href=\"http:\/\/twitter.com\" rel=\"nofollow\">Twitter Web Client<\/a>","retweeted":false,"coordinates":null,"entities":{"symbols":[],"user_mentions":[{"id":212369763,"indices":[0,7],"id_str":"212369763","screen_name":"tmpear","name":"Tim Pearson"},{"id":57406450,"indices":[8,20],"id_str":"57406450","screen_name":"HenryEChang","name":"Henry E. Chang"},{"id":994994552,"indices":[68,81],"id_str":"994994552","screen_name":"LucilleClerc","name":"Lucille Clerc "}],"hashtags":[],"urls":[]},"in_reply_to_screen_name":"tmpear","id_str":"553199352060325888","retweet_count":0,"in_reply_to_user_id":212369763,"favorited":false,"user":{"follow_request_sent":false,"profile_use_background_image":false,"profile_text_color":"333333","default_profile_image":false,"id":2215514245,"profile_background_image_url_https":"https:\/\/pbs.twimg.com\/profile_background_images\/464364666466996224\/DnWYjQTs.jpeg","verified":false,"profile_location":null,"profile_image_url_https":"https:\/\/pbs.twimg.com\/profile_images\/568344147937857536\/niC28TlE_normal.jpeg","profile_sidebar_fill_color":"DDEEF6","entities":{"url":{"urls":[{"url":"http:\/\/t.co\/zE5FtWrxWV","indices":[0,22],"expanded_url":"http:\/\/www.worldhepatitisday.org","display_url":"worldhepatitisday.org"}]},"description":{"urls":[]}},"followers_count":321,"profile_sidebar_border_color":"000000","id_str":"2215514245","profile_background_color":"000000","listed_count":6,"is_translation_enabled":false,"utc_offset":0,"statuses_count":2360,"description":"Programme Manager World Hepatitis Day. Former CBNRM consultant & humanitarian aid worker.  Tweets & views are my own: follow @hep_alliance for official tweets","friends_count":640,"location":"London","profile_link_color":"1497C7","profile_image_url":"http:\/\/pbs.twimg.com\/profile_images\/568344147937857536\/niC28TlE_normal.jpeg","following":false,"geo_enabled":true,"profile_banner_url":"https:\/\/pbs.twimg.com\/profile_banners\/2215514245\/1414153213","profile_background_image_url":"http:\/\/pbs.twimg.com\/profile_background_images\/464364666466996224\/DnWYjQTs.jpeg","name":"Dylan O'Sullivan","lang":"en-gb","profile_background_tile":false,"favourites_count":588,"screen_name":"Dylan_0S","notifications":false,"url":"http:\/\/t.co\/zE5FtWrxWV","created_at":"Tue Nov 26 10:45:59 +0000 2013","contributors_enabled":false,"time_zone":"London","protected":false,"default_profile":false,"is_translator":false},"geo":null,"in_reply_to_user_id_str":"212369763","lang":"en","created_at":"Thu Jan 08 14:39:38 +0000 2015","in_reply_to_status_id_str":"552978099357237248","place":null}