{"contributors":null,"truncated":false,"text":"#CHARLIEHEBDO SHOOTING: Gunmen shouted 'we have avenged the prophet\" during attack - reports http:\/\/t.co\/3Jsosc7yl3 http:\/\/t.co\/nAerF1Ep7A","in_reply_to_status_id":null,"id":552810448324943872,"favorite_count":28,"source":"<a href=\"https:\/\/about.twitter.com\/products\/tweetdeck\" rel=\"nofollow\">TweetDeck<\/a>","retweeted":false,"coordinates":null,"entities":{"symbols":[],"user_mentions":[],"hashtags":[{"indices":[0,13],"text":"CHARLIEHEBDO"}],"urls":[{"url":"http:\/\/t.co\/3Jsosc7yl3","indices":[93,115],"expanded_url":"http:\/\/on.rt.com\/k5ivya","display_url":"on.rt.com\/k5ivya"}],"media":[{"expanded_url":"http:\/\/twitter.com\/RT_com\/status\/552810448324943872\/photo\/1","display_url":"pic.twitter.com\/nAerF1Ep7A","url":"http:\/\/t.co\/nAerF1Ep7A","media_url_https":"https:\/\/pbs.twimg.com\/media\/B6v6D9BCYAE2k6g.jpg","id_str":"552810325108482049","sizes":{"small":{"h":201,"resize":"fit","w":340},"large":{"h":415,"resize":"fit","w":700},"medium":{"h":355,"resize":"fit","w":600},"thumb":{"h":150,"resize":"crop","w":150}},"indices":[116,138],"type":"photo","id":552810325108482049,"media_url":"http:\/\/pbs.twimg.com\/media\/B6v6D9BCYAE2k6g.jpg"}]},"in_reply_to_screen_name":null,"id_str":"552810448324943872","retweet_count":141,"in_reply_to_user_id":null,"favorited":false,"user":{"follow_request_sent":false,"profile_use_background_image":true,"profile_text_color":"000000","default_profile_image":false,"id":64643056,"profile_background_image_url_https":"https:\/\/pbs.twimg.com\/profile_background_images\/448107225769193472\/16jIvlg2.jpeg","verified":true,"profile_location":null,"profile_image_url_https":"https:\/\/pbs.twimg.com\/profile_images\/423103093069205504\/eTXULFRS_normal.png","profile_sidebar_fill_color":"EBEBEB","entities":{"url":{"urls":[{"url":"http:\/\/t.co\/bDDyvy9DmR","indices":[0,22],"expanded_url":"http:\/\/RT.com","display_url":"RT.com"}]},"description":{"urls":[]}},"followers_count":842416,"profile_sidebar_border_color":"FFFFFF","id_str":"64643056","profile_background_color":"1D1D1D","listed_count":13587,"is_translation_enabled":false,"utc_offset":14400,"statuses_count":105017,"description":"RT, the global news network, broadcasts from Moscow, London and Washington studios to over 100 countries.","friends_count":460,"location":"","profile_link_color":"3D990F","profile_image_url":"http:\/\/pbs.twimg.com\/profile_images\/423103093069205504\/eTXULFRS_normal.png","following":false,"geo_enabled":false,"profile_banner_url":"https:\/\/pbs.twimg.com\/profile_banners\/64643056\/1409741388","profile_background_image_url":"http:\/\/pbs.twimg.com\/profile_background_images\/448107225769193472\/16jIvlg2.jpeg","name":"RT","lang":"en","profile_background_tile":false,"favourites_count":26,"screen_name":"RT_com","notifications":false,"url":"http:\/\/t.co\/bDDyvy9DmR","created_at":"Tue Aug 11 06:12:45 +0000 2009","contributors_enabled":false,"time_zone":"Moscow","protected":false,"default_profile":false,"is_translator":false},"geo":null,"in_reply_to_user_id_str":null,"possibly_sensitive":false,"lang":"en","created_at":"Wed Jan 07 12:54:16 +0000 2015","in_reply_to_status_id_str":null,"place":null,"extended_entities":{"media":[{"expanded_url":"http:\/\/twitter.com\/RT_com\/status\/552810448324943872\/photo\/1","display_url":"pic.twitter.com\/nAerF1Ep7A","url":"http:\/\/t.co\/nAerF1Ep7A","media_url_https":"https:\/\/pbs.twimg.com\/media\/B6v6D9BCYAE2k6g.jpg","id_str":"552810325108482049","sizes":{"small":{"h":201,"resize":"fit","w":340},"large":{"h":415,"resize":"fit","w":700},"medium":{"h":355,"resize":"fit","w":600},"thumb":{"h":150,"resize":"crop","w":150}},"indices":[116,138],"type":"photo","id":552810325108482049,"media_url":"http:\/\/pbs.twimg.com\/media\/B6v6D9BCYAE2k6g.jpg"}]}}