{"contributors":null,"truncated":false,"text":"Stills from eyewitness video show two #CharlieHebdo attackers wearing hoods &amp; black clothing shoot a wounded man http:\/\/t.co\/IX8Wys3p5M","in_reply_to_status_id":null,"id":552832817089236992,"favorite_count":33,"source":"<a href=\"https:\/\/about.twitter.com\/products\/tweetdeck\" rel=\"nofollow\">TweetDeck<\/a>","retweeted":false,"coordinates":null,"entities":{"symbols":[],"media":[{"expanded_url":"http:\/\/twitter.com\/MashableNews\/status\/552832817089236992\/photo\/1","display_url":"pic.twitter.com\/IX8Wys3p5M","url":"http:\/\/t.co\/IX8Wys3p5M","media_url_https":"https:\/\/pbs.twimg.com\/media\/B6wOWI5CQAExQvK.jpg","id_str":"552832627766345729","sizes":{"large":{"h":467,"resize":"fit","w":849},"small":{"h":187,"resize":"fit","w":340},"medium":{"h":330,"resize":"fit","w":600},"thumb":{"h":150,"resize":"crop","w":150}},"indices":[117,139],"type":"photo","id":552832627766345729,"media_url":"http:\/\/pbs.twimg.com\/media\/B6wOWI5CQAExQvK.jpg"}],"hashtags":[{"indices":[38,51],"text":"CharlieHebdo"}],"user_mentions":[],"trends":[],"urls":[]},"in_reply_to_screen_name":null,"id_str":"552832817089236992","retweet_count":101,"in_reply_to_user_id":null,"favorited":false,"user":{"follow_request_sent":null,"profile_use_background_image":false,"default_profile_image":false,"id":372502604,"verified":true,"profile_image_url_https":"https:\/\/pbs.twimg.com\/profile_images\/3690655199\/2f6f9f9dfb7331fd40ff35b74b07546a_normal.png","profile_sidebar_fill_color":"DDEEF6","profile_text_color":"333333","followers_count":13329,"profile_sidebar_border_color":"FFFFFF","id_str":"372502604","profile_background_color":"689BAE","listed_count":500,"profile_background_image_url_https":"https:\/\/pbs.twimg.com\/profile_background_images\/705313250\/bf7ca2a3f077d7e57b12a5ea4f1db268.png","utc_offset":-18000,"statuses_count":14763,"description":"Real-time updates on the world's biggest stories. Tweets by @Mashable news team.","friends_count":101,"location":"","profile_link_color":"689BAE","profile_image_url":"http:\/\/pbs.twimg.com\/profile_images\/3690655199\/2f6f9f9dfb7331fd40ff35b74b07546a_normal.png","following":null,"geo_enabled":false,"profile_background_image_url":"http:\/\/pbs.twimg.com\/profile_background_images\/705313250\/bf7ca2a3f077d7e57b12a5ea4f1db268.png","name":"Mashable News","lang":"en","profile_background_tile":true,"favourites_count":5,"screen_name":"MashableNews","notifications":null,"url":"http:\/\/mashable.com","created_at":"Mon Sep 12 22:03:14 +0000 2011","contributors_enabled":false,"time_zone":"Eastern Time (US & Canada)","protected":false,"default_profile":false,"is_translator":false},"geo":null,"in_reply_to_user_id_str":null,"possibly_sensitive":false,"lang":"en","created_at":"Wed Jan 07 14:23:09 +0000 2015","filter_level":"low","in_reply_to_status_id_str":null,"place":null,"extended_entities":{"media":[{"expanded_url":"http:\/\/twitter.com\/MashableNews\/status\/552832817089236992\/photo\/1","display_url":"pic.twitter.com\/IX8Wys3p5M","url":"http:\/\/t.co\/IX8Wys3p5M","media_url_https":"https:\/\/pbs.twimg.com\/media\/B6wOWI5CQAExQvK.jpg","id_str":"552832627766345729","sizes":{"large":{"h":467,"resize":"fit","w":849},"small":{"h":187,"resize":"fit","w":340},"medium":{"h":330,"resize":"fit","w":600},"thumb":{"h":150,"resize":"crop","w":150}},"indices":[117,139],"type":"photo","id":552832627766345729,"media_url":"http:\/\/pbs.twimg.com\/media\/B6wOWI5CQAExQvK.jpg"},{"expanded_url":"http:\/\/twitter.com\/MashableNews\/status\/552832817089236992\/photo\/1","display_url":"pic.twitter.com\/IX8Wys3p5M","url":"http:\/\/t.co\/IX8Wys3p5M","media_url_https":"https:\/\/pbs.twimg.com\/media\/B6wOWIwCAAASibL.jpg","id_str":"552832627728580608","sizes":{"small":{"h":190,"resize":"fit","w":340},"large":{"h":477,"resize":"fit","w":850},"medium":{"h":336,"resize":"fit","w":600},"thumb":{"h":150,"resize":"crop","w":150}},"indices":[117,139],"type":"photo","id":552832627728580608,"media_url":"http:\/\/pbs.twimg.com\/media\/B6wOWIwCAAASibL.jpg"},{"expanded_url":"http:\/\/twitter.com\/MashableNews\/status\/552832817089236992\/photo\/1","display_url":"pic.twitter.com\/IX8Wys3p5M","url":"http:\/\/t.co\/IX8Wys3p5M","media_url_https":"https:\/\/pbs.twimg.com\/media\/B6wOWKnCMAAwBqJ.jpg","id_str":"552832628227715072","sizes":{"small":{"h":187,"resize":"fit","w":340},"large":{"h":466,"resize":"fit","w":845},"medium":{"h":330,"resize":"fit","w":600},"thumb":{"h":150,"resize":"crop","w":150}},"indices":[117,139],"type":"photo","id":552832628227715072,"media_url":"http:\/\/pbs.twimg.com\/media\/B6wOWKnCMAAwBqJ.jpg"}]}}