{"contributors": null, "truncated": false, "text": "@cnnbrk Western leaders created terrorists with various Arabic \"springs\" by  mercenaries jihadists.It was INEVITABLE to go west.", "in_reply_to_status_id": 552805488631758849, "id": 552806316855799808, "favorite_count": 0, "source": "<a href=\"http://twitter.com\" rel=\"nofollow\">Twitter Web Client</a>", "retweeted": false, "coordinates": null, "entities": {"symbols": [], "user_mentions": [{"id": 428333, "indices": [0, 7], "id_str": "428333", "screen_name": "cnnbrk", "name": "CNN Breaking News"}], "hashtags": [], "urls": []}, "in_reply_to_screen_name": "cnnbrk", "id_str": "552806316855799808", "retweet_count": 0, "in_reply_to_user_id": 428333, "favorited": false, "user": {"follow_request_sent": false, "profile_use_background_image": true, "profile_text_color": "333333", "default_profile_image": false, "id": 372464674, "profile_background_image_url_https": "https://abs.twimg.com/images/themes/theme1/bg.png", "verified": false, "profile_location": null, "profile_image_url_https": "https://pbs.twimg.com/profile_images/1831645075/DSC00085KEA_normal.jpg", "profile_sidebar_fill_color": "DDEEF6", "entities": {"description": {"urls": []}}, "followers_count": 163, "profile_sidebar_border_color": "C0DEED", "id_str": "372464674", "profile_background_color": "C0DEED", "listed_count": 11, "is_translation_enabled": false, "utc_offset": null, "statuses_count": 22769, "description": "economist,male.Stoic,cynic philosophy.", "friends_count": 395, "location": "\u03a3\u03a0\u0391\u03a4\u0391 ,\u0395\u039b\u039b\u0391\u0394\u0391", "profile_link_color": "0084B4", "profile_image_url": "http://pbs.twimg.com/profile_images/1831645075/DSC00085KEA_normal.jpg", "following": false, "geo_enabled": false, "profile_banner_url": "https://pbs.twimg.com/profile_banners/372464674/1355246168", "profile_background_image_url": "http://abs.twimg.com/images/themes/theme1/bg.png", "name": "G.DANIELDS", "lang": "en", "profile_background_tile": false, "favourites_count": 2866, "screen_name": "GDANIELDS", "notifications": false, "url": null, "created_at": "Mon Sep 12 20:35:18 +0000 2011", "contributors_enabled": false, "time_zone": null, "protected": false, "default_profile": true, "is_translator": false}, "geo": null, "in_reply_to_user_id_str": "428333", "lang": "en", "created_at": "Wed Jan 07 12:37:51 +0000 2015", "in_reply_to_status_id_str": "552805488631758849", "place": null}
