{"contributors": null, "truncated": false, "text": "@DaliaChai @cnnbrk u r not getting my point -monsters must be penalized.  But entire society need to be responsible and not provoke monsters", "in_reply_to_status_id": 552808456894169089, "id": 552814605115064323, "favorite_count": 0, "source": "<a href=\"http://twitter.com/download/android\" rel=\"nofollow\">Twitter for Android</a>", "retweeted": false, "coordinates": null, "entities": {"symbols": [], "user_mentions": [{"id": 2707815410, "indices": [0, 10], "id_str": "2707815410", "screen_name": "DaliaChai", "name": "Dalia"}, {"id": 428333, "indices": [11, 18], "id_str": "428333", "screen_name": "cnnbrk", "name": "CNN Breaking News"}], "hashtags": [], "urls": []}, "in_reply_to_screen_name": "DaliaChai", "id_str": "552814605115064323", "retweet_count": 0, "in_reply_to_user_id": 2707815410, "favorited": false, "user": {"follow_request_sent": false, "profile_use_background_image": true, "profile_text_color": "333333", "default_profile_image": false, "id": 2762702188, "profile_background_image_url_https": "https://abs.twimg.com/images/themes/theme1/bg.png", "verified": false, "profile_location": null, "profile_image_url_https": "https://pbs.twimg.com/profile_images/508160749450321920/zWnK1Q1e_normal.jpeg", "profile_sidebar_fill_color": "DDEEF6", "entities": {"description": {"urls": []}}, "followers_count": 35, "profile_sidebar_border_color": "C0DEED", "id_str": "2762702188", "profile_background_color": "C0DEED", "listed_count": 6, "is_translation_enabled": false, "utc_offset": null, "statuses_count": 826, "description": "good man", "friends_count": 448, "location": "", "profile_link_color": "0084B4", "profile_image_url": "http://pbs.twimg.com/profile_images/508160749450321920/zWnK1Q1e_normal.jpeg", "following": false, "geo_enabled": false, "profile_banner_url": "https://pbs.twimg.com/profile_banners/2762702188/1411057283", "profile_background_image_url": "http://abs.twimg.com/images/themes/theme1/bg.png", "name": "andreytheman", "lang": "ru", "profile_background_tile": false, "favourites_count": 15, "screen_name": "zhuravkov67", "notifications": false, "url": null, "created_at": "Sat Sep 06 07:49:48 +0000 2014", "contributors_enabled": false, "time_zone": null, "protected": false, "default_profile": true, "is_translator": false}, "geo": null, "in_reply_to_user_id_str": "2707815410", "lang": "en", "created_at": "Wed Jan 07 13:10:47 +0000 2015", "in_reply_to_status_id_str": "552808456894169089", "place": null}
