{"contributors": null, "truncated": false, "text": "@signlab9 @GDANIELDS @cnnbrk u imposed dictators stole raw material both in africa and middle east", "in_reply_to_status_id": 552808282440859648, "id": 552845552770351105, "favorite_count": 0, "source": "<a href=\"http://twitter.com/download/android\" rel=\"nofollow\">Twitter for Android</a>", "retweeted": false, "coordinates": null, "entities": {"symbols": [], "user_mentions": [{"id": 287183523, "indices": [0, 9], "id_str": "287183523", "screen_name": "signlab9", "name": "dougthedog"}, {"id": 372464674, "indices": [10, 20], "id_str": "372464674", "screen_name": "GDANIELDS", "name": "G.DANIELDS"}, {"id": 428333, "indices": [21, 28], "id_str": "428333", "screen_name": "cnnbrk", "name": "CNN Breaking News"}], "hashtags": [], "urls": []}, "in_reply_to_screen_name": "signlab9", "id_str": "552845552770351105", "retweet_count": 0, "in_reply_to_user_id": 287183523, "favorited": false, "user": {"follow_request_sent": false, "profile_use_background_image": true, "profile_text_color": "333333", "default_profile_image": true, "id": 2153036188, "profile_background_image_url_https": "https://abs.twimg.com/images/themes/theme1/bg.png", "verified": false, "profile_location": null, "profile_image_url_https": "https://abs.twimg.com/sticky/default_profile_images/default_profile_2_normal.png", "profile_sidebar_fill_color": "DDEEF6", "entities": {"description": {"urls": []}}, "followers_count": 5, "profile_sidebar_border_color": "C0DEED", "id_str": "2153036188", "profile_background_color": "C0DEED", "listed_count": 0, "is_translation_enabled": false, "utc_offset": null, "statuses_count": 103, "description": "", "friends_count": 5, "location": "", "profile_link_color": "0084B4", "profile_image_url": "http://abs.twimg.com/sticky/default_profile_images/default_profile_2_normal.png", "following": false, "geo_enabled": false, "profile_background_image_url": "http://abs.twimg.com/images/themes/theme1/bg.png", "name": "mohamud ", "lang": "en", "profile_background_tile": false, "favourites_count": 2, "screen_name": "mohamudaish", "notifications": false, "url": null, "created_at": "Fri Oct 25 18:09:33 +0000 2013", "contributors_enabled": false, "time_zone": null, "protected": false, "default_profile": true, "is_translator": false}, "geo": null, "in_reply_to_user_id_str": "287183523", "lang": "en", "created_at": "Wed Jan 07 15:13:45 +0000 2015", "in_reply_to_status_id_str": "552808282440859648", "place": null}
