{"contributors":null,"truncated":false,"text":"@cnnbrk The Quran calls for the execution of who ever insults their prophet. They are doing what their hateful religion tells them to do.","in_reply_to_status_id":552805488631758849,"id":552805699349016577,"favorite_count":3,"source":"<a href=\"http:\/\/twitter.com\" rel=\"nofollow\">Twitter Web Client<\/a>","retweeted":false,"coordinates":null,"entities":{"symbols":[],"user_mentions":[{"id":428333,"indices":[0,7],"id_str":"428333","screen_name":"cnnbrk","name":"CNN Breaking News"}],"hashtags":[],"urls":[]},"in_reply_to_screen_name":"cnnbrk","id_str":"552805699349016577","retweet_count":1,"in_reply_to_user_id":428333,"favorited":false,"user":{"follow_request_sent":false,"profile_use_background_image":true,"profile_text_color":"333333","default_profile_image":false,"id":197351686,"profile_background_image_url_https":"https:\/\/pbs.twimg.com\/profile_background_images\/443995172410388481\/fdXlTSrW.jpeg","verified":false,"profile_location":null,"profile_image_url_https":"https:\/\/pbs.twimg.com\/profile_images\/590727477716193280\/jw8HKawc_normal.png","profile_sidebar_fill_color":"DDEEF6","entities":{"description":{"urls":[]}},"followers_count":241,"profile_sidebar_border_color":"FFFFFF","id_str":"197351686","profile_background_color":"131516","listed_count":0,"is_translation_enabled":false,"utc_offset":-28800,"statuses_count":1346,"description":"Fan of MMA, Boxing, Hockey and Hip Hop.","friends_count":575,"location":"Burnaby, BC. Canada","profile_link_color":"009999","profile_image_url":"http:\/\/pbs.twimg.com\/profile_images\/590727477716193280\/jw8HKawc_normal.png","following":false,"geo_enabled":false,"profile_banner_url":"https:\/\/pbs.twimg.com\/profile_banners\/197351686\/1413110790","profile_background_image_url":"http:\/\/pbs.twimg.com\/profile_background_images\/443995172410388481\/fdXlTSrW.jpeg","name":"Cozmic K.","lang":"en","profile_background_tile":true,"favourites_count":279,"screen_name":"cozmickevin","notifications":false,"url":null,"created_at":"Fri Oct 01 08:06:04 +0000 2010","contributors_enabled":false,"time_zone":"Pacific Time (US & Canada)","protected":false,"default_profile":false,"is_translator":false},"geo":null,"in_reply_to_user_id_str":"428333","lang":"en","created_at":"Wed Jan 07 12:35:24 +0000 2015","in_reply_to_status_id_str":"552805488631758849","place":null}