{"contributors":null,"truncated":false,"text":"@cnnbrk Also security was abysmal and should have been heightened when so many threats had already happened towards this media agency","in_reply_to_status_id":552805488631758849,"id":552805987053490179,"favorite_count":1,"source":"<a href=\"https:\/\/mobile.twitter.com\" rel=\"nofollow\">Mobile Web (M5)<\/a>","retweeted":false,"coordinates":null,"entities":{"symbols":[],"user_mentions":[{"id":428333,"indices":[0,7],"id_str":"428333","screen_name":"cnnbrk","name":"CNN Breaking News"}],"hashtags":[],"urls":[]},"in_reply_to_screen_name":"cnnbrk","id_str":"552805987053490179","retweet_count":1,"in_reply_to_user_id":428333,"favorited":false,"user":{"follow_request_sent":false,"profile_use_background_image":true,"profile_text_color":"634047","default_profile_image":false,"id":22583725,"profile_background_image_url_https":"https:\/\/pbs.twimg.com\/profile_background_images\/378800000170556146\/dkf9-I0z.jpeg","verified":false,"profile_location":null,"profile_image_url_https":"https:\/\/pbs.twimg.com\/profile_images\/588809159493189633\/pdv4CllZ_normal.jpg","profile_sidebar_fill_color":"E3E2DE","entities":{"url":{"urls":[{"url":"http:\/\/t.co\/eXvpqzIIDV","indices":[0,22],"expanded_url":"http:\/\/HomefrontHugs.org","display_url":"HomefrontHugs.org"}]},"description":{"urls":[]}},"followers_count":7402,"profile_sidebar_border_color":"FFFFFF","id_str":"22583725","profile_background_color":"131516","listed_count":318,"is_translation_enabled":false,"utc_offset":-18000,"statuses_count":133423,"description":"Support our troops,vets,families without conditions -adopt a hero with us . Tweets by CEO & Public Speaker Alessandra Kellermann #Savorthemoments #GoBlue #Peace","friends_count":6398,"location":"National HQ in #AnnArbor #Mich","profile_link_color":"11728A","profile_image_url":"http:\/\/pbs.twimg.com\/profile_images\/588809159493189633\/pdv4CllZ_normal.jpg","following":false,"geo_enabled":true,"profile_background_image_url":"http:\/\/pbs.twimg.com\/profile_background_images\/378800000170556146\/dkf9-I0z.jpeg","name":"HOMEFRONT HUGS USA","lang":"en","profile_background_tile":false,"favourites_count":10509,"screen_name":"HomefrontHugs","notifications":false,"url":"http:\/\/t.co\/eXvpqzIIDV","created_at":"Tue Mar 03 04:17:58 +0000 2009","contributors_enabled":false,"time_zone":"Eastern Time (US & Canada)","protected":false,"default_profile":false,"is_translator":false},"geo":null,"in_reply_to_user_id_str":"428333","lang":"en","created_at":"Wed Jan 07 12:36:32 +0000 2015","in_reply_to_status_id_str":"552805488631758849","place":null}