{"contributors": null, "truncated": false, "text": "@cnnbrk Remember background: France, its Parliament &amp; Senate + some left-wgd municipalities bending over backwards to please Palestinians..", "in_reply_to_status_id": 552805488631758849, "id": 552807494545076225, "favorite_count": 1, "source": "<a href=\"http://twitter.com\" rel=\"nofollow\">Twitter Web Client</a>", "retweeted": false, "coordinates": null, "entities": {"symbols": [], "user_mentions": [{"id": 428333, "indices": [0, 7], "id_str": "428333", "screen_name": "cnnbrk", "name": "CNN Breaking News"}], "hashtags": [], "urls": []}, "in_reply_to_screen_name": "cnnbrk", "id_str": "552807494545076225", "retweet_count": 0, "in_reply_to_user_id": 428333, "favorited": false, "user": {"follow_request_sent": false, "profile_use_background_image": true, "profile_text_color": "333333", "default_profile_image": true, "id": 540903074, "profile_background_image_url_https": "https://abs.twimg.com/images/themes/theme1/bg.png", "verified": false, "profile_location": null, "profile_image_url_https": "https://abs.twimg.com/sticky/default_profile_images/default_profile_5_normal.png", "profile_sidebar_fill_color": "DDEEF6", "entities": {"description": {"urls": []}}, "followers_count": 217, "profile_sidebar_border_color": "C0DEED", "id_str": "540903074", "profile_background_color": "C0DEED", "listed_count": 10, "is_translation_enabled": false, "utc_offset": null, "statuses_count": 22156, "description": "", "friends_count": 130, "location": "", "profile_link_color": "0084B4", "profile_image_url": "http://abs.twimg.com/sticky/default_profile_images/default_profile_5_normal.png", "following": false, "geo_enabled": false, "profile_background_image_url": "http://abs.twimg.com/images/themes/theme1/bg.png", "name": "Helene Keller-Lind", "lang": "en", "profile_background_tile": false, "favourites_count": 4986, "screen_name": "keller_lind", "notifications": false, "url": null, "created_at": "Fri Mar 30 15:23:38 +0000 2012", "contributors_enabled": false, "time_zone": null, "protected": false, "default_profile": true, "is_translator": false}, "geo": null, "in_reply_to_user_id_str": "428333", "lang": "en", "created_at": "Wed Jan 07 12:42:32 +0000 2015", "in_reply_to_status_id_str": "552805488631758849", "place": null}
