{"contributors": null, "truncated": false, "text": "@zhuravkov67 @cnnbrk Hey buddy, I'm insulting your faith. Now go fuck yourself.", "in_reply_to_status_id": 552807316031287296, "id": 552811993145835520, "favorite_count": 0, "source": "<a href=\"http://twitter.com/download/android\" rel=\"nofollow\">Twitter for Android</a>", "retweeted": false, "coordinates": null, "entities": {"symbols": [], "user_mentions": [{"id": 2762702188, "indices": [0, 12], "id_str": "2762702188", "screen_name": "zhuravkov67", "name": "\u0410\u043d\u0434\u0440\u0435\u0439 \u0416\u0443\u0440\u0430\u0432\u043a\u043e\u0432 "}, {"id": 428333, "indices": [13, 20], "id_str": "428333", "screen_name": "cnnbrk", "name": "CNN Breaking News"}], "hashtags": [], "urls": []}, "in_reply_to_screen_name": "zhuravkov67", "id_str": "552811993145835520", "retweet_count": 0, "in_reply_to_user_id": 2762702188, "favorited": false, "user": {"follow_request_sent": false, "profile_use_background_image": true, "profile_text_color": "333333", "default_profile_image": false, "id": 2926384805, "profile_background_image_url_https": "https://abs.twimg.com/images/themes/theme1/bg.png", "verified": false, "profile_location": null, "profile_image_url_https": "https://pbs.twimg.com/profile_images/545081931193262080/of9vObta_normal.jpeg", "profile_sidebar_fill_color": "DDEEF6", "entities": {"description": {"urls": []}}, "followers_count": 18, "profile_sidebar_border_color": "C0DEED", "id_str": "2926384805", "profile_background_color": "C0DEED", "listed_count": 0, "is_translation_enabled": false, "utc_offset": null, "statuses_count": 26, "description": "Soaked in wine, delicious, buttery and garlicky good.", "friends_count": 81, "location": "", "profile_link_color": "0084B4", "profile_image_url": "http://pbs.twimg.com/profile_images/545081931193262080/of9vObta_normal.jpeg", "following": false, "geo_enabled": false, "profile_background_image_url": "http://abs.twimg.com/images/themes/theme1/bg.png", "name": "Scampi Prawnatron", "lang": "en", "profile_background_tile": false, "favourites_count": 30, "screen_name": "theprawnatron", "notifications": false, "url": null, "created_at": "Wed Dec 17 04:54:53 +0000 2014", "contributors_enabled": false, "time_zone": null, "protected": false, "default_profile": true, "is_translator": false}, "geo": null, "in_reply_to_user_id_str": "2762702188", "lang": "en", "created_at": "Wed Jan 07 13:00:24 +0000 2015", "in_reply_to_status_id_str": "552807316031287296", "place": null}
