{"contributors": null, "truncated": false, "text": "@hassanbasmer @cnnbrk islam is not a religion its a brainwashed cult.", "in_reply_to_status_id": 552806469217681409, "id": 552808637719408641, "favorite_count": 0, "source": "<a href=\"http://twitter.com\" rel=\"nofollow\">Twitter Web Client</a>", "retweeted": false, "coordinates": null, "entities": {"symbols": [], "user_mentions": [{"id": 567039350, "indices": [0, 13], "id_str": "567039350", "screen_name": "hassanbasmer", "name": "HASSAN BASMER"}, {"id": 428333, "indices": [14, 21], "id_str": "428333", "screen_name": "cnnbrk", "name": "CNN Breaking News"}], "hashtags": [], "urls": []}, "in_reply_to_screen_name": "hassanbasmer", "id_str": "552808637719408641", "retweet_count": 0, "in_reply_to_user_id": 567039350, "favorited": false, "user": {"follow_request_sent": false, "profile_use_background_image": true, "profile_text_color": "333333", "default_profile_image": false, "id": 287183523, "profile_background_image_url_https": "https://abs.twimg.com/images/themes/theme1/bg.png", "verified": false, "profile_location": null, "profile_image_url_https": "https://pbs.twimg.com/profile_images/1355883585/pinny_normal.png", "profile_sidebar_fill_color": "DDEEF6", "entities": {"description": {"urls": []}}, "followers_count": 19, "profile_sidebar_border_color": "C0DEED", "id_str": "287183523", "profile_background_color": "C0DEED", "listed_count": 1, "is_translation_enabled": false, "utc_offset": -18000, "statuses_count": 3479, "description": "", "friends_count": 28, "location": "canada", "profile_link_color": "0084B4", "profile_image_url": "http://pbs.twimg.com/profile_images/1355883585/pinny_normal.png", "following": false, "geo_enabled": false, "profile_background_image_url": "http://abs.twimg.com/images/themes/theme1/bg.png", "name": "dougthedog", "lang": "en", "profile_background_tile": false, "favourites_count": 4, "screen_name": "signlab9", "notifications": false, "url": null, "created_at": "Sun Apr 24 13:43:51 +0000 2011", "contributors_enabled": false, "time_zone": "Eastern Time (US & Canada)", "protected": false, "default_profile": true, "is_translator": false}, "geo": null, "in_reply_to_user_id_str": "567039350", "lang": "en", "created_at": "Wed Jan 07 12:47:04 +0000 2015", "in_reply_to_status_id_str": "552806469217681409", "place": null}
