{"contributors": null, "truncated": false, "text": "@darjaved7 @Chusid2015 @hassanbasmer Hamas showed up in 1980s. Islamics sided WITH Hitler. Please read something truthful. U know nothing", "in_reply_to_status_id": 552823560670965761, "id": 552824458352680961, "favorite_count": 0, "source": "<a href=\"http://twitter.com/download/iphone\" rel=\"nofollow\">Twitter for iPhone</a>", "retweeted": false, "coordinates": null, "entities": {"symbols": [], "user_mentions": [{"id": 2861903904, "indices": [0, 10], "id_str": "2861903904", "screen_name": "darjaved7", "name": "itz dar"}, {"id": 2957564108, "indices": [11, 22], "id_str": "2957564108", "screen_name": "Chusid2015", "name": "Israel Reich"}, {"id": 567039350, "indices": [23, 36], "id_str": "567039350", "screen_name": "hassanbasmer", "name": "HASSAN BASMER"}], "hashtags": [], "urls": []}, "in_reply_to_screen_name": "darjaved7", "id_str": "552824458352680961", "retweet_count": 0, "in_reply_to_user_id": 2861903904, "favorited": false, "user": {"follow_request_sent": false, "profile_use_background_image": true, "profile_text_color": "333333", "default_profile_image": false, "id": 2707815410, "profile_background_image_url_https": "https://abs.twimg.com/images/themes/theme1/bg.png", "verified": false, "profile_location": null, "profile_image_url_https": "https://pbs.twimg.com/profile_images/528205384381906945/us5CMpO__normal.jpeg", "profile_sidebar_fill_color": "DDEEF6", "entities": {"description": {"urls": []}}, "followers_count": 400, "profile_sidebar_border_color": "C0DEED", "id_str": "2707815410", "profile_background_color": "C0DEED", "listed_count": 12, "is_translation_enabled": false, "utc_offset": null, "statuses_count": 12611, "description": "", "friends_count": 659, "location": "", "profile_link_color": "0084B4", "profile_image_url": "http://pbs.twimg.com/profile_images/528205384381906945/us5CMpO__normal.jpeg", "following": false, "geo_enabled": false, "profile_background_image_url": "http://abs.twimg.com/images/themes/theme1/bg.png", "name": "Dalia", "lang": "en", "profile_background_tile": false, "favourites_count": 7297, "screen_name": "DaliaChai", "notifications": false, "url": null, "created_at": "Tue Aug 05 00:32:43 +0000 2014", "contributors_enabled": false, "time_zone": null, "protected": false, "default_profile": true, "is_translator": false}, "geo": null, "in_reply_to_user_id_str": "2861903904", "lang": "en", "created_at": "Wed Jan 07 13:49:56 +0000 2015", "in_reply_to_status_id_str": "552823560670965761", "place": null}
