{"contributors": null, "truncated": false, "text": "@hassanbasmer @DaliaChai @cnnbrk I dont believe in any of them and certainly not worship them", "in_reply_to_status_id": 552816072902979584, "id": 552819966006001664, "favorite_count": 0, "source": "<a href=\"http://twitter.com\" rel=\"nofollow\">Twitter Web Client</a>", "retweeted": false, "coordinates": null, "entities": {"symbols": [], "user_mentions": [{"id": 567039350, "indices": [0, 13], "id_str": "567039350", "screen_name": "hassanbasmer", "name": "HASSAN BASMER"}, {"id": 2707815410, "indices": [14, 24], "id_str": "2707815410", "screen_name": "DaliaChai", "name": "Dalia"}, {"id": 428333, "indices": [25, 32], "id_str": "428333", "screen_name": "cnnbrk", "name": "CNN Breaking News"}], "hashtags": [], "urls": []}, "in_reply_to_screen_name": "hassanbasmer", "id_str": "552819966006001664", "retweet_count": 0, "in_reply_to_user_id": 567039350, "favorited": false, "user": {"follow_request_sent": false, "profile_use_background_image": true, "profile_text_color": "333333", "default_profile_image": false, "id": 46363353, "profile_background_image_url_https": "https://abs.twimg.com/images/themes/theme1/bg.png", "verified": false, "profile_location": null, "profile_image_url_https": "https://pbs.twimg.com/profile_images/492194793229803521/yshjsavp_normal.jpeg", "profile_sidebar_fill_color": "DDEEF6", "entities": {"url": {"urls": [{"url": "http://t.co/4RkCPDq0Eu", "indices": [0, 22], "expanded_url": "http://fubar.com", "display_url": "fubar.com"}]}, "description": {"urls": []}}, "followers_count": 93, "profile_sidebar_border_color": "C0DEED", "id_str": "46363353", "profile_background_color": "C0DEED", "listed_count": 5, "is_translation_enabled": false, "utc_offset": 3600, "statuses_count": 5736, "description": "Born 4-1-195 in Amsterdam,living since 95 in Italy", "friends_count": 86, "location": "Italy", "profile_link_color": "0084B4", "profile_image_url": "http://pbs.twimg.com/profile_images/492194793229803521/yshjsavp_normal.jpeg", "following": false, "geo_enabled": true, "profile_banner_url": "https://pbs.twimg.com/profile_banners/46363353/1408098931", "profile_background_image_url": "http://abs.twimg.com/images/themes/theme1/bg.png", "name": "Mario Glebbeek", "lang": "en", "profile_background_tile": false, "favourites_count": 2681, "screen_name": "Mariodinava", "notifications": false, "url": "http://t.co/4RkCPDq0Eu", "created_at": "Thu Jun 11 10:59:04 +0000 2009", "contributors_enabled": false, "time_zone": "Rome", "protected": false, "default_profile": true, "is_translator": false}, "geo": null, "in_reply_to_user_id_str": "567039350", "lang": "en", "created_at": "Wed Jan 07 13:32:05 +0000 2015", "in_reply_to_status_id_str": "552816072902979584", "place": null}
