{"contributors": null, "truncated": false, "text": "@signlab9 @cnnbrk hehehe yah like Judaism Christianity and worst hinduism. This is what fools in churches call it. Because they are afraid", "in_reply_to_status_id": 552808637719408641, "id": 552811728447078400, "favorite_count": 0, "source": "<a href=\"http://twitter.com/download/android\" rel=\"nofollow\">Twitter for Android</a>", "retweeted": false, "coordinates": null, "entities": {"symbols": [], "user_mentions": [{"id": 287183523, "indices": [0, 9], "id_str": "287183523", "screen_name": "signlab9", "name": "dougthedog"}, {"id": 428333, "indices": [10, 17], "id_str": "428333", "screen_name": "cnnbrk", "name": "CNN Breaking News"}], "hashtags": [], "urls": []}, "in_reply_to_screen_name": "signlab9", "id_str": "552811728447078400", "retweet_count": 0, "in_reply_to_user_id": 287183523, "favorited": false, "user": {"follow_request_sent": false, "profile_use_background_image": true, "profile_text_color": "333333", "default_profile_image": true, "id": 567039350, "profile_background_image_url_https": "https://abs.twimg.com/images/themes/theme1/bg.png", "verified": false, "profile_location": null, "profile_image_url_https": "https://abs.twimg.com/sticky/default_profile_images/default_profile_3_normal.png", "profile_sidebar_fill_color": "DDEEF6", "entities": {"description": {"urls": []}}, "followers_count": 86, "profile_sidebar_border_color": "C0DEED", "id_str": "567039350", "profile_background_color": "C0DEED", "listed_count": 1, "is_translation_enabled": false, "utc_offset": 28800, "statuses_count": 663, "description": "BUSINESSMAN , FROM KENYA AND HONG KONG. I CONSIDER BOTH KENYA AND HONGKONG CHINA MY COUNTRIES. WITH VAST EXPERIENCE IN BOTH IN BUSINESS FOR 30 YEARS.", "friends_count": 486, "location": "HONG KONG", "profile_link_color": "0084B4", "profile_image_url": "http://abs.twimg.com/sticky/default_profile_images/default_profile_3_normal.png", "following": false, "geo_enabled": true, "profile_background_image_url": "http://abs.twimg.com/images/themes/theme1/bg.png", "name": "HASSAN BASMER", "lang": "en", "profile_background_tile": false, "favourites_count": 588, "screen_name": "hassanbasmer", "notifications": false, "url": null, "created_at": "Mon Apr 30 08:20:44 +0000 2012", "contributors_enabled": false, "time_zone": "Hong Kong", "protected": false, "default_profile": true, "is_translator": false}, "geo": null, "in_reply_to_user_id_str": "287183523", "lang": "en", "created_at": "Wed Jan 07 12:59:21 +0000 2015", "in_reply_to_status_id_str": "552808637719408641", "place": null}
