{"contributors": null, "truncated": false, "text": "@darjaved7 @DaliaChai @Chusid2015 bro thats hate not jews are bad I think its the zionist and far right who want to kill anyone who opposes", "in_reply_to_status_id": 552825768690991104, "id": 552843131977498624, "favorite_count": 1, "source": "<a href=\"http://twitter.com/download/android\" rel=\"nofollow\">Twitter for Android</a>", "retweeted": false, "coordinates": null, "entities": {"symbols": [], "user_mentions": [{"id": 2861903904, "indices": [0, 10], "id_str": "2861903904", "screen_name": "darjaved7", "name": "itz dar"}, {"id": 2707815410, "indices": [11, 21], "id_str": "2707815410", "screen_name": "DaliaChai", "name": "Dalia"}, {"id": 2957564108, "indices": [22, 33], "id_str": "2957564108", "screen_name": "Chusid2015", "name": "Israel Reich"}], "hashtags": [], "urls": []}, "in_reply_to_screen_name": "darjaved7", "id_str": "552843131977498624", "retweet_count": 0, "in_reply_to_user_id": 2861903904, "favorited": false, "user": {"follow_request_sent": false, "profile_use_background_image": true, "profile_text_color": "333333", "default_profile_image": true, "id": 2153036188, "profile_background_image_url_https": "https://abs.twimg.com/images/themes/theme1/bg.png", "verified": false, "profile_location": null, "profile_image_url_https": "https://abs.twimg.com/sticky/default_profile_images/default_profile_2_normal.png", "profile_sidebar_fill_color": "DDEEF6", "entities": {"description": {"urls": []}}, "followers_count": 5, "profile_sidebar_border_color": "C0DEED", "id_str": "2153036188", "profile_background_color": "C0DEED", "listed_count": 0, "is_translation_enabled": false, "utc_offset": null, "statuses_count": 103, "description": "", "friends_count": 5, "location": "", "profile_link_color": "0084B4", "profile_image_url": "http://abs.twimg.com/sticky/default_profile_images/default_profile_2_normal.png", "following": false, "geo_enabled": false, "profile_background_image_url": "http://abs.twimg.com/images/themes/theme1/bg.png", "name": "mohamud ", "lang": "en", "profile_background_tile": false, "favourites_count": 2, "screen_name": "mohamudaish", "notifications": false, "url": null, "created_at": "Fri Oct 25 18:09:33 +0000 2013", "contributors_enabled": false, "time_zone": null, "protected": false, "default_profile": true, "is_translator": false}, "geo": null, "in_reply_to_user_id_str": "2861903904", "lang": "en", "created_at": "Wed Jan 07 15:04:08 +0000 2015", "in_reply_to_status_id_str": "552825768690991104", "place": null}
