{"contributors": null, "truncated": false, "text": "@Chusid2015 @DaliaChai hehe Jews always change subject. If they lose cause of truth. Be serious. How many died under you in israel", "in_reply_to_status_id": 552818300124545025, "id": 552818667293904898, "favorite_count": 0, "source": "<a href=\"http://twitter.com/download/android\" rel=\"nofollow\">Twitter for Android</a>", "retweeted": false, "coordinates": null, "entities": {"symbols": [], "user_mentions": [{"id": 2957564108, "indices": [0, 11], "id_str": "2957564108", "screen_name": "Chusid2015", "name": "Israel Reich"}, {"id": 2707815410, "indices": [12, 22], "id_str": "2707815410", "screen_name": "DaliaChai", "name": "Dalia"}], "hashtags": [], "urls": []}, "in_reply_to_screen_name": "Chusid2015", "id_str": "552818667293904898", "retweet_count": 0, "in_reply_to_user_id": 2957564108, "favorited": false, "user": {"follow_request_sent": false, "profile_use_background_image": true, "profile_text_color": "333333", "default_profile_image": true, "id": 567039350, "profile_background_image_url_https": "https://abs.twimg.com/images/themes/theme1/bg.png", "verified": false, "profile_location": null, "profile_image_url_https": "https://abs.twimg.com/sticky/default_profile_images/default_profile_3_normal.png", "profile_sidebar_fill_color": "DDEEF6", "entities": {"description": {"urls": []}}, "followers_count": 86, "profile_sidebar_border_color": "C0DEED", "id_str": "567039350", "profile_background_color": "C0DEED", "listed_count": 1, "is_translation_enabled": false, "utc_offset": 28800, "statuses_count": 664, "description": "BUSINESSMAN , FROM KENYA AND HONG KONG. I CONSIDER BOTH KENYA AND HONGKONG CHINA MY COUNTRIES. WITH VAST EXPERIENCE IN BOTH IN BUSINESS FOR 30 YEARS.", "friends_count": 486, "location": "HONG KONG", "profile_link_color": "0084B4", "profile_image_url": "http://abs.twimg.com/sticky/default_profile_images/default_profile_3_normal.png", "following": false, "geo_enabled": true, "profile_background_image_url": "http://abs.twimg.com/images/themes/theme1/bg.png", "name": "HASSAN BASMER", "lang": "en", "profile_background_tile": false, "favourites_count": 589, "screen_name": "hassanbasmer", "notifications": false, "url": null, "created_at": "Mon Apr 30 08:20:44 +0000 2012", "contributors_enabled": false, "time_zone": "Hong Kong", "protected": false, "default_profile": true, "is_translator": false}, "geo": null, "in_reply_to_user_id_str": "2957564108", "lang": "en", "created_at": "Wed Jan 07 13:26:55 +0000 2015", "in_reply_to_status_id_str": "552818300124545025", "place": null}
