{"contributors": null, "truncated": false, "text": "@cnnbrk disturbing.", "in_reply_to_status_id": 552805488631758849, "id": 552806438440292352, "favorite_count": 0, "source": "<a href=\"http://twitter.com\" rel=\"nofollow\">Twitter Web Client</a>", "retweeted": false, "coordinates": null, "entities": {"symbols": [], "user_mentions": [{"id": 428333, "indices": [0, 7], "id_str": "428333", "screen_name": "cnnbrk", "name": "CNN Breaking News"}], "hashtags": [], "urls": []}, "in_reply_to_screen_name": "cnnbrk", "id_str": "552806438440292352", "retweet_count": 0, "in_reply_to_user_id": 428333, "favorited": false, "user": {"follow_request_sent": false, "profile_use_background_image": true, "profile_text_color": "333333", "default_profile_image": false, "id": 13002422, "profile_background_image_url_https": "https://abs.twimg.com/images/themes/theme7/bg.gif", "verified": false, "profile_location": null, "profile_image_url_https": "https://pbs.twimg.com/profile_images/299830865/________004_normal.jpg", "profile_sidebar_fill_color": "F3F3F3", "entities": {"url": {"urls": [{"url": "http://t.co/mXq64rbtjr", "indices": [0, 22], "expanded_url": "http://frickjifang.wordpress.com", "display_url": "frickjifang.wordpress.com"}]}, "description": {"urls": []}}, "followers_count": 790, "profile_sidebar_border_color": "DFDFDF", "id_str": "13002422", "profile_background_color": "EBEBEB", "listed_count": 21, "is_translation_enabled": false, "utc_offset": -32400, "statuses_count": 3350, "description": "MPH candidate @ UMich", "friends_count": 251, "location": "Ann Arbor", "profile_link_color": "990000", "profile_image_url": "http://pbs.twimg.com/profile_images/299830865/________004_normal.jpg", "following": false, "geo_enabled": true, "profile_banner_url": "https://pbs.twimg.com/profile_banners/13002422/1414264076", "profile_background_image_url": "http://abs.twimg.com/images/themes/theme7/bg.gif", "name": "frickjifang", "lang": "en", "profile_background_tile": false, "favourites_count": 5, "screen_name": "frickjifang", "notifications": false, "url": "http://t.co/mXq64rbtjr", "created_at": "Sun Feb 03 06:31:35 +0000 2008", "contributors_enabled": false, "time_zone": "Alaska", "protected": false, "default_profile": false, "is_translator": false}, "geo": null, "in_reply_to_user_id_str": "428333", "lang": "en", "created_at": "Wed Jan 07 12:38:20 +0000 2015", "in_reply_to_status_id_str": "552805488631758849", "place": null}
