{"contributors": null, "truncated": false, "text": "\u201c@cnnbrk: At least 12 killed in today's attack on satirical magazine #CharlieHebdo in Paris, official says. http://t.co/eS87lPU9Of\u201d", "in_reply_to_status_id": 552805488631758849, "id": 552805847777415168, "favorite_count": 0, "source": "<a href=\"http://twitter.com/#!/download/ipad\" rel=\"nofollow\">Twitter for iPad</a>", "retweeted": false, "coordinates": null, "entities": {"symbols": [], "user_mentions": [{"id": 428333, "indices": [1, 8], "id_str": "428333", "screen_name": "cnnbrk", "name": "CNN Breaking News"}], "hashtags": [{"indices": [69, 82], "text": "CharlieHebdo"}], "urls": [{"url": "http://t.co/eS87lPU9Of", "indices": [108, 130], "expanded_url": "http://cnn.it/1xE3Qkz", "display_url": "cnn.it/1xE3Qkz"}]}, "in_reply_to_screen_name": "cnnbrk", "id_str": "552805847777415168", "retweet_count": 0, "in_reply_to_user_id": 428333, "favorited": false, "user": {"follow_request_sent": false, "profile_use_background_image": true, "profile_text_color": "333333", "default_profile_image": false, "id": 25777686, "profile_background_image_url_https": "https://pbs.twimg.com/profile_background_images/9095166/lastatuedumarronincinnu.jpg", "verified": false, "profile_location": null, "profile_image_url_https": "https://pbs.twimg.com/profile_images/1360004056/5e5f2387-1b46-4b74-b464-a30c44b8f56d_normal.png", "profile_sidebar_fill_color": "EADEAA", "entities": {"url": {"urls": [{"url": "http://t.co/ZGsvlDemAk", "indices": [0, 22], "expanded_url": "http://www.live365.com/stations/haiticonnexion?play", "display_url": "live365.com/stations/haiti\u2026"}]}, "description": {"urls": []}}, "followers_count": 4892, "profile_sidebar_border_color": "D9B17E", "id_str": "25777686", "profile_background_color": "8B542B", "listed_count": 212, "is_translation_enabled": false, "utc_offset": -21600, "statuses_count": 16516, "description": "A webradio playing 24/7 all kind of hit music (world, zouk, Caribbean, zouk, French)operating under music licences;and broadcasting important news 4the Haitians", "friends_count": 1416, "location": "Florida/Arkansas", "profile_link_color": "8A0770", "profile_image_url": "http://pbs.twimg.com/profile_images/1360004056/5e5f2387-1b46-4b74-b464-a30c44b8f56d_normal.png", "following": false, "geo_enabled": false, "profile_banner_url": "https://pbs.twimg.com/profile_banners/25777686/1398224812", "profile_background_image_url": "http://pbs.twimg.com/profile_background_images/9095166/lastatuedumarronincinnu.jpg", "name": "RadioHaiti Connexion", "lang": "en", "profile_background_tile": false, "favourites_count": 167, "screen_name": "haiticonnexion", "notifications": false, "url": "http://t.co/ZGsvlDemAk", "created_at": "Sun Mar 22 03:59:58 +0000 2009", "contributors_enabled": false, "time_zone": "Central Time (US & Canada)", "protected": false, "default_profile": false, "is_translator": false}, "geo": null, "in_reply_to_user_id_str": "428333", "possibly_sensitive": true, "lang": "en", "created_at": "Wed Jan 07 12:35:59 +0000 2015", "in_reply_to_status_id_str": "552805488631758849", "place": null}
