{"contributors": null, "truncated": false, "text": "@HomefrontHugs @cnnbrk In France all Jewish official buldings including schools have to be tightly secured. Can't have police everywhere...", "in_reply_to_status_id": 552805987053490179, "id": 552807834078171136, "favorite_count": 1, "source": "<a href=\"http://twitter.com\" rel=\"nofollow\">Twitter Web Client</a>", "retweeted": false, "coordinates": null, "entities": {"symbols": [], "user_mentions": [{"id": 22583725, "indices": [0, 14], "id_str": "22583725", "screen_name": "HomefrontHugs", "name": "HOMEFRONT HUGS USA"}, {"id": 428333, "indices": [15, 22], "id_str": "428333", "screen_name": "cnnbrk", "name": "CNN Breaking News"}], "hashtags": [], "urls": []}, "in_reply_to_screen_name": "HomefrontHugs", "id_str": "552807834078171136", "retweet_count": 1, "in_reply_to_user_id": 22583725, "favorited": false, "user": {"follow_request_sent": false, "profile_use_background_image": true, "profile_text_color": "333333", "default_profile_image": true, "id": 540903074, "profile_background_image_url_https": "https://abs.twimg.com/images/themes/theme1/bg.png", "verified": false, "profile_location": null, "profile_image_url_https": "https://abs.twimg.com/sticky/default_profile_images/default_profile_5_normal.png", "profile_sidebar_fill_color": "DDEEF6", "entities": {"description": {"urls": []}}, "followers_count": 217, "profile_sidebar_border_color": "C0DEED", "id_str": "540903074", "profile_background_color": "C0DEED", "listed_count": 10, "is_translation_enabled": false, "utc_offset": null, "statuses_count": 22156, "description": "", "friends_count": 130, "location": "", "profile_link_color": "0084B4", "profile_image_url": "http://abs.twimg.com/sticky/default_profile_images/default_profile_5_normal.png", "following": false, "geo_enabled": false, "profile_background_image_url": "http://abs.twimg.com/images/themes/theme1/bg.png", "name": "Helene Keller-Lind", "lang": "en", "profile_background_tile": false, "favourites_count": 4986, "screen_name": "keller_lind", "notifications": false, "url": null, "created_at": "Fri Mar 30 15:23:38 +0000 2012", "contributors_enabled": false, "time_zone": null, "protected": false, "default_profile": true, "is_translator": false}, "geo": null, "in_reply_to_user_id_str": "22583725", "lang": "en", "created_at": "Wed Jan 07 12:43:52 +0000 2015", "in_reply_to_status_id_str": "552805987053490179", "place": null}
