{"contributors": null, "truncated": false, "text": "@cnnbrk it was time . Cause no respect for any religion. If talk about Jews . It's anti semite.  If abuse Islam freedom of religion\nDeserve", "in_reply_to_status_id": 552805488631758849, "id": 552806469217681409, "favorite_count": 1, "source": "<a href=\"http://twitter.com/download/android\" rel=\"nofollow\">Twitter for Android</a>", "retweeted": false, "coordinates": null, "entities": {"symbols": [], "user_mentions": [{"id": 428333, "indices": [0, 7], "id_str": "428333", "screen_name": "cnnbrk", "name": "CNN Breaking News"}], "hashtags": [], "urls": []}, "in_reply_to_screen_name": "cnnbrk", "id_str": "552806469217681409", "retweet_count": 0, "in_reply_to_user_id": 428333, "favorited": false, "user": {"follow_request_sent": false, "profile_use_background_image": true, "profile_text_color": "333333", "default_profile_image": true, "id": 567039350, "profile_background_image_url_https": "https://abs.twimg.com/images/themes/theme1/bg.png", "verified": false, "profile_location": null, "profile_image_url_https": "https://abs.twimg.com/sticky/default_profile_images/default_profile_3_normal.png", "profile_sidebar_fill_color": "DDEEF6", "entities": {"description": {"urls": []}}, "followers_count": 87, "profile_sidebar_border_color": "C0DEED", "id_str": "567039350", "profile_background_color": "C0DEED", "listed_count": 1, "is_translation_enabled": false, "utc_offset": 28800, "statuses_count": 655, "description": "BUSINESSMAN , FROM KENYA AND HONG KONG. I CONSIDER BOTH KENYA AND HONGKONG CHINA MY COUNTRIES. WITH VAST EXPERIENCE IN BOTH IN BUSINESS FOR 30 YEARS.", "friends_count": 484, "location": "HONG KONG", "profile_link_color": "0084B4", "profile_image_url": "http://abs.twimg.com/sticky/default_profile_images/default_profile_3_normal.png", "following": false, "geo_enabled": true, "profile_background_image_url": "http://abs.twimg.com/images/themes/theme1/bg.png", "name": "HASSAN BASMER", "lang": "en", "profile_background_tile": false, "favourites_count": 557, "screen_name": "hassanbasmer", "notifications": false, "url": null, "created_at": "Mon Apr 30 08:20:44 +0000 2012", "contributors_enabled": false, "time_zone": "Hong Kong", "protected": false, "default_profile": true, "is_translator": false}, "geo": null, "in_reply_to_user_id_str": "428333", "lang": "en", "created_at": "Wed Jan 07 12:38:27 +0000 2015", "in_reply_to_status_id_str": "552805488631758849", "place": null}
