{"contributors": null, "truncated": false, "text": "@darjaved7 @DaliaChai @hassanbasmer  yup and all those Jews slaughtering kids in Pakistan and kidnapping schoolgirls in Nigeria", "in_reply_to_status_id": 552819252705492992, "id": 552820020904861696, "favorite_count": 1, "source": "<a href=\"http://twitter.com/download/iphone\" rel=\"nofollow\">Twitter for iPhone</a>", "retweeted": false, "coordinates": {"type": "Point", "coordinates": [35.21592581, 31.79166354]}, "entities": {"symbols": [], "user_mentions": [{"id": 2861903904, "indices": [0, 10], "id_str": "2861903904", "screen_name": "darjaved7", "name": "itz dar"}, {"id": 2707815410, "indices": [11, 21], "id_str": "2707815410", "screen_name": "DaliaChai", "name": "Dalia"}, {"id": 567039350, "indices": [22, 35], "id_str": "567039350", "screen_name": "hassanbasmer", "name": "HASSAN BASMER"}], "hashtags": [], "urls": []}, "in_reply_to_screen_name": "darjaved7", "id_str": "552820020904861696", "retweet_count": 0, "in_reply_to_user_id": 2861903904, "favorited": false, "user": {"follow_request_sent": false, "profile_use_background_image": true, "profile_text_color": "333333", "default_profile_image": false, "id": 2957564108, "profile_background_image_url_https": "https://abs.twimg.com/images/themes/theme1/bg.png", "verified": false, "profile_location": null, "profile_image_url_https": "https://pbs.twimg.com/profile_images/551527428951007232/DOz1FeIb_normal.jpeg", "profile_sidebar_fill_color": "DDEEF6", "entities": {"description": {"urls": []}}, "followers_count": 38, "profile_sidebar_border_color": "C0DEED", "id_str": "2957564108", "profile_background_color": "C0DEED", "listed_count": 0, "is_translation_enabled": false, "utc_offset": null, "statuses_count": 210, "description": "free market conservative. registered republican. proud American. proud Jew. proud reader of great books", "friends_count": 85, "location": "Israel", "profile_link_color": "0084B4", "profile_image_url": "http://pbs.twimg.com/profile_images/551527428951007232/DOz1FeIb_normal.jpeg", "following": false, "geo_enabled": true, "profile_banner_url": "https://pbs.twimg.com/profile_banners/2957564108/1420544893", "profile_background_image_url": "http://abs.twimg.com/images/themes/theme1/bg.png", "name": "Israel Reich", "lang": "en", "profile_background_tile": false, "favourites_count": 274, "screen_name": "Chusid2015", "notifications": false, "url": null, "created_at": "Sat Jan 03 17:54:45 +0000 2015", "contributors_enabled": false, "time_zone": null, "protected": false, "default_profile": true, "is_translator": false}, "geo": {"type": "Point", "coordinates": [31.79166354, 35.21592581]}, "in_reply_to_user_id_str": "2861903904", "lang": "en", "created_at": "Wed Jan 07 13:32:18 +0000 2015", "in_reply_to_status_id_str": "552819252705492992", "place": {"full_name": "Israel", "url": "https://api.twitter.com/1.1/geo/id/2edb6e240797c549.json", "country": "\u05d9\u05e9\u05e8\u05d0\u05dc", "place_type": "country", "bounding_box": {"type": "Polygon", "coordinates": [[[34.2677443440349, 29.4975360001918], [35.8919799999187, 29.4975360001918], [35.8919799999187, 33.3333579998082], [34.2677443440349, 33.3333579998082]]]}, "contained_within": [], "country_code": "IL", "attributes": {}, "id": "2edb6e240797c549", "name": "Israel"}}
