{"contributors": null, "truncated": false, "text": "@zhuravkov67 @cnnbrk satire. Get it? Insults r free speech. Cowardice &amp; murder r not. Islamic terror is celebrated by its followers", "in_reply_to_status_id": 552806494283251712, "id": 552808456894169089, "favorite_count": 0, "source": "<a href=\"http://twitter.com/download/iphone\" rel=\"nofollow\">Twitter for iPhone</a>", "retweeted": false, "coordinates": null, "entities": {"symbols": [], "user_mentions": [{"id": 2762702188, "indices": [0, 12], "id_str": "2762702188", "screen_name": "zhuravkov67", "name": "\u0410\u043d\u0434\u0440\u0435\u0439 \u0416\u0443\u0440\u0430\u0432\u043a\u043e\u0432 "}, {"id": 428333, "indices": [13, 20], "id_str": "428333", "screen_name": "cnnbrk", "name": "CNN Breaking News"}], "hashtags": [], "urls": []}, "in_reply_to_screen_name": "zhuravkov67", "id_str": "552808456894169089", "retweet_count": 0, "in_reply_to_user_id": 2762702188, "favorited": false, "user": {"follow_request_sent": false, "profile_use_background_image": true, "profile_text_color": "333333", "default_profile_image": false, "id": 2707815410, "profile_background_image_url_https": "https://abs.twimg.com/images/themes/theme1/bg.png", "verified": false, "profile_location": null, "profile_image_url_https": "https://pbs.twimg.com/profile_images/528205384381906945/us5CMpO__normal.jpeg", "profile_sidebar_fill_color": "DDEEF6", "entities": {"description": {"urls": []}}, "followers_count": 367, "profile_sidebar_border_color": "C0DEED", "id_str": "2707815410", "profile_background_color": "C0DEED", "listed_count": 11, "is_translation_enabled": false, "utc_offset": null, "statuses_count": 11424, "description": "", "friends_count": 610, "location": "", "profile_link_color": "0084B4", "profile_image_url": "http://pbs.twimg.com/profile_images/528205384381906945/us5CMpO__normal.jpeg", "following": false, "geo_enabled": false, "profile_background_image_url": "http://abs.twimg.com/images/themes/theme1/bg.png", "name": "Dalia", "lang": "en", "profile_background_tile": false, "favourites_count": 6690, "screen_name": "DaliaChai", "notifications": false, "url": null, "created_at": "Tue Aug 05 00:32:43 +0000 2014", "contributors_enabled": false, "time_zone": null, "protected": false, "default_profile": true, "is_translator": false}, "geo": null, "in_reply_to_user_id_str": "2762702188", "lang": "en", "created_at": "Wed Jan 07 12:46:21 +0000 2015", "in_reply_to_status_id_str": "552806494283251712", "place": null}
