{"contributors": null, "truncated": false, "text": "@mohamudaish @hassanbasmer @cnnbrk go away. It's what arabs do", "in_reply_to_status_id": 552848069629575168, "id": 552900298516484098, "favorite_count": 0, "source": "<a href=\"http://twitter.com/download/iphone\" rel=\"nofollow\">Twitter for iPhone</a>", "retweeted": false, "coordinates": null, "entities": {"symbols": [], "user_mentions": [{"id": 2153036188, "indices": [0, 12], "id_str": "2153036188", "screen_name": "mohamudaish", "name": "mohamud "}, {"id": 567039350, "indices": [13, 26], "id_str": "567039350", "screen_name": "hassanbasmer", "name": "HASSAN BASMER"}, {"id": 428333, "indices": [27, 34], "id_str": "428333", "screen_name": "cnnbrk", "name": "CNN Breaking News"}], "hashtags": [], "urls": []}, "in_reply_to_screen_name": "mohamudaish", "id_str": "552900298516484098", "retweet_count": 0, "in_reply_to_user_id": 2153036188, "favorited": false, "user": {"follow_request_sent": false, "profile_use_background_image": true, "profile_text_color": "333333", "default_profile_image": false, "id": 2707815410, "profile_background_image_url_https": "https://abs.twimg.com/images/themes/theme1/bg.png", "verified": false, "profile_location": null, "profile_image_url_https": "https://pbs.twimg.com/profile_images/528205384381906945/us5CMpO__normal.jpeg", "profile_sidebar_fill_color": "DDEEF6", "entities": {"description": {"urls": []}}, "followers_count": 400, "profile_sidebar_border_color": "C0DEED", "id_str": "2707815410", "profile_background_color": "C0DEED", "listed_count": 12, "is_translation_enabled": false, "utc_offset": null, "statuses_count": 12611, "description": "", "friends_count": 659, "location": "", "profile_link_color": "0084B4", "profile_image_url": "http://pbs.twimg.com/profile_images/528205384381906945/us5CMpO__normal.jpeg", "following": false, "geo_enabled": false, "profile_background_image_url": "http://abs.twimg.com/images/themes/theme1/bg.png", "name": "Dalia", "lang": "en", "profile_background_tile": false, "favourites_count": 7298, "screen_name": "DaliaChai", "notifications": false, "url": null, "created_at": "Tue Aug 05 00:32:43 +0000 2014", "contributors_enabled": false, "time_zone": null, "protected": false, "default_profile": true, "is_translator": false}, "geo": null, "in_reply_to_user_id_str": "2153036188", "lang": "en", "created_at": "Wed Jan 07 18:51:18 +0000 2015", "in_reply_to_status_id_str": "552848069629575168", "place": null}
