{"is_rumour":"rumour","category":"12 people died in connection with the Charlie Hebdo attack","misinformation":0,"true":"1","links":[{"link":"http:\/\/www.aljazeera.com\/news\/europe\/2015\/01\/french-newspaper-attacked-paris-gunmen-201517111836139681.html","mediatype":"news-media","position":"for"},{"link":"http:\/\/www.bbc.com\/news\/world-europe-30710883?ns_mchannel=social","mediatype":"news-media","position":"for"},{"link":"http:\/\/www.independent.co.uk\/news\/world\/europe\/charlie-hebdo-paris-shooting-live-updates-9962394.html","mediatype":"news-media","position":"for"},{"link":"http:\/\/www.usatoday.com\/story\/news\/world\/2015\/01\/07\/france-charlie-hebdo-satirical-publisher\/21377861\/","mediatype":"news-media","position":"for"}],"is_turnaround":0}