{"contributors": null, "truncated": false, "text": "\u201c@Colvinius: \u201c@LePoint: #CharlieHebdo : \u201cThe cartoonists Charb &amp; cabu are dead.\u201d http://t.co/DulWZcURCu http://t.co/vbQMAW7MC0\u201d\u201d @hyzaidi", "in_reply_to_status_id": 552806309540528128, "id": 552806751746396160, "favorite_count": 0, "source": "<a href=\"http://twitter.com/#!/download/ipad\" rel=\"nofollow\">Twitter for iPad</a>", "retweeted": false, "coordinates": null, "entities": {"symbols": [], "user_mentions": [{"id": 21749564, "indices": [1, 11], "id_str": "21749564", "screen_name": "Colvinius", "name": "Mark Colvin"}, {"id": 8460572, "indices": [14, 22], "id_str": "8460572", "screen_name": "LePoint", "name": "Le Point"}, {"id": 126592284, "indices": [133, 141], "id_str": "126592284", "screen_name": "hyzaidi", "name": "Hasan Zaidi"}], "hashtags": [{"indices": [24, 37], "text": "CharlieHebdo"}], "urls": [{"url": "http://t.co/DulWZcURCu", "indices": [85, 107], "expanded_url": "http://lpnt.fr/1tIRx0P", "display_url": "lpnt.fr/1tIRx0P"}], "media": [{"source_user_id": 8460572, "source_status_id_str": "552802888800800768", "expanded_url": "http://twitter.com/LePoint/status/552802888800800768/photo/1", "display_url": "pic.twitter.com/vbQMAW7MC0", "url": "http://t.co/vbQMAW7MC0", "media_url_https": "https://pbs.twimg.com/media/B6vzTAoCEAEusIa.jpg", "source_user_id_str": "8460572", "source_status_id": 552802888800800768, "id_str": "552802887193989121", "sizes": {"large": {"h": 435, "resize": "fit", "w": 1000}, "small": {"h": 147, "resize": "fit", "w": 340}, "medium": {"h": 261, "resize": "fit", "w": 600}, "thumb": {"h": 150, "resize": "crop", "w": 150}}, "indices": [108, 130], "type": "photo", "id": 552802887193989121, "media_url": "http://pbs.twimg.com/media/B6vzTAoCEAEusIa.jpg"}]}, "in_reply_to_screen_name": "Colvinius", "id_str": "552806751746396160", "retweet_count": 6, "in_reply_to_user_id": 21749564, "favorited": false, "user": {"follow_request_sent": false, "profile_use_background_image": true, "profile_text_color": "333333", "default_profile_image": false, "id": 1332220207, "profile_background_image_url_https": "https://abs.twimg.com/images/themes/theme1/bg.png", "verified": false, "profile_location": null, "profile_image_url_https": "https://pbs.twimg.com/profile_images/510683264713895936/SQgR3blI_normal.jpeg", "profile_sidebar_fill_color": "DDEEF6", "entities": {"description": {"urls": []}}, "followers_count": 303, "profile_sidebar_border_color": "C0DEED", "id_str": "1332220207", "profile_background_color": "C0DEED", "listed_count": 4, "is_translation_enabled": false, "utc_offset": null, "statuses_count": 15556, "description": "The trouble with the world is that the stupid are cocksure and the intelligent are full of doubt (Bertrand Russell) - stolen from Mustafa", "friends_count": 554, "location": "In Between GIG JFK LHR ISB", "profile_link_color": "0084B4", "profile_image_url": "http://pbs.twimg.com/profile_images/510683264713895936/SQgR3blI_normal.jpeg", "following": false, "geo_enabled": true, "profile_banner_url": "https://pbs.twimg.com/profile_banners/1332220207/1405852622", "profile_background_image_url": "http://abs.twimg.com/images/themes/theme1/bg.png", "name": "Mourning Peshawar", "lang": "en", "profile_background_tile": false, "favourites_count": 4996, "screen_name": "MuhammadAArshad", "notifications": false, "url": null, "created_at": "Sat Apr 06 18:27:38 +0000 2013", "contributors_enabled": false, "time_zone": null, "protected": false, "default_profile": true, "is_translator": false}, "geo": null, "in_reply_to_user_id_str": "21749564", "possibly_sensitive": false, "lang": "en", "created_at": "Wed Jan 07 12:39:34 +0000 2015", "in_reply_to_status_id_str": "552806309540528128", "place": null, "extended_entities": {"media": [{"source_user_id": 8460572, "source_status_id_str": "552802888800800768", "expanded_url": "http://twitter.com/LePoint/status/552802888800800768/photo/1", "display_url": "pic.twitter.com/vbQMAW7MC0", "url": "http://t.co/vbQMAW7MC0", "media_url_https": "https://pbs.twimg.com/media/B6vzTAoCEAEusIa.jpg", "source_user_id_str": "8460572", "source_status_id": 552802888800800768, "id_str": "552802887193989121", "sizes": {"large": {"h": 435, "resize": "fit", "w": 1000}, "small": {"h": 147, "resize": "fit", "w": 340}, "medium": {"h": 261, "resize": "fit", "w": 600}, "thumb": {"h": 150, "resize": "crop", "w": 150}}, "indices": [108, 130], "type": "photo", "id": 552802887193989121, "media_url": "http://pbs.twimg.com/media/B6vzTAoCEAEusIa.jpg"}]}}
