{"contributors":null,"truncated":false,"text":"@Colvinius @plesbilongmi @LePoint oh god. No.","in_reply_to_status_id":552806309540528128,"id":552807393453547522,"favorite_count":0,"source":"<a href=\"http:\/\/twitter.com\/download\/iphone\" rel=\"nofollow\">Twitter for iPhone<\/a>","retweeted":false,"coordinates":null,"entities":{"symbols":[],"user_mentions":[{"id":21749564,"indices":[0,10],"id_str":"21749564","screen_name":"Colvinius","name":"Mark Colvin"},{"id":133760563,"indices":[11,24],"id_str":"133760563","screen_name":"plesbilongmi","name":"Max Uechtritz"},{"id":8460572,"indices":[25,33],"id_str":"8460572","screen_name":"LePoint","name":"Le Point"}],"hashtags":[],"urls":[]},"in_reply_to_screen_name":"Colvinius","id_str":"552807393453547522","retweet_count":0,"in_reply_to_user_id":21749564,"favorited":false,"user":{"follow_request_sent":false,"profile_use_background_image":true,"profile_text_color":"333333","default_profile_image":false,"id":226475070,"profile_background_image_url_https":"https:\/\/abs.twimg.com\/images\/themes\/theme18\/bg.gif","verified":true,"profile_location":null,"profile_image_url_https":"https:\/\/pbs.twimg.com\/profile_images\/562455485383577600\/WomgnaC5_normal.jpeg","profile_sidebar_fill_color":"F6F6F6","entities":{"description":{"urls":[]}},"followers_count":5576,"profile_sidebar_border_color":"EEEEEE","id_str":"226475070","profile_background_color":"ACDED6","listed_count":234,"is_translation_enabled":false,"utc_offset":39600,"statuses_count":35195,"description":"#Socialmedia lead @redcrossau. 1st SM editor in Aust (@newscorpaus). @melbpressclub committee. Opinions own+RTs \u2260 endorsement. News\/Music\/Food\/China\/NGOs\/Comedy","friends_count":2889,"location":"Melbourne","profile_link_color":"038543","profile_image_url":"http:\/\/pbs.twimg.com\/profile_images\/562455485383577600\/WomgnaC5_normal.jpeg","following":false,"geo_enabled":true,"profile_banner_url":"https:\/\/pbs.twimg.com\/profile_banners\/226475070\/1354259070","profile_background_image_url":"http:\/\/abs.twimg.com\/images\/themes\/theme18\/bg.gif","name":"Isabelle Oderberg","lang":"en","profile_background_tile":false,"favourites_count":571,"screen_name":"yodaberg","notifications":false,"url":null,"created_at":"Tue Dec 14 07:13:35 +0000 2010","contributors_enabled":false,"time_zone":"Melbourne","protected":false,"default_profile":false,"is_translator":false},"geo":null,"in_reply_to_user_id_str":"21749564","lang":"en","created_at":"Wed Jan 07 12:42:07 +0000 2015","in_reply_to_status_id_str":"552806309540528128","place":null}