{"contributors":null,"truncated":false,"text":"@SuzanneCarbone @JulieOMarshall @Colvinius @LePoint https:\/\/t.co\/Mqm0jWCWYU","in_reply_to_status_id":552806767625641984,"id":552807952315207680,"favorite_count":0,"source":"<a href=\"http:\/\/twitter.com\/download\/iphone\" rel=\"nofollow\">Twitter for iPhone<\/a>","retweeted":false,"coordinates":null,"entities":{"symbols":[],"user_mentions":[{"id":19898890,"indices":[0,15],"id_str":"19898890","screen_name":"SuzanneCarbone","name":"Suzanne Carbone"},{"id":1100048125,"indices":[16,31],"id_str":"1100048125","screen_name":"JulieOMarshall","name":"Julie M"},{"id":21749564,"indices":[32,42],"id_str":"21749564","screen_name":"Colvinius","name":"Mark Colvin"},{"id":8460572,"indices":[43,51],"id_str":"8460572","screen_name":"LePoint","name":"Le Point"}],"hashtags":[],"urls":[{"url":"https:\/\/t.co\/Mqm0jWCWYU","indices":[52,75],"expanded_url":"https:\/\/www.youtube.com\/watch?v=oTobQZ5ZzWk","display_url":"youtube.com\/watch?v=oTobQZ\u2026"}]},"in_reply_to_screen_name":"SuzanneCarbone","id_str":"552807952315207680","retweet_count":0,"in_reply_to_user_id":19898890,"favorited":false,"user":{"follow_request_sent":false,"profile_use_background_image":true,"profile_text_color":"333333","default_profile_image":false,"id":324908191,"profile_background_image_url_https":"https:\/\/pbs.twimg.com\/profile_background_images\/533833749239058433\/mP9AuOw4.jpeg","verified":false,"profile_location":null,"profile_image_url_https":"https:\/\/pbs.twimg.com\/profile_images\/589019838565130241\/rt7c7Mtv_normal.jpg","profile_sidebar_fill_color":"DDEEF6","entities":{"description":{"urls":[]}},"followers_count":378,"profile_sidebar_border_color":"000000","id_str":"324908191","profile_background_color":"EBEBEB","listed_count":7,"is_translation_enabled":false,"utc_offset":39600,"statuses_count":13217,"description":"Politics & poli-tricks debates, Marketing\/Engineering\/solutions designer, Party loving, global News & current affairs enthu. Traveller. opinions r mine strictly","friends_count":567,"location":"Melbourne","profile_link_color":"990000","profile_image_url":"http:\/\/pbs.twimg.com\/profile_images\/589019838565130241\/rt7c7Mtv_normal.jpg","following":false,"geo_enabled":true,"profile_banner_url":"https:\/\/pbs.twimg.com\/profile_banners\/324908191\/1420798305","profile_background_image_url":"http:\/\/pbs.twimg.com\/profile_background_images\/533833749239058433\/mP9AuOw4.jpeg","name":"Juice","lang":"en","profile_background_tile":false,"favourites_count":2818,"screen_name":"juice_pre","notifications":false,"url":null,"created_at":"Mon Jun 27 12:23:16 +0000 2011","contributors_enabled":false,"time_zone":"Melbourne","protected":false,"default_profile":false,"is_translator":false},"geo":null,"in_reply_to_user_id_str":"19898890","possibly_sensitive":false,"lang":"und","created_at":"Wed Jan 07 12:44:21 +0000 2015","in_reply_to_status_id_str":"552806767625641984","place":null}