{"contributors": null, "truncated": false, "text": "@Red4Mira @MartinRJay Because *not* to do it for any religion creates a class of people who can't be criticised.", "in_reply_to_status_id": 552811106046324736, "id": 552811900686176257, "favorite_count": 3, "source": "<a href=\"http://tapbots.com/tweetbot\" rel=\"nofollow\">Tweetbot for i\u039fS</a>", "retweeted": false, "coordinates": null, "entities": {"symbols": [], "user_mentions": [{"id": 2943604810, "indices": [0, 9], "id_str": "2943604810", "screen_name": "Red4Mira", "name": "mira"}, {"id": 2230258634, "indices": [10, 21], "id_str": "2230258634", "screen_name": "MartinRJay", "name": "Martin Jay"}], "hashtags": [], "urls": []}, "in_reply_to_screen_name": "Red4Mira", "id_str": "552811900686176257", "retweet_count": 1, "in_reply_to_user_id": 2943604810, "favorited": false, "user": {"follow_request_sent": false, "profile_use_background_image": true, "profile_text_color": "333333", "default_profile_image": false, "id": 21749564, "profile_background_image_url_https": "https://abs.twimg.com/images/themes/theme7/bg.gif", "verified": true, "profile_location": null, "profile_image_url_https": "https://pbs.twimg.com/profile_images/1240028999/n720929879_177388_9305_normal.jpg", "profile_sidebar_fill_color": "F3F3F3", "entities": {"url": {"urls": [{"url": "http://t.co/IVEL8aJt9v", "indices": [0, 22], "expanded_url": "http://www.abc.net.au/pm", "display_url": "abc.net.au/pm"}]}, "description": {"urls": []}}, "followers_count": 61746, "profile_sidebar_border_color": "DFDFDF", "id_str": "21749564", "profile_background_color": "EBEBEB", "listed_count": 1868, "is_translation_enabled": false, "utc_offset": 39600, "statuses_count": 120973, "description": "Presenter of PM, ABC Radio. Lifetime Lance-Corporal in the Awkward Squad.", "friends_count": 2596, "location": "@amworldtodaypm ", "profile_link_color": "990000", "profile_image_url": "http://pbs.twimg.com/profile_images/1240028999/n720929879_177388_9305_normal.jpg", "following": false, "geo_enabled": false, "profile_banner_url": "https://pbs.twimg.com/profile_banners/21749564/1363483259", "profile_background_image_url": "http://abs.twimg.com/images/themes/theme7/bg.gif", "name": "Mark Colvin", "lang": "en", "profile_background_tile": false, "favourites_count": 1052, "screen_name": "Colvinius", "notifications": false, "url": "http://t.co/IVEL8aJt9v", "created_at": "Tue Feb 24 12:29:44 +0000 2009", "contributors_enabled": false, "time_zone": "Sydney", "protected": false, "default_profile": false, "is_translator": false}, "geo": null, "in_reply_to_user_id_str": "2943604810", "lang": "en", "created_at": "Wed Jan 07 13:00:02 +0000 2015", "in_reply_to_status_id_str": "552811106046324736", "place": null}
