{"contributors": null, "truncated": false, "text": "@SuzanneCarbone @Mass_debater @Colvinius @LePoint Please RT - Download a hilarious FREE Koran PARODY https://t.co/hXbeZHdguj", "in_reply_to_status_id": 552806767625641984, "id": 552817422366154752, "favorite_count": 0, "source": "<a href=\"http://twitter.com\" rel=\"nofollow\">Twitter Web Client</a>", "retweeted": false, "coordinates": null, "entities": {"symbols": [], "user_mentions": [{"id": 19898890, "indices": [0, 15], "id_str": "19898890", "screen_name": "SuzanneCarbone", "name": "Suzanne Carbone"}, {"id": 222243630, "indices": [16, 29], "id_str": "222243630", "screen_name": "Mass_debater", "name": "Richard "}, {"id": 21749564, "indices": [30, 40], "id_str": "21749564", "screen_name": "Colvinius", "name": "Mark Colvin"}, {"id": 8460572, "indices": [41, 49], "id_str": "8460572", "screen_name": "LePoint", "name": "Le Point"}], "hashtags": [], "urls": [{"url": "https://t.co/hXbeZHdguj", "indices": [101, 124], "expanded_url": "https://www.smashwords.com/books/view/492112", "display_url": "smashwords.com/books/view/492\u2026"}]}, "in_reply_to_screen_name": "SuzanneCarbone", "id_str": "552817422366154752", "retweet_count": 0, "in_reply_to_user_id": 19898890, "favorited": false, "user": {"follow_request_sent": false, "profile_use_background_image": false, "profile_text_color": "000000", "default_profile_image": false, "id": 2886586060, "profile_background_image_url_https": "https://abs.twimg.com/images/themes/theme1/bg.png", "verified": false, "profile_location": null, "profile_image_url_https": "https://pbs.twimg.com/profile_images/553333386517827584/frdgq_0j_normal.png", "profile_sidebar_fill_color": "000000", "entities": {"description": {"urls": [{"url": "https://t.co/WrT11g65vd", "indices": [102, 125], "expanded_url": "https://www.smashwords.com/books/view/492112", "display_url": "smashwords.com/books/view/492\u2026"}]}}, "followers_count": 1656, "profile_sidebar_border_color": "000000", "id_str": "2886586060", "profile_background_color": "000000", "listed_count": 31, "is_translation_enabled": false, "utc_offset": 39600, "statuses_count": 25019, "description": "I am the author of the Lost Verses of the Koran - a FREE Koran parody for infidels of all ages.       https://t.co/WrT11g65vd", "friends_count": 1670, "location": "Earth", "profile_link_color": "3B94D9", "profile_image_url": "http://pbs.twimg.com/profile_images/553333386517827584/frdgq_0j_normal.png", "following": false, "geo_enabled": false, "profile_banner_url": "https://pbs.twimg.com/profile_banners/2886586060/1418276334", "profile_background_image_url": "http://abs.twimg.com/images/themes/theme1/bg.png", "name": "Lemnoc", "lang": "en", "profile_background_tile": false, "favourites_count": 5806, "screen_name": "Lemnoc55", "notifications": false, "url": null, "created_at": "Fri Nov 21 05:53:09 +0000 2014", "contributors_enabled": false, "time_zone": "Sydney", "protected": false, "default_profile": false, "is_translator": false}, "geo": null, "in_reply_to_user_id_str": "19898890", "possibly_sensitive": false, "lang": "en", "created_at": "Wed Jan 07 13:21:59 +0000 2015", "in_reply_to_status_id_str": "552806767625641984", "place": null}
