{"contributors": null, "truncated": false, "text": "@Colvinius @IrinaGalushkoRT @LePoint \u0434\u043e\u0440\u0438\u0441\u043e\u0432\u0430\u043b\u0441\u044f... \u0441\u0430\u043c \u0432\u0438\u043d\u043e\u0432\u0430\u0442", "in_reply_to_status_id": 552806309540528128, "id": 552808267572064256, "favorite_count": 0, "source": "<a href=\"http://twitter.com\" rel=\"nofollow\">Twitter Web Client</a>", "retweeted": false, "coordinates": null, "entities": {"symbols": [], "user_mentions": [{"id": 21749564, "indices": [0, 10], "id_str": "21749564", "screen_name": "Colvinius", "name": "Mark Colvin"}, {"id": 384390216, "indices": [11, 27], "id_str": "384390216", "screen_name": "IrinaGalushkoRT", "name": "Irina Galushko"}, {"id": 8460572, "indices": [28, 36], "id_str": "8460572", "screen_name": "LePoint", "name": "Le Point"}], "hashtags": [], "urls": []}, "in_reply_to_screen_name": "Colvinius", "id_str": "552808267572064256", "retweet_count": 0, "in_reply_to_user_id": 21749564, "favorited": false, "user": {"follow_request_sent": false, "profile_use_background_image": true, "profile_text_color": "333333", "default_profile_image": false, "id": 79756310, "profile_background_image_url_https": "https://pbs.twimg.com/profile_background_images/500254372240953344/Ny8wlHXT.jpeg", "verified": false, "profile_location": null, "profile_image_url_https": "https://pbs.twimg.com/profile_images/535757808419868672/PETgK1RU_normal.jpeg", "profile_sidebar_fill_color": "EFEFEF", "entities": {"description": {"urls": []}}, "followers_count": 1913, "profile_sidebar_border_color": "000000", "id_str": "79756310", "profile_background_color": "000000", "listed_count": 79, "is_translation_enabled": false, "utc_offset": 25200, "statuses_count": 8271, "description": "\u041f\u0430\u0442\u0440\u0438\u043e\u0442", "friends_count": 143, "location": "\u0420\u043e\u0441\u0441\u0438\u044f", "profile_link_color": "3B94D9", "profile_image_url": "http://pbs.twimg.com/profile_images/535757808419868672/PETgK1RU_normal.jpeg", "following": false, "geo_enabled": true, "profile_banner_url": "https://pbs.twimg.com/profile_banners/79756310/1418495654", "profile_background_image_url": "http://pbs.twimg.com/profile_background_images/500254372240953344/Ny8wlHXT.jpeg", "name": "\u0418\u043d\u0441\u043f\u0435\u043a\u0442\u043e\u0440 \u043f\u0440\u0430\u0432\u0434\u044b", "lang": "ru", "profile_background_tile": false, "favourites_count": 200, "screen_name": "mdeejay_ru", "notifications": false, "url": null, "created_at": "Sun Oct 04 15:33:16 +0000 2009", "contributors_enabled": false, "time_zone": "Novosibirsk", "protected": false, "default_profile": false, "is_translator": false}, "geo": null, "in_reply_to_user_id_str": "21749564", "lang": "ru", "created_at": "Wed Jan 07 12:45:36 +0000 2015", "in_reply_to_status_id_str": "552806309540528128", "place": null}
