{"contributors":null,"truncated":false,"text":"@Colvinius @MartinRJay  Saw that b4, thanks anyway","in_reply_to_status_id":552813608694857730,"id":552814686149017600,"favorite_count":0,"source":"<a href=\"http:\/\/www.twitter.com\" rel=\"nofollow\">Twitter for BlackBerry<\/a>","retweeted":false,"coordinates":null,"entities":{"symbols":[],"user_mentions":[{"id":21749564,"indices":[0,10],"id_str":"21749564","screen_name":"Colvinius","name":"Mark Colvin"},{"id":2230258634,"indices":[11,22],"id_str":"2230258634","screen_name":"MartinRJay","name":"Martin Jay"}],"hashtags":[],"urls":[]},"in_reply_to_screen_name":"Colvinius","id_str":"552814686149017600","retweet_count":0,"in_reply_to_user_id":21749564,"favorited":false,"user":{"follow_request_sent":false,"profile_use_background_image":true,"profile_text_color":"333333","default_profile_image":false,"id":2943604810,"profile_background_image_url_https":"https:\/\/abs.twimg.com\/images\/themes\/theme1\/bg.png","verified":false,"profile_location":null,"profile_image_url_https":"https:\/\/pbs.twimg.com\/profile_images\/564440252824449024\/dz7wlrNK_normal.jpeg","profile_sidebar_fill_color":"DDEEF6","entities":{"description":{"urls":[]}},"followers_count":28,"profile_sidebar_border_color":"C0DEED","id_str":"2943604810","profile_background_color":"C0DEED","listed_count":0,"is_translation_enabled":false,"utc_offset":null,"statuses_count":346,"description":"Following the news","friends_count":107,"location":"","profile_link_color":"0084B4","profile_image_url":"http:\/\/pbs.twimg.com\/profile_images\/564440252824449024\/dz7wlrNK_normal.jpeg","following":false,"geo_enabled":false,"profile_banner_url":"https:\/\/pbs.twimg.com\/profile_banners\/2943604810\/1420368116","profile_background_image_url":"http:\/\/abs.twimg.com\/images\/themes\/theme1\/bg.png","name":"mira","lang":"en","profile_background_tile":false,"favourites_count":258,"screen_name":"Red4Mira","notifications":false,"url":null,"created_at":"Sat Dec 27 10:07:05 +0000 2014","contributors_enabled":false,"time_zone":null,"protected":false,"default_profile":true,"is_translator":false},"geo":null,"in_reply_to_user_id_str":"21749564","lang":"en","created_at":"Wed Jan 07 13:11:06 +0000 2015","in_reply_to_status_id_str":"552813608694857730","place":null}