{"contributors": null, "truncated": false, "text": "@Colvinius @IrinaGalushkoRT @LePoint Shit! \" le grand Duduche\" was my youth...", "in_reply_to_status_id": 552806309540528128, "id": 552808821434089472, "favorite_count": 1, "source": "<a href=\"http://twitter.com\" rel=\"nofollow\">Twitter Web Client</a>", "retweeted": false, "coordinates": null, "entities": {"symbols": [], "user_mentions": [{"id": 21749564, "indices": [0, 10], "id_str": "21749564", "screen_name": "Colvinius", "name": "Mark Colvin"}, {"id": 384390216, "indices": [11, 27], "id_str": "384390216", "screen_name": "IrinaGalushkoRT", "name": "Irina Galushko"}, {"id": 8460572, "indices": [28, 36], "id_str": "8460572", "screen_name": "LePoint", "name": "Le Point"}], "hashtags": [], "urls": []}, "in_reply_to_screen_name": "Colvinius", "id_str": "552808821434089472", "retweet_count": 0, "in_reply_to_user_id": 21749564, "favorited": false, "user": {"follow_request_sent": false, "profile_use_background_image": true, "profile_text_color": "333333", "default_profile_image": false, "id": 1662944101, "profile_background_image_url_https": "https://pbs.twimg.com/profile_background_images/451036720004206593/isRKdXC0.jpeg", "verified": false, "profile_location": null, "profile_image_url_https": "https://pbs.twimg.com/profile_images/378800000275263551/9c3386fd898b49bb9e346fcb45764945_normal.jpeg", "profile_sidebar_fill_color": "DDEEF6", "entities": {"url": {"urls": [{"url": "http://t.co/ICKiFUPXzb", "indices": [0, 22], "expanded_url": "http://pourlasyrie.blogspot.fr", "display_url": "pourlasyrie.blogspot.fr"}]}, "description": {"urls": []}}, "followers_count": 104, "profile_sidebar_border_color": "FFFFFF", "id_str": "1662944101", "profile_background_color": "709397", "listed_count": 1, "is_translation_enabled": false, "utc_offset": 7200, "statuses_count": 2486, "description": "amateur en tout", "friends_count": 257, "location": "", "profile_link_color": "FF3300", "profile_image_url": "http://pbs.twimg.com/profile_images/378800000275263551/9c3386fd898b49bb9e346fcb45764945_normal.jpeg", "following": false, "geo_enabled": false, "profile_banner_url": "https://pbs.twimg.com/profile_banners/1662944101/1393490591", "profile_background_image_url": "http://pbs.twimg.com/profile_background_images/451036720004206593/isRKdXC0.jpeg", "name": "Andr\u00e9 thomas", "lang": "fr", "profile_background_tile": true, "favourites_count": 321, "screen_name": "AndreLudion", "notifications": false, "url": "http://t.co/ICKiFUPXzb", "created_at": "Sun Aug 11 16:17:44 +0000 2013", "contributors_enabled": false, "time_zone": "Athens", "protected": false, "default_profile": false, "is_translator": false}, "geo": null, "in_reply_to_user_id_str": "21749564", "lang": "en", "created_at": "Wed Jan 07 12:47:48 +0000 2015", "in_reply_to_status_id_str": "552806309540528128", "place": null}
