{"contributors":null,"truncated":false,"text":"@Colvinius @LePoint tragedy :( :( #CharlieHebdo","in_reply_to_status_id":552806309540528128,"id":552806614973960192,"favorite_count":1,"source":"<a href=\"http:\/\/twitter.com\/#!\/download\/ipad\" rel=\"nofollow\">Twitter for iPad<\/a>","retweeted":false,"coordinates":null,"entities":{"symbols":[],"user_mentions":[{"id":21749564,"indices":[0,10],"id_str":"21749564","screen_name":"Colvinius","name":"Mark Colvin"},{"id":8460572,"indices":[11,19],"id_str":"8460572","screen_name":"LePoint","name":"Le Point"}],"hashtags":[{"indices":[34,47],"text":"CharlieHebdo"}],"urls":[]},"in_reply_to_screen_name":"Colvinius","id_str":"552806614973960192","retweet_count":0,"in_reply_to_user_id":21749564,"favorited":false,"user":{"follow_request_sent":false,"profile_use_background_image":true,"profile_text_color":"333333","default_profile_image":false,"id":21525006,"profile_background_image_url_https":"https:\/\/abs.twimg.com\/images\/themes\/theme16\/bg.gif","verified":false,"profile_location":null,"profile_image_url_https":"https:\/\/pbs.twimg.com\/profile_images\/588144413408268288\/TiRt4Lrv_normal.jpg","profile_sidebar_fill_color":"DDFFCC","entities":{"description":{"urls":[]}},"followers_count":1005,"profile_sidebar_border_color":"B2DECF","id_str":"21525006","profile_background_color":"9AE4E8","listed_count":20,"is_translation_enabled":false,"utc_offset":39600,"statuses_count":6354,"description":"parent, spouse, trading @SX, following latest news and politics, think people take themselves way too seriously","friends_count":871,"location":"Australia","profile_link_color":"0084B4","profile_image_url":"http:\/\/pbs.twimg.com\/profile_images\/588144413408268288\/TiRt4Lrv_normal.jpg","following":false,"geo_enabled":true,"profile_background_image_url":"http:\/\/abs.twimg.com\/images\/themes\/theme16\/bg.gif","name":"Hel\u00e9na ","lang":"en","profile_background_tile":false,"favourites_count":13558,"screen_name":"Hel5yd","notifications":false,"url":null,"created_at":"Sat Feb 21 22:56:16 +0000 2009","contributors_enabled":false,"time_zone":"Sydney","protected":false,"default_profile":false,"is_translator":false},"geo":null,"in_reply_to_user_id_str":"21749564","lang":"en","created_at":"Wed Jan 07 12:39:02 +0000 2015","in_reply_to_status_id_str":"552806309540528128","place":null}