{"contributors": null, "truncated": false, "text": "@Colvinius Just awful. @LePoint", "in_reply_to_status_id": 552806309540528128, "id": 552808046938697729, "favorite_count": 0, "source": "<a href=\"http://twitter.com\" rel=\"nofollow\">Twitter Web Client</a>", "retweeted": false, "coordinates": null, "entities": {"symbols": [], "user_mentions": [{"id": 21749564, "indices": [0, 10], "id_str": "21749564", "screen_name": "Colvinius", "name": "Mark Colvin"}, {"id": 8460572, "indices": [23, 31], "id_str": "8460572", "screen_name": "LePoint", "name": "Le Point"}], "hashtags": [], "urls": []}, "in_reply_to_screen_name": "Colvinius", "id_str": "552808046938697729", "retweet_count": 0, "in_reply_to_user_id": 21749564, "favorited": false, "user": {"follow_request_sent": false, "profile_use_background_image": true, "profile_text_color": "333333", "default_profile_image": false, "id": 22246016, "profile_background_image_url_https": "https://pbs.twimg.com/profile_background_images/818322192/c38e469029e848f37c681a4d9966ea9c.jpeg", "verified": false, "profile_location": null, "profile_image_url_https": "https://pbs.twimg.com/profile_images/417193841234423810/cuzvwpGE_normal.jpeg", "profile_sidebar_fill_color": "EADEAA", "entities": {"url": {"urls": [{"url": "http://t.co/zKDSg5doig", "indices": [0, 22], "expanded_url": "http://www.stumbleupon.com/stumbler/OliviaB/likes", "display_url": "stumbleupon.com/stumbler/Olivi\u2026"}]}, "description": {"urls": []}}, "followers_count": 3080, "profile_sidebar_border_color": "FFFFFF", "id_str": "22246016", "profile_background_color": "8B542B", "listed_count": 155, "is_translation_enabled": false, "utc_offset": 39600, "statuses_count": 69931, "description": "~ part goddess, part mountain goat ~\r\naustralian ex NYC. recovering journalist, grounded gypsy, bolshie buddhist. Rainforest, the wondrous  Tassie Tarkine", "friends_count": 3336, "location": "australia", "profile_link_color": "9D582E", "profile_image_url": "http://pbs.twimg.com/profile_images/417193841234423810/cuzvwpGE_normal.jpeg", "following": false, "geo_enabled": false, "profile_banner_url": "https://pbs.twimg.com/profile_banners/22246016/1363652661", "profile_background_image_url": "http://pbs.twimg.com/profile_background_images/818322192/c38e469029e848f37c681a4d9966ea9c.jpeg", "name": "Comrade Liv", "lang": "en", "profile_background_tile": true, "favourites_count": 21992, "screen_name": "mmechomski", "notifications": false, "url": "http://t.co/zKDSg5doig", "created_at": "Sat Feb 28 10:38:53 +0000 2009", "contributors_enabled": false, "time_zone": "Sydney", "protected": false, "default_profile": false, "is_translator": false}, "geo": null, "in_reply_to_user_id_str": "21749564", "lang": "en", "created_at": "Wed Jan 07 12:44:43 +0000 2015", "in_reply_to_status_id_str": "552806309540528128", "place": null}
