{"contributors":null,"truncated":false,"text":"@Colvinius @SuzanneCarbone @JulieOMarshall @LePoint no blood, just hear the shouting. I don't post any videos where u see blood or killing","in_reply_to_status_id":552808280074878979,"id":552808639283486722,"favorite_count":0,"source":"<a href=\"http:\/\/twitter.com\/download\/iphone\" rel=\"nofollow\">Twitter for iPhone<\/a>","retweeted":false,"coordinates":null,"entities":{"symbols":[],"user_mentions":[{"id":21749564,"indices":[0,10],"id_str":"21749564","screen_name":"Colvinius","name":"Mark Colvin"},{"id":19898890,"indices":[11,26],"id_str":"19898890","screen_name":"SuzanneCarbone","name":"Suzanne Carbone"},{"id":1100048125,"indices":[27,42],"id_str":"1100048125","screen_name":"JulieOMarshall","name":"Julie M"},{"id":8460572,"indices":[43,51],"id_str":"8460572","screen_name":"LePoint","name":"Le Point"}],"hashtags":[],"urls":[]},"in_reply_to_screen_name":"Colvinius","id_str":"552808639283486722","retweet_count":0,"in_reply_to_user_id":21749564,"favorited":false,"user":{"follow_request_sent":false,"profile_use_background_image":true,"profile_text_color":"333333","default_profile_image":false,"id":324908191,"profile_background_image_url_https":"https:\/\/pbs.twimg.com\/profile_background_images\/533833749239058433\/mP9AuOw4.jpeg","verified":false,"profile_location":null,"profile_image_url_https":"https:\/\/pbs.twimg.com\/profile_images\/589019838565130241\/rt7c7Mtv_normal.jpg","profile_sidebar_fill_color":"DDEEF6","entities":{"description":{"urls":[]}},"followers_count":378,"profile_sidebar_border_color":"000000","id_str":"324908191","profile_background_color":"EBEBEB","listed_count":7,"is_translation_enabled":false,"utc_offset":39600,"statuses_count":13217,"description":"Politics & poli-tricks debates, Marketing\/Engineering\/solutions designer, Party loving, global News & current affairs enthu. Traveller. opinions r mine strictly","friends_count":567,"location":"Melbourne","profile_link_color":"990000","profile_image_url":"http:\/\/pbs.twimg.com\/profile_images\/589019838565130241\/rt7c7Mtv_normal.jpg","following":false,"geo_enabled":true,"profile_banner_url":"https:\/\/pbs.twimg.com\/profile_banners\/324908191\/1420798305","profile_background_image_url":"http:\/\/pbs.twimg.com\/profile_background_images\/533833749239058433\/mP9AuOw4.jpeg","name":"Juice","lang":"en","profile_background_tile":false,"favourites_count":2818,"screen_name":"juice_pre","notifications":false,"url":null,"created_at":"Mon Jun 27 12:23:16 +0000 2011","contributors_enabled":false,"time_zone":"Melbourne","protected":false,"default_profile":false,"is_translator":false},"geo":null,"in_reply_to_user_id_str":"21749564","lang":"en","created_at":"Wed Jan 07 12:47:04 +0000 2015","in_reply_to_status_id_str":"552808280074878979","place":null}