{"contributors": null, "truncated": false, "text": "@Colvinius @LePoint A tragedy.", "in_reply_to_status_id": 552806309540528128, "id": 552808549349199872, "favorite_count": 0, "source": "<a href=\"http://twitter.com/download/iphone\" rel=\"nofollow\">Twitter for iPhone</a>", "retweeted": false, "coordinates": null, "entities": {"symbols": [], "user_mentions": [{"id": 21749564, "indices": [0, 10], "id_str": "21749564", "screen_name": "Colvinius", "name": "Mark Colvin"}, {"id": 8460572, "indices": [11, 19], "id_str": "8460572", "screen_name": "LePoint", "name": "Le Point"}], "hashtags": [], "urls": []}, "in_reply_to_screen_name": "Colvinius", "id_str": "552808549349199872", "retweet_count": 0, "in_reply_to_user_id": 21749564, "favorited": false, "user": {"follow_request_sent": false, "profile_use_background_image": true, "profile_text_color": "333333", "default_profile_image": false, "id": 226350650, "profile_background_image_url_https": "https://pbs.twimg.com/profile_background_images/192870259/branches_print.jpg", "verified": false, "profile_location": null, "profile_image_url_https": "https://pbs.twimg.com/profile_images/1216030535/Images_by_Michelle_Ransom-Hughes_normal.jpg", "profile_sidebar_fill_color": "A0C5C7", "entities": {"url": {"urls": [{"url": "http://t.co/AS8IlEIV1G", "indices": [0, 22], "expanded_url": "http://betweenthedogandthewolf.tumblr.com/", "display_url": "betweenthedogandthewolf.tumblr.com"}]}, "description": {"urls": []}}, "followers_count": 749, "profile_sidebar_border_color": "FFFFFF", "id_str": "226350650", "profile_background_color": "709397", "listed_count": 19, "is_translation_enabled": false, "utc_offset": 36000, "statuses_count": 6168, "description": "I write, research, take photos & ask questions. Producer with ABC Radio. Views expressed here do not reflect my employer's.", "friends_count": 1293, "location": "Brisbane, Australia", "profile_link_color": "00BBFF", "profile_image_url": "http://pbs.twimg.com/profile_images/1216030535/Images_by_Michelle_Ransom-Hughes_normal.jpg", "following": false, "geo_enabled": false, "profile_banner_url": "https://pbs.twimg.com/profile_banners/226350650/1420941681", "profile_background_image_url": "http://pbs.twimg.com/profile_background_images/192870259/branches_print.jpg", "name": "M R H", "lang": "en", "profile_background_tile": true, "favourites_count": 1946, "screen_name": "ransomhughes", "notifications": false, "url": "http://t.co/AS8IlEIV1G", "created_at": "Mon Dec 13 23:36:11 +0000 2010", "contributors_enabled": false, "time_zone": "Brisbane", "protected": false, "default_profile": false, "is_translator": false}, "geo": null, "in_reply_to_user_id_str": "21749564", "lang": "en", "created_at": "Wed Jan 07 12:46:43 +0000 2015", "in_reply_to_status_id_str": "552806309540528128", "place": null}
