{"contributors": null, "truncated": false, "text": "@Colvinius @IrinaGalushkoRT @LePoint Assassins did recon, knew victim names/faces, according to witnesses.", "in_reply_to_status_id": 552806309540528128, "id": 552810655657787392, "favorite_count": 1, "source": "<a href=\"http://twitter.com\" rel=\"nofollow\">Twitter Web Client</a>", "retweeted": false, "coordinates": null, "entities": {"symbols": [], "user_mentions": [{"id": 21749564, "indices": [0, 10], "id_str": "21749564", "screen_name": "Colvinius", "name": "Mark Colvin"}, {"id": 384390216, "indices": [11, 27], "id_str": "384390216", "screen_name": "IrinaGalushkoRT", "name": "Irina Galushko"}, {"id": 8460572, "indices": [28, 36], "id_str": "8460572", "screen_name": "LePoint", "name": "Le Point"}], "hashtags": [], "urls": []}, "in_reply_to_screen_name": "Colvinius", "id_str": "552810655657787392", "retweet_count": 7, "in_reply_to_user_id": 21749564, "favorited": false, "user": {"follow_request_sent": false, "profile_use_background_image": true, "profile_text_color": "333333", "default_profile_image": true, "id": 2449698240, "profile_background_image_url_https": "https://abs.twimg.com/images/themes/theme1/bg.png", "verified": false, "profile_location": null, "profile_image_url_https": "https://abs.twimg.com/sticky/default_profile_images/default_profile_3_normal.png", "profile_sidebar_fill_color": "DDEEF6", "entities": {"description": {"urls": []}}, "followers_count": 51, "profile_sidebar_border_color": "C0DEED", "id_str": "2449698240", "profile_background_color": "C0DEED", "listed_count": 5, "is_translation_enabled": false, "utc_offset": null, "statuses_count": 1989, "description": "", "friends_count": 45, "location": "", "profile_link_color": "0084B4", "profile_image_url": "http://abs.twimg.com/sticky/default_profile_images/default_profile_3_normal.png", "following": false, "geo_enabled": false, "profile_background_image_url": "http://abs.twimg.com/images/themes/theme1/bg.png", "name": "Russian in USofA", "lang": "en", "profile_background_tile": false, "favourites_count": 11, "screen_name": "russianinusofa", "notifications": false, "url": null, "created_at": "Thu Apr 17 13:01:44 +0000 2014", "contributors_enabled": false, "time_zone": null, "protected": false, "default_profile": true, "is_translator": false}, "geo": null, "in_reply_to_user_id_str": "21749564", "lang": "en", "created_at": "Wed Jan 07 12:55:05 +0000 2015", "in_reply_to_status_id_str": "552806309540528128", "place": null}
