{"contributors": null, "truncated": false, "text": "@Colvinius @Red4Mira yes freedom of speech is v broad but some cultures r behind the anglo saxons on self criticism, that's all.", "in_reply_to_status_id": 552812983370268672, "id": 552814637696450560, "favorite_count": 0, "source": "<a href=\"http://twitter.com\" rel=\"nofollow\">Twitter Web Client</a>", "retweeted": false, "coordinates": null, "entities": {"symbols": [], "user_mentions": [{"id": 21749564, "indices": [0, 10], "id_str": "21749564", "screen_name": "Colvinius", "name": "Mark Colvin"}, {"id": 2943604810, "indices": [11, 20], "id_str": "2943604810", "screen_name": "Red4Mira", "name": "mira"}], "hashtags": [], "urls": []}, "in_reply_to_screen_name": "Colvinius", "id_str": "552814637696450560", "retweet_count": 0, "in_reply_to_user_id": 21749564, "favorited": false, "user": {"follow_request_sent": false, "profile_use_background_image": true, "profile_text_color": "333333", "default_profile_image": false, "id": 2230258634, "profile_background_image_url_https": "https://abs.twimg.com/images/themes/theme14/bg.gif", "verified": false, "profile_location": null, "profile_image_url_https": "https://pbs.twimg.com/profile_images/378800000829915479/e06a56651b1c9133d5155f06a983dd38_normal.jpeg", "profile_sidebar_fill_color": "DDEEF6", "entities": {"url": {"urls": [{"url": "http://t.co/Pad6TrzMS3", "indices": [0, 22], "expanded_url": "http://www.amazon.co.uk/Girls-Guns-Gonzo-Captured-Freelancer/dp/0954988418/ref=sr_1_1?ie=UTF8&qid=1380701540&sr=8-1&keywords=guns+girls+and+gonzo", "display_url": "amazon.co.uk/Girls-Guns-Gon\u2026"}]}, "description": {"urls": []}}, "followers_count": 922, "profile_sidebar_border_color": "000000", "id_str": "2230258634", "profile_background_color": "0F4763", "listed_count": 16, "is_translation_enabled": false, "utc_offset": null, "statuses_count": 1835, "description": "Editor of An-Nahar English, Beirut correspondent for Khaleej Times, Mail on Sunday (UK) and Deutche Welle TV;  formerly EuroNews, CNN, Sunday Times", "friends_count": 619, "location": "Lebanon", "profile_link_color": "009999", "profile_image_url": "http://pbs.twimg.com/profile_images/378800000829915479/e06a56651b1c9133d5155f06a983dd38_normal.jpeg", "following": false, "geo_enabled": true, "profile_banner_url": "https://pbs.twimg.com/profile_banners/2230258634/1386329779", "profile_background_image_url": "http://abs.twimg.com/images/themes/theme14/bg.gif", "name": "Martin Jay", "lang": "en", "profile_background_tile": false, "favourites_count": 57, "screen_name": "MartinRJay", "notifications": false, "url": "http://t.co/Pad6TrzMS3", "created_at": "Wed Dec 04 17:29:52 +0000 2013", "contributors_enabled": false, "time_zone": null, "protected": false, "default_profile": false, "is_translator": false}, "geo": null, "in_reply_to_user_id_str": "21749564", "lang": "en", "created_at": "Wed Jan 07 13:10:55 +0000 2015", "in_reply_to_status_id_str": "552812983370268672", "place": null}
