{"contributors": null, "truncated": false, "text": "@juice_pre @SuzanneCarbone @JulieOMarshall @LePoint I protect my mental health by avoiding videos of atrocities. Seen too many IRL.", "in_reply_to_status_id": 552807952315207680, "id": 552808280074878979, "favorite_count": 1, "source": "<a href=\"http://tapbots.com/tweetbot\" rel=\"nofollow\">Tweetbot for i\u039fS</a>", "retweeted": false, "coordinates": null, "entities": {"symbols": [], "user_mentions": [{"id": 324908191, "indices": [0, 10], "id_str": "324908191", "screen_name": "juice_pre", "name": "Juice"}, {"id": 19898890, "indices": [11, 26], "id_str": "19898890", "screen_name": "SuzanneCarbone", "name": "Suzanne Carbone"}, {"id": 1100048125, "indices": [27, 42], "id_str": "1100048125", "screen_name": "JulieOMarshall", "name": "Julie M"}, {"id": 8460572, "indices": [43, 51], "id_str": "8460572", "screen_name": "LePoint", "name": "Le Point"}], "hashtags": [], "urls": []}, "in_reply_to_screen_name": "juice_pre", "id_str": "552808280074878979", "retweet_count": 0, "in_reply_to_user_id": 324908191, "favorited": false, "user": {"follow_request_sent": false, "profile_use_background_image": true, "profile_text_color": "333333", "default_profile_image": false, "id": 21749564, "profile_background_image_url_https": "https://abs.twimg.com/images/themes/theme7/bg.gif", "verified": true, "profile_location": null, "profile_image_url_https": "https://pbs.twimg.com/profile_images/1240028999/n720929879_177388_9305_normal.jpg", "profile_sidebar_fill_color": "F3F3F3", "entities": {"url": {"urls": [{"url": "http://t.co/IVEL8aJt9v", "indices": [0, 22], "expanded_url": "http://www.abc.net.au/pm", "display_url": "abc.net.au/pm"}]}, "description": {"urls": []}}, "followers_count": 61625, "profile_sidebar_border_color": "DFDFDF", "id_str": "21749564", "profile_background_color": "EBEBEB", "listed_count": 1852, "is_translation_enabled": false, "utc_offset": 39600, "statuses_count": 120727, "description": "Presenter of PM, ABC Radio. Lifetime Lance-Corporal in the Awkward Squad.", "friends_count": 2597, "location": "@amworldtodaypm ", "profile_link_color": "990000", "profile_image_url": "http://pbs.twimg.com/profile_images/1240028999/n720929879_177388_9305_normal.jpg", "following": false, "geo_enabled": false, "profile_banner_url": "https://pbs.twimg.com/profile_banners/21749564/1363483259", "profile_background_image_url": "http://abs.twimg.com/images/themes/theme7/bg.gif", "name": "Mark Colvin", "lang": "en", "profile_background_tile": false, "favourites_count": 1051, "screen_name": "Colvinius", "notifications": false, "url": "http://t.co/IVEL8aJt9v", "created_at": "Tue Feb 24 12:29:44 +0000 2009", "contributors_enabled": false, "time_zone": "Sydney", "protected": false, "default_profile": false, "is_translator": false}, "geo": null, "in_reply_to_user_id_str": "324908191", "lang": "en", "created_at": "Wed Jan 07 12:45:39 +0000 2015", "in_reply_to_status_id_str": "552807952315207680", "place": null}
