{"contributors": null, "truncated": false, "text": "@Colvinius @LePoint oh my god! Horrific! Such waste and tragedy. #CharlieHebdo", "in_reply_to_status_id": 552806309540528128, "id": 552808138831708160, "favorite_count": 0, "source": "<a href=\"http://twitter.com/#!/download/ipad\" rel=\"nofollow\">Twitter for iPad</a>", "retweeted": false, "coordinates": null, "entities": {"symbols": [], "user_mentions": [{"id": 21749564, "indices": [0, 10], "id_str": "21749564", "screen_name": "Colvinius", "name": "Mark Colvin"}, {"id": 8460572, "indices": [11, 19], "id_str": "8460572", "screen_name": "LePoint", "name": "Le Point"}], "hashtags": [{"indices": [65, 78], "text": "CharlieHebdo"}], "urls": []}, "in_reply_to_screen_name": "Colvinius", "id_str": "552808138831708160", "retweet_count": 0, "in_reply_to_user_id": 21749564, "favorited": false, "user": {"follow_request_sent": false, "profile_use_background_image": true, "profile_text_color": "333333", "default_profile_image": false, "id": 805884044, "profile_background_image_url_https": "https://abs.twimg.com/images/themes/theme1/bg.png", "verified": false, "profile_location": null, "profile_image_url_https": "https://pbs.twimg.com/profile_images/3484002361/f5a24a2e98baa7418ffa91ab7b63a686_normal.jpeg", "profile_sidebar_fill_color": "DDEEF6", "entities": {"description": {"urls": []}}, "followers_count": 554, "profile_sidebar_border_color": "C0DEED", "id_str": "805884044", "profile_background_color": "C0DEED", "listed_count": 12, "is_translation_enabled": false, "utc_offset": 39600, "statuses_count": 22104, "description": "teacher, active unionist, passionate about learning and social justice. Views are my own.", "friends_count": 338, "location": "Sydney, Australia", "profile_link_color": "0084B4", "profile_image_url": "http://pbs.twimg.com/profile_images/3484002361/f5a24a2e98baa7418ffa91ab7b63a686_normal.jpeg", "following": false, "geo_enabled": true, "profile_background_image_url": "http://abs.twimg.com/images/themes/theme1/bg.png", "name": "Christine Allsopp", "lang": "en", "profile_background_tile": false, "favourites_count": 466, "screen_name": "chrisSWteacher", "notifications": false, "url": null, "created_at": "Thu Sep 06 02:35:32 +0000 2012", "contributors_enabled": false, "time_zone": "Sydney", "protected": false, "default_profile": true, "is_translator": false}, "geo": null, "in_reply_to_user_id_str": "21749564", "lang": "en", "created_at": "Wed Jan 07 12:45:05 +0000 2015", "in_reply_to_status_id_str": "552806309540528128", "place": null}
