{"contributors":null,"truncated":false,"text":"@nancysaidboo @Colvinius @LePoint me too.","in_reply_to_status_id":552808109551263744,"id":552808399885185024,"favorite_count":0,"source":"<a href=\"http:\/\/www.echofon.com\/\" rel=\"nofollow\">Echofon<\/a>","retweeted":false,"coordinates":null,"entities":{"symbols":[],"user_mentions":[{"id":237617005,"indices":[0,13],"id_str":"237617005","screen_name":"nancysaidboo","name":"Miss Nancy"},{"id":21749564,"indices":[14,24],"id_str":"21749564","screen_name":"Colvinius","name":"Mark Colvin"},{"id":8460572,"indices":[25,33],"id_str":"8460572","screen_name":"LePoint","name":"Le Point"}],"hashtags":[],"urls":[]},"in_reply_to_screen_name":"nancysaidboo","id_str":"552808399885185024","retweet_count":0,"in_reply_to_user_id":237617005,"favorited":false,"user":{"follow_request_sent":false,"profile_use_background_image":true,"profile_text_color":"000000","default_profile_image":false,"id":27572392,"profile_background_image_url_https":"https:\/\/pbs.twimg.com\/profile_background_images\/115104661\/twilk_background_4c206353c6852.jpg","verified":false,"profile_location":null,"profile_image_url_https":"https:\/\/pbs.twimg.com\/profile_images\/580689235293839362\/ZifKEdGx_normal.jpg","profile_sidebar_fill_color":"E0FF92","entities":{"url":{"urls":[{"url":"http:\/\/t.co\/pM89jWwUGH","indices":[0,22],"expanded_url":"http:\/\/www.theguardian.com\/profile\/amanda-meade","display_url":"theguardian.com\/profile\/amanda\u2026"}]},"description":{"urls":[]}},"followers_count":19857,"profile_sidebar_border_color":"87BC44","id_str":"27572392","profile_background_color":"9AE4E8","listed_count":602,"is_translation_enabled":false,"utc_offset":39600,"statuses_count":28567,"description":"Guardian Australia's media correspondent and Mum of one. Wednesday media column The Weekly Beast. Tips to theweeklybeast@theguardian.com","friends_count":2617,"location":"Sydney","profile_link_color":"0000FF","profile_image_url":"http:\/\/pbs.twimg.com\/profile_images\/580689235293839362\/ZifKEdGx_normal.jpg","following":false,"geo_enabled":true,"profile_banner_url":"https:\/\/pbs.twimg.com\/profile_banners\/27572392\/1405132604","profile_background_image_url":"http:\/\/pbs.twimg.com\/profile_background_images\/115104661\/twilk_background_4c206353c6852.jpg","name":"amanda meade","lang":"en","profile_background_tile":true,"favourites_count":1436,"screen_name":"meadea","notifications":false,"url":"http:\/\/t.co\/pM89jWwUGH","created_at":"Mon Mar 30 03:12:29 +0000 2009","contributors_enabled":false,"time_zone":"Sydney","protected":false,"default_profile":false,"is_translator":false},"geo":null,"in_reply_to_user_id_str":"237617005","lang":"en","created_at":"Wed Jan 07 12:46:07 +0000 2015","in_reply_to_status_id_str":"552808109551263744","place":null}