{"contributors": null, "truncated": false, "text": "@Red4Mira @MartinRJay Good satire often is. Their latest cover attacks an ANTI-Muslim writer - and Jesus: http://t.co/HwPsFsLCje", "in_reply_to_status_id": 552812425758912512, "id": 552813608694857730, "favorite_count": 1, "source": "<a href=\"http://tapbots.com/tweetbot\" rel=\"nofollow\">Tweetbot for i\u039fS</a>", "retweeted": false, "coordinates": null, "entities": {"symbols": [], "user_mentions": [{"id": 2943604810, "indices": [0, 9], "id_str": "2943604810", "screen_name": "Red4Mira", "name": "mira"}, {"id": 2230258634, "indices": [10, 21], "id_str": "2230258634", "screen_name": "MartinRJay", "name": "Martin Jay"}], "hashtags": [], "urls": [], "media": [{"source_user_id": 65416867, "source_status_id_str": "552509247586840576", "expanded_url": "http://twitter.com/Charlie_Hebdo_/status/552509247586840576/photo/1", "display_url": "pic.twitter.com/HwPsFsLCje", "url": "http://t.co/HwPsFsLCje", "media_url_https": "https://pbs.twimg.com/media/B6roOyTCcAAMyvF.jpg", "source_user_id_str": "65416867", "source_status_id": 552509247586840576, "id_str": "552509245023744000", "sizes": {"small": {"h": 431, "resize": "fit", "w": 340}, "large": {"h": 825, "resize": "fit", "w": 650}, "medium": {"h": 761, "resize": "fit", "w": 600}, "thumb": {"h": 150, "resize": "crop", "w": 150}}, "indices": [106, 128], "type": "photo", "id": 552509245023744000, "media_url": "http://pbs.twimg.com/media/B6roOyTCcAAMyvF.jpg"}]}, "in_reply_to_screen_name": "Red4Mira", "id_str": "552813608694857730", "retweet_count": 1, "in_reply_to_user_id": 2943604810, "favorited": false, "user": {"follow_request_sent": false, "profile_use_background_image": true, "profile_text_color": "333333", "default_profile_image": false, "id": 21749564, "profile_background_image_url_https": "https://abs.twimg.com/images/themes/theme7/bg.gif", "verified": true, "profile_location": null, "profile_image_url_https": "https://pbs.twimg.com/profile_images/1240028999/n720929879_177388_9305_normal.jpg", "profile_sidebar_fill_color": "F3F3F3", "entities": {"url": {"urls": [{"url": "http://t.co/IVEL8aJt9v", "indices": [0, 22], "expanded_url": "http://www.abc.net.au/pm", "display_url": "abc.net.au/pm"}]}, "description": {"urls": []}}, "followers_count": 61746, "profile_sidebar_border_color": "DFDFDF", "id_str": "21749564", "profile_background_color": "EBEBEB", "listed_count": 1868, "is_translation_enabled": false, "utc_offset": 39600, "statuses_count": 120973, "description": "Presenter of PM, ABC Radio. Lifetime Lance-Corporal in the Awkward Squad.", "friends_count": 2596, "location": "@amworldtodaypm ", "profile_link_color": "990000", "profile_image_url": "http://pbs.twimg.com/profile_images/1240028999/n720929879_177388_9305_normal.jpg", "following": false, "geo_enabled": false, "profile_banner_url": "https://pbs.twimg.com/profile_banners/21749564/1363483259", "profile_background_image_url": "http://abs.twimg.com/images/themes/theme7/bg.gif", "name": "Mark Colvin", "lang": "en", "profile_background_tile": false, "favourites_count": 1052, "screen_name": "Colvinius", "notifications": false, "url": "http://t.co/IVEL8aJt9v", "created_at": "Tue Feb 24 12:29:44 +0000 2009", "contributors_enabled": false, "time_zone": "Sydney", "protected": false, "default_profile": false, "is_translator": false}, "geo": null, "in_reply_to_user_id_str": "2943604810", "possibly_sensitive": false, "lang": "en", "created_at": "Wed Jan 07 13:06:49 +0000 2015", "in_reply_to_status_id_str": "552812425758912512", "place": null, "extended_entities": {"media": [{"source_user_id": 65416867, "source_status_id_str": "552509247586840576", "expanded_url": "http://twitter.com/Charlie_Hebdo_/status/552509247586840576/photo/1", "display_url": "pic.twitter.com/HwPsFsLCje", "url": "http://t.co/HwPsFsLCje", "media_url_https": "https://pbs.twimg.com/media/B6roOyTCcAAMyvF.jpg", "source_user_id_str": "65416867", "source_status_id": 552509247586840576, "id_str": "552509245023744000", "sizes": {"small": {"h": 431, "resize": "fit", "w": 340}, "large": {"h": 825, "resize": "fit", "w": 650}, "medium": {"h": 761, "resize": "fit", "w": 600}, "thumb": {"h": 150, "resize": "crop", "w": 150}}, "indices": [106, 128], "type": "photo", "id": 552509245023744000, "media_url": "http://pbs.twimg.com/media/B6roOyTCcAAMyvF.jpg"}]}}
