{"contributors":null,"truncated":false,"text":"@SuzanneCarbone @Lemnoc55 @Colvinius @LePoint Brave men. Martyrs for freedom.","in_reply_to_status_id":552806767625641984,"id":552827794976022528,"favorite_count":0,"source":"<a href=\"http:\/\/twitter.com\/#!\/download\/ipad\" rel=\"nofollow\">Twitter for iPad<\/a>","retweeted":false,"coordinates":null,"entities":{"symbols":[],"user_mentions":[{"id":19898890,"indices":[0,15],"id_str":"19898890","screen_name":"SuzanneCarbone","name":"Suzanne Carbone"},{"id":2886586060,"indices":[16,25],"id_str":"2886586060","screen_name":"Lemnoc55","name":"Lemnoc"},{"id":21749564,"indices":[26,36],"id_str":"21749564","screen_name":"Colvinius","name":"Mark Colvin"},{"id":8460572,"indices":[37,45],"id_str":"8460572","screen_name":"LePoint","name":"Le Point"}],"hashtags":[],"urls":[]},"in_reply_to_screen_name":"SuzanneCarbone","id_str":"552827794976022528","retweet_count":0,"in_reply_to_user_id":19898890,"favorited":false,"user":{"follow_request_sent":false,"profile_use_background_image":true,"profile_text_color":"000000","default_profile_image":false,"id":2695178941,"profile_background_image_url_https":"https:\/\/pbs.twimg.com\/profile_background_images\/494985832688656384\/iByaLNt1.jpeg","verified":false,"profile_location":null,"profile_image_url_https":"https:\/\/pbs.twimg.com\/profile_images\/588321259844345856\/KavhypK9_normal.jpg","profile_sidebar_fill_color":"000000","entities":{"description":{"urls":[]}},"followers_count":258,"profile_sidebar_border_color":"FFFFFF","id_str":"2695178941","profile_background_color":"362F28","listed_count":6,"is_translation_enabled":false,"utc_offset":36000,"statuses_count":8755,"description":"Farmer, journalist, family man. Controversial views. Catholic faith.","friends_count":82,"location":"Australia","profile_link_color":"798A48","profile_image_url":"http:\/\/pbs.twimg.com\/profile_images\/588321259844345856\/KavhypK9_normal.jpg","following":false,"geo_enabled":true,"profile_banner_url":"https:\/\/pbs.twimg.com\/profile_banners\/2695178941\/1406802189","profile_background_image_url":"http:\/\/pbs.twimg.com\/profile_background_images\/494985832688656384\/iByaLNt1.jpeg","name":"Philip Maguire","lang":"en","profile_background_tile":true,"favourites_count":815,"screen_name":"MaguidhirP","notifications":false,"url":null,"created_at":"Thu Jul 31 08:30:04 +0000 2014","contributors_enabled":false,"time_zone":"Brisbane","protected":false,"default_profile":false,"is_translator":false},"geo":null,"in_reply_to_user_id_str":"19898890","lang":"en","created_at":"Wed Jan 07 14:03:12 +0000 2015","in_reply_to_status_id_str":"552806767625641984","place":null}