{"contributors": null, "truncated": false, "text": "RIP satire \u201c@Colvinius: \u201c@LePoint: #CharlieHebdo : \u201cThe cartoonists Charb &amp; Cabu are dead.\u201d http://t.co/jR6enECfXS http://t.co/h55q9S8vNO\u201d\u201d", "in_reply_to_status_id": 552806309540528128, "id": 552806767625641984, "favorite_count": 8, "source": "<a href=\"http://twitter.com/download/iphone\" rel=\"nofollow\">Twitter for iPhone</a>", "retweeted": false, "coordinates": null, "entities": {"symbols": [], "user_mentions": [{"id": 21749564, "indices": [12, 22], "id_str": "21749564", "screen_name": "Colvinius", "name": "Mark Colvin"}, {"id": 8460572, "indices": [25, 33], "id_str": "8460572", "screen_name": "LePoint", "name": "Le Point"}], "hashtags": [{"indices": [35, 48], "text": "CharlieHebdo"}], "urls": [{"url": "http://t.co/jR6enECfXS", "indices": [96, 118], "expanded_url": "http://lpnt.fr/1tIRx0P", "display_url": "lpnt.fr/1tIRx0P"}], "media": [{"source_user_id": 8460572, "source_status_id_str": "552802888800800768", "expanded_url": "http://twitter.com/LePoint/status/552802888800800768/photo/1", "display_url": "pic.twitter.com/h55q9S8vNO", "url": "http://t.co/h55q9S8vNO", "media_url_https": "https://pbs.twimg.com/media/B6vzTAoCEAEusIa.jpg", "source_user_id_str": "8460572", "source_status_id": 552802888800800768, "id_str": "552802887193989121", "sizes": {"large": {"h": 435, "resize": "fit", "w": 1000}, "small": {"h": 147, "resize": "fit", "w": 340}, "medium": {"h": 261, "resize": "fit", "w": 600}, "thumb": {"h": 150, "resize": "crop", "w": 150}}, "indices": [119, 141], "type": "photo", "id": 552802887193989121, "media_url": "http://pbs.twimg.com/media/B6vzTAoCEAEusIa.jpg"}]}, "in_reply_to_screen_name": "Colvinius", "id_str": "552806767625641984", "retweet_count": 20, "in_reply_to_user_id": 21749564, "favorited": false, "user": {"follow_request_sent": false, "profile_use_background_image": true, "profile_text_color": "140205", "default_profile_image": false, "id": 19898890, "profile_background_image_url_https": "https://pbs.twimg.com/profile_background_images/487758370451910656/qkmNKJPW.jpeg", "verified": true, "profile_location": null, "profile_image_url_https": "https://pbs.twimg.com/profile_images/557388267666944001/6TnBIjX9_normal.jpeg", "profile_sidebar_fill_color": "AFE6F7", "entities": {"url": {"urls": [{"url": "http://t.co/TIZbmXUXJk", "indices": [0, 22], "expanded_url": "http://instagram.com/suzannecarbone", "display_url": "instagram.com/suzannecarbone"}]}, "description": {"urls": [{"url": "http://t.co/aFGMIIeDUX", "indices": [51, 73], "expanded_url": "http://www.theage.com.au", "display_url": "theage.com.au"}]}}, "followers_count": 10226, "profile_sidebar_border_color": "FFFFFF", "id_str": "19898890", "profile_background_color": "5BF0F0", "listed_count": 165, "is_translation_enabled": false, "utc_offset": 39600, "statuses_count": 14856, "description": "Journalist and curator of words at The Age @theage http://t.co/aFGMIIeDUX scarbone@fairfaxmedia.com.au phone (03) 8667 3192 These are the views of my views", "friends_count": 8489, "location": "Melbourne, Australia", "profile_link_color": "3B94D9", "profile_image_url": "http://pbs.twimg.com/profile_images/557388267666944001/6TnBIjX9_normal.jpeg", "following": false, "geo_enabled": false, "profile_banner_url": "https://pbs.twimg.com/profile_banners/19898890/1412746856", "profile_background_image_url": "http://pbs.twimg.com/profile_background_images/487758370451910656/qkmNKJPW.jpeg", "name": "Suzanne Carbone", "lang": "en", "profile_background_tile": true, "favourites_count": 7, "screen_name": "SuzanneCarbone", "notifications": false, "url": "http://t.co/TIZbmXUXJk", "created_at": "Mon Feb 02 09:02:03 +0000 2009", "contributors_enabled": false, "time_zone": "Melbourne", "protected": false, "default_profile": false, "is_translator": false}, "geo": null, "in_reply_to_user_id_str": "21749564", "possibly_sensitive": false, "lang": "en", "created_at": "Wed Jan 07 12:39:38 +0000 2015", "in_reply_to_status_id_str": "552806309540528128", "place": null, "extended_entities": {"media": [{"source_user_id": 8460572, "source_status_id_str": "552802888800800768", "expanded_url": "http://twitter.com/LePoint/status/552802888800800768/photo/1", "display_url": "pic.twitter.com/h55q9S8vNO", "url": "http://t.co/h55q9S8vNO", "media_url_https": "https://pbs.twimg.com/media/B6vzTAoCEAEusIa.jpg", "source_user_id_str": "8460572", "source_status_id": 552802888800800768, "id_str": "552802887193989121", "sizes": {"large": {"h": 435, "resize": "fit", "w": 1000}, "small": {"h": 147, "resize": "fit", "w": 340}, "medium": {"h": 261, "resize": "fit", "w": 600}, "thumb": {"h": 150, "resize": "crop", "w": 150}}, "indices": [119, 141], "type": "photo", "id": 552802887193989121, "media_url": "http://pbs.twimg.com/media/B6vzTAoCEAEusIa.jpg"}]}}
