{"contributors": null, "truncated": false, "text": "@yodaberg @Colvinius @plesbilongmi @LePoint I don't know who they are but lives are lost. This is shit. RIP guys.", "in_reply_to_status_id": 552807393453547522, "id": 552808156468768769, "favorite_count": 0, "source": "<a href=\"http://twitter.com/download/android\" rel=\"nofollow\">Twitter for Android</a>", "retweeted": false, "coordinates": null, "entities": {"symbols": [], "user_mentions": [{"id": 226475070, "indices": [0, 9], "id_str": "226475070", "screen_name": "yodaberg", "name": "Isabelle Oderberg"}, {"id": 21749564, "indices": [10, 20], "id_str": "21749564", "screen_name": "Colvinius", "name": "Mark Colvin"}, {"id": 133760563, "indices": [21, 34], "id_str": "133760563", "screen_name": "plesbilongmi", "name": "Max Uechtritz"}, {"id": 8460572, "indices": [35, 43], "id_str": "8460572", "screen_name": "LePoint", "name": "Le Point"}], "hashtags": [], "urls": []}, "in_reply_to_screen_name": "yodaberg", "id_str": "552808156468768769", "retweet_count": 0, "in_reply_to_user_id": 226475070, "favorited": false, "user": {"follow_request_sent": false, "profile_use_background_image": true, "profile_text_color": "666666", "default_profile_image": false, "id": 110314533, "profile_background_image_url_https": "https://abs.twimg.com/images/themes/theme9/bg.gif", "verified": false, "profile_location": null, "profile_image_url_https": "https://pbs.twimg.com/profile_images/474308501250899968/oPx6ZJgY_normal.jpeg", "profile_sidebar_fill_color": "252429", "entities": {"description": {"urls": []}}, "followers_count": 508, "profile_sidebar_border_color": "181A1E", "id_str": "110314533", "profile_background_color": "1A1B1F", "listed_count": 16, "is_translation_enabled": false, "utc_offset": 39600, "statuses_count": 50445, "description": "hello. I try to make jokes. They don't work. I think I got into university now. I have a sore toe rn. Ask me about it.", "friends_count": 1911, "location": "Sunny Central Vic, Australia", "profile_link_color": "969696", "profile_image_url": "http://pbs.twimg.com/profile_images/474308501250899968/oPx6ZJgY_normal.jpeg", "following": false, "geo_enabled": true, "profile_background_image_url": "http://abs.twimg.com/images/themes/theme9/bg.gif", "name": "Laura Ohman", "lang": "en", "profile_background_tile": false, "favourites_count": 4153, "screen_name": "akaNoodleBox", "notifications": false, "url": null, "created_at": "Mon Feb 01 03:34:39 +0000 2010", "contributors_enabled": false, "time_zone": "Melbourne", "protected": false, "default_profile": false, "is_translator": false}, "geo": null, "in_reply_to_user_id_str": "226475070", "lang": "en", "created_at": "Wed Jan 07 12:45:09 +0000 2015", "in_reply_to_status_id_str": "552807393453547522", "place": null}
