{"contributors": null, "truncated": false, "text": "@Colvinius That is so, so sad. @Beltrew @LePoint", "in_reply_to_status_id": 552806309540528128, "id": 552807638233120769, "favorite_count": 0, "source": "<a href=\"http://twitter.com/#!/download/ipad\" rel=\"nofollow\">Twitter for iPad</a>", "retweeted": false, "coordinates": null, "entities": {"symbols": [], "user_mentions": [{"id": 21749564, "indices": [0, 10], "id_str": "21749564", "screen_name": "Colvinius", "name": "Mark Colvin"}, {"id": 31114386, "indices": [31, 39], "id_str": "31114386", "screen_name": "Beltrew", "name": "Bel Trew - \u0628\u0644 \u062a\u0631\u0648"}, {"id": 8460572, "indices": [40, 48], "id_str": "8460572", "screen_name": "LePoint", "name": "Le Point"}], "hashtags": [], "urls": []}, "in_reply_to_screen_name": "Colvinius", "id_str": "552807638233120769", "retweet_count": 0, "in_reply_to_user_id": 21749564, "favorited": false, "user": {"follow_request_sent": false, "profile_use_background_image": true, "profile_text_color": "3E4415", "default_profile_image": false, "id": 164131639, "profile_background_image_url_https": "https://pbs.twimg.com/profile_background_images/477351648/imagesCAL7DXCL.jpg", "verified": false, "profile_location": null, "profile_image_url_https": "https://pbs.twimg.com/profile_images/548383292244766720/rmN3BmJE_normal.jpeg", "profile_sidebar_fill_color": "99CC33", "entities": {"description": {"urls": []}}, "followers_count": 2678, "profile_sidebar_border_color": "829D5E", "id_str": "164131639", "profile_background_color": "0099B9", "listed_count": 55, "is_translation_enabled": false, "utc_offset": null, "statuses_count": 90020, "description": "Mother of three #Politics #Labor #Equality #MUFC #FreoFC #FamilyIsEverything Have the best dog, Molly.", "friends_count": 2460, "location": "Western Australia", "profile_link_color": "0099B9", "profile_image_url": "http://pbs.twimg.com/profile_images/548383292244766720/rmN3BmJE_normal.jpeg", "following": false, "geo_enabled": true, "profile_banner_url": "https://pbs.twimg.com/profile_banners/164131639/1420864679", "profile_background_image_url": "http://pbs.twimg.com/profile_background_images/477351648/imagesCAL7DXCL.jpg", "name": "Jane Cattermole ", "lang": "en", "profile_background_tile": true, "favourites_count": 8332, "screen_name": "janecat60", "notifications": false, "url": null, "created_at": "Thu Jul 08 03:24:51 +0000 2010", "contributors_enabled": false, "time_zone": null, "protected": false, "default_profile": false, "is_translator": false}, "geo": null, "in_reply_to_user_id_str": "21749564", "lang": "en", "created_at": "Wed Jan 07 12:43:06 +0000 2015", "in_reply_to_status_id_str": "552806309540528128", "place": null}
