{"contributors":null,"truncated":false,"text":"@Colvinius @meadea @LePoint I hate this. I hate that artists, journalists and funny people are killed in hate's name.","in_reply_to_status_id":552806309540528128,"id":552808109551263744,"favorite_count":16,"source":"<a href=\"http:\/\/twitter.com\/download\/iphone\" rel=\"nofollow\">Twitter for iPhone<\/a>","retweeted":false,"coordinates":null,"entities":{"symbols":[],"user_mentions":[{"id":21749564,"indices":[0,10],"id_str":"21749564","screen_name":"Colvinius","name":"Mark Colvin"},{"id":27572392,"indices":[11,18],"id_str":"27572392","screen_name":"meadea","name":"amanda meade"},{"id":8460572,"indices":[19,27],"id_str":"8460572","screen_name":"LePoint","name":"Le Point"}],"hashtags":[],"urls":[]},"in_reply_to_screen_name":"Colvinius","id_str":"552808109551263744","retweet_count":13,"in_reply_to_user_id":21749564,"favorited":false,"user":{"follow_request_sent":false,"profile_use_background_image":true,"profile_text_color":"3E4415","default_profile_image":false,"id":237617005,"profile_background_image_url_https":"https:\/\/pbs.twimg.com\/profile_background_images\/477008190\/images_milton.jpg","verified":false,"profile_location":null,"profile_image_url_https":"https:\/\/pbs.twimg.com\/profile_images\/579580417323376640\/ixBX4co__normal.jpg","profile_sidebar_fill_color":"99CC33","entities":{"url":{"urls":[{"url":"http:\/\/t.co\/YzZrLHc7dc","indices":[0,22],"expanded_url":"http:\/\/passingphase.wordpress.com\/","display_url":"passingphase.wordpress.com"}]},"description":{"urls":[]}},"followers_count":163,"profile_sidebar_border_color":"829D5E","id_str":"237617005","profile_background_color":"352726","listed_count":18,"is_translation_enabled":false,"utc_offset":null,"statuses_count":2243,"description":"person with views - blogger - ABC612 parent panellist - introvert - views are all mine","friends_count":314,"location":"Brisbane, Australia","profile_link_color":"D02B55","profile_image_url":"http:\/\/pbs.twimg.com\/profile_images\/579580417323376640\/ixBX4co__normal.jpg","following":false,"geo_enabled":false,"profile_banner_url":"https:\/\/pbs.twimg.com\/profile_banners\/237617005\/1420793794","profile_background_image_url":"http:\/\/pbs.twimg.com\/profile_background_images\/477008190\/images_milton.jpg","name":"Miss Nancy","lang":"en","profile_background_tile":true,"favourites_count":351,"screen_name":"nancysaidboo","notifications":false,"url":"http:\/\/t.co\/YzZrLHc7dc","created_at":"Thu Jan 13 06:53:26 +0000 2011","contributors_enabled":false,"time_zone":null,"protected":false,"default_profile":false,"is_translator":false},"geo":null,"in_reply_to_user_id_str":"21749564","lang":"en","created_at":"Wed Jan 07 12:44:58 +0000 2015","in_reply_to_status_id_str":"552806309540528128","place":null}