{"contributors": null, "truncated": false, "text": "@russianinusofa @Colvinius @LePoint as evidenced by the fact they killed 3 cartoonists - not just random people", "in_reply_to_status_id": 552810655657787392, "id": 552811152456318976, "favorite_count": 0, "source": "<a href=\"http://twitter.com\" rel=\"nofollow\">Twitter Web Client</a>", "retweeted": false, "coordinates": null, "entities": {"symbols": [], "user_mentions": [{"id": 2449698240, "indices": [0, 15], "id_str": "2449698240", "screen_name": "russianinusofa", "name": "Russian in USofA"}, {"id": 21749564, "indices": [16, 26], "id_str": "21749564", "screen_name": "Colvinius", "name": "Mark Colvin"}, {"id": 8460572, "indices": [27, 35], "id_str": "8460572", "screen_name": "LePoint", "name": "Le Point"}], "hashtags": [], "urls": []}, "in_reply_to_screen_name": "russianinusofa", "id_str": "552811152456318976", "retweet_count": 1, "in_reply_to_user_id": 2449698240, "favorited": false, "user": {"follow_request_sent": false, "profile_use_background_image": false, "profile_text_color": "333333", "default_profile_image": false, "id": 384390216, "profile_background_image_url_https": "https://pbs.twimg.com/profile_background_images/436020281933443072/t1iwYucc.jpeg", "verified": false, "profile_location": null, "profile_image_url_https": "https://pbs.twimg.com/profile_images/557789222317207552/rcfXfJP7_normal.jpeg", "profile_sidebar_fill_color": "DDFFCC", "entities": {"description": {"urls": []}}, "followers_count": 7780, "profile_sidebar_border_color": "FFFFFF", "id_str": "384390216", "profile_background_color": "ABB8C2", "listed_count": 305, "is_translation_enabled": false, "utc_offset": 14400, "statuses_count": 5273, "description": "RT Peace correspondent. war ain't a pretty thing -- why glamorize it? all opinions are my own", "friends_count": 478, "location": "Moscow. RU. ", "profile_link_color": "FA743E", "profile_image_url": "http://pbs.twimg.com/profile_images/557789222317207552/rcfXfJP7_normal.jpeg", "following": false, "geo_enabled": true, "profile_banner_url": "https://pbs.twimg.com/profile_banners/384390216/1421854605", "profile_background_image_url": "http://pbs.twimg.com/profile_background_images/436020281933443072/t1iwYucc.jpeg", "name": "Irina Galushko", "lang": "en", "profile_background_tile": false, "favourites_count": 425, "screen_name": "IrinaGalushkoRT", "notifications": false, "url": null, "created_at": "Mon Oct 03 16:05:52 +0000 2011", "contributors_enabled": false, "time_zone": "Abu Dhabi", "protected": false, "default_profile": false, "is_translator": false}, "geo": null, "in_reply_to_user_id_str": "2449698240", "lang": "en", "created_at": "Wed Jan 07 12:57:04 +0000 2015", "in_reply_to_status_id_str": "552810655657787392", "place": null}
