{"contributors": null, "truncated": false, "text": "@Red4Mira @Colvinius @MartinRJay not lagging, just answered your original question: no one, no nation or faith system above ridicule", "in_reply_to_status_id": 553221961740857344, "id": 553224135334051840, "favorite_count": 0, "source": "<a href=\"http://twitter.com/#!/download/ipad\" rel=\"nofollow\">Twitter for iPad</a>", "retweeted": false, "coordinates": null, "entities": {"symbols": [], "user_mentions": [{"id": 2943604810, "indices": [0, 9], "id_str": "2943604810", "screen_name": "Red4Mira", "name": "mira"}, {"id": 21749564, "indices": [10, 20], "id_str": "21749564", "screen_name": "Colvinius", "name": "Mark Colvin"}, {"id": 2230258634, "indices": [21, 32], "id_str": "2230258634", "screen_name": "MartinRJay", "name": "Martin Jay"}], "hashtags": [], "urls": []}, "in_reply_to_screen_name": "Red4Mira", "id_str": "553224135334051840", "retweet_count": 0, "in_reply_to_user_id": 2943604810, "favorited": false, "user": {"follow_request_sent": false, "profile_use_background_image": true, "profile_text_color": "333333", "default_profile_image": false, "id": 262345797, "profile_background_image_url_https": "https://abs.twimg.com/images/themes/theme1/bg.png", "verified": false, "profile_location": null, "profile_image_url_https": "https://pbs.twimg.com/profile_images/530757056165183488/F3J0Y8dm_normal.jpeg", "profile_sidebar_fill_color": "DDEEF6", "entities": {"description": {"urls": []}}, "followers_count": 79, "profile_sidebar_border_color": "C0DEED", "id_str": "262345797", "profile_background_color": "C0DEED", "listed_count": 20, "is_translation_enabled": false, "utc_offset": null, "statuses_count": 2787, "description": "Free, unconventional thinker, blogger, writer/editor consultant, based in the Levant, keen observer of all around me. Recently un-retired", "friends_count": 76, "location": "", "profile_link_color": "0084B4", "profile_image_url": "http://pbs.twimg.com/profile_images/530757056165183488/F3J0Y8dm_normal.jpeg", "following": false, "geo_enabled": false, "profile_banner_url": "https://pbs.twimg.com/profile_banners/262345797/1394046412", "profile_background_image_url": "http://abs.twimg.com/images/themes/theme1/bg.png", "name": "Hani Bathish", "lang": "en", "profile_background_tile": false, "favourites_count": 1072, "screen_name": "hanibathish", "notifications": false, "url": null, "created_at": "Mon Mar 07 21:43:34 +0000 2011", "contributors_enabled": false, "time_zone": null, "protected": false, "default_profile": true, "is_translator": false}, "geo": null, "in_reply_to_user_id_str": "2943604810", "lang": "en", "created_at": "Thu Jan 08 16:18:06 +0000 2015", "in_reply_to_status_id_str": "553221961740857344", "place": null}
