{"contributors":null,"truncated":false,"text":"@hanibathish @Colvinius @MartinRJay Thanks for the info. Is your server lagging?","in_reply_to_status_id":553219824059310080,"id":553221961740857344,"favorite_count":0,"source":"<a href=\"http:\/\/www.twitter.com\" rel=\"nofollow\">Twitter for BlackBerry<\/a>","retweeted":false,"coordinates":null,"entities":{"symbols":[],"user_mentions":[{"id":262345797,"indices":[0,12],"id_str":"262345797","screen_name":"hanibathish","name":"Hani Bathish"},{"id":21749564,"indices":[13,23],"id_str":"21749564","screen_name":"Colvinius","name":"Mark Colvin"},{"id":2230258634,"indices":[24,35],"id_str":"2230258634","screen_name":"MartinRJay","name":"Martin Jay"}],"hashtags":[],"urls":[]},"in_reply_to_screen_name":"hanibathish","id_str":"553221961740857344","retweet_count":0,"in_reply_to_user_id":262345797,"favorited":false,"user":{"follow_request_sent":false,"profile_use_background_image":true,"profile_text_color":"333333","default_profile_image":false,"id":2943604810,"profile_background_image_url_https":"https:\/\/abs.twimg.com\/images\/themes\/theme1\/bg.png","verified":false,"profile_location":null,"profile_image_url_https":"https:\/\/pbs.twimg.com\/profile_images\/564440252824449024\/dz7wlrNK_normal.jpeg","profile_sidebar_fill_color":"DDEEF6","entities":{"description":{"urls":[]}},"followers_count":28,"profile_sidebar_border_color":"C0DEED","id_str":"2943604810","profile_background_color":"C0DEED","listed_count":0,"is_translation_enabled":false,"utc_offset":null,"statuses_count":346,"description":"Following the news","friends_count":107,"location":"","profile_link_color":"0084B4","profile_image_url":"http:\/\/pbs.twimg.com\/profile_images\/564440252824449024\/dz7wlrNK_normal.jpeg","following":false,"geo_enabled":false,"profile_banner_url":"https:\/\/pbs.twimg.com\/profile_banners\/2943604810\/1420368116","profile_background_image_url":"http:\/\/abs.twimg.com\/images\/themes\/theme1\/bg.png","name":"mira","lang":"en","profile_background_tile":false,"favourites_count":258,"screen_name":"Red4Mira","notifications":false,"url":null,"created_at":"Sat Dec 27 10:07:05 +0000 2014","contributors_enabled":false,"time_zone":null,"protected":false,"default_profile":true,"is_translator":false},"geo":null,"in_reply_to_user_id_str":"262345797","lang":"en","created_at":"Thu Jan 08 16:09:28 +0000 2015","in_reply_to_status_id_str":"553219824059310080","place":null}