{"contributors": null, "truncated": false, "text": "@MashableNews c'est incroyable ce qui nous arrive", "in_reply_to_status_id": 552832817089236992, "id": 552844205199228929, "favorite_count": 0, "source": "<a href=\"http://twitter.com/download/android\" rel=\"nofollow\">Twitter for Android</a>", "retweeted": false, "coordinates": null, "entities": {"symbols": [], "user_mentions": [{"id": 372502604, "indices": [0, 13], "id_str": "372502604", "screen_name": "MashableNews", "name": "Mashable News"}], "hashtags": [], "urls": []}, "in_reply_to_screen_name": "MashableNews", "id_str": "552844205199228929", "retweet_count": 0, "in_reply_to_user_id": 372502604, "favorited": false, "user": {"follow_request_sent": false, "profile_use_background_image": true, "profile_text_color": "333333", "default_profile_image": false, "id": 2164830257, "profile_background_image_url_https": "https://abs.twimg.com/images/themes/theme1/bg.png", "verified": false, "profile_location": null, "profile_image_url_https": "https://pbs.twimg.com/profile_images/378800000683014850/bcbd4dd52ed7f81cdd639d447731ee2c_normal.jpeg", "profile_sidebar_fill_color": "DDEEF6", "entities": {"description": {"urls": []}}, "followers_count": 30, "profile_sidebar_border_color": "C0DEED", "id_str": "2164830257", "profile_background_color": "C0DEED", "listed_count": 0, "is_translation_enabled": false, "utc_offset": null, "statuses_count": 968, "description": "", "friends_count": 131, "location": "", "profile_link_color": "0084B4", "profile_image_url": "http://pbs.twimg.com/profile_images/378800000683014850/bcbd4dd52ed7f81cdd639d447731ee2c_normal.jpeg", "following": false, "geo_enabled": true, "profile_banner_url": "https://pbs.twimg.com/profile_banners/2164830257/1390636762", "profile_background_image_url": "http://abs.twimg.com/images/themes/theme1/bg.png", "name": "hoarau", "lang": "fr", "profile_background_tile": false, "favourites_count": 193, "screen_name": "rastatine1", "notifications": false, "url": null, "created_at": "Sat Nov 02 13:09:17 +0000 2013", "contributors_enabled": false, "time_zone": null, "protected": false, "default_profile": true, "is_translator": false}, "geo": null, "in_reply_to_user_id_str": "372502604", "lang": "fr", "created_at": "Wed Jan 07 15:08:24 +0000 2015", "in_reply_to_status_id_str": "552832817089236992", "place": null}
