{"contributors": null, "truncated": false, "text": "Terribile \u201c@MashableNews: video show two #CharlieHebdo attackers wearing hoods &amp; black clothing shoot a wounded man http://t.co/2wyBH1qbse\u201d", "in_reply_to_status_id": 552832817089236992, "id": 552837389870448640, "favorite_count": 0, "source": "<a href=\"http://twitter.com/download/iphone\" rel=\"nofollow\">Twitter for iPhone</a>", "retweeted": false, "coordinates": {"type": "Point", "coordinates": [9.06512815, 45.42308547]}, "entities": {"symbols": [], "user_mentions": [{"id": 372502604, "indices": [11, 24], "id_str": "372502604", "screen_name": "MashableNews", "name": "Mashable News"}], "hashtags": [{"indices": [41, 54], "text": "CharlieHebdo"}], "urls": [], "media": [{"source_user_id": 372502604, "source_status_id_str": "552832817089236992", "expanded_url": "http://twitter.com/MashableNews/status/552832817089236992/photo/1", "display_url": "pic.twitter.com/2wyBH1qbse", "url": "http://t.co/2wyBH1qbse", "media_url_https": "https://pbs.twimg.com/media/B6wOWI5CQAExQvK.jpg", "source_user_id_str": "372502604", "source_status_id": 552832817089236992, "id_str": "552832627766345729", "sizes": {"large": {"h": 467, "resize": "fit", "w": 849}, "small": {"h": 187, "resize": "fit", "w": 340}, "medium": {"h": 330, "resize": "fit", "w": 600}, "thumb": {"h": 150, "resize": "crop", "w": 150}}, "indices": [120, 142], "type": "photo", "id": 552832627766345729, "media_url": "http://pbs.twimg.com/media/B6wOWI5CQAExQvK.jpg"}]}, "in_reply_to_screen_name": "MashableNews", "id_str": "552837389870448640", "retweet_count": 0, "in_reply_to_user_id": 372502604, "favorited": false, "user": {"follow_request_sent": false, "profile_use_background_image": true, "profile_text_color": "3C3940", "default_profile_image": false, "id": 22521283, "profile_background_image_url_https": "https://pbs.twimg.com/profile_background_images/33194686/5460_139713112287_672082287_3224907_1099733_n.jpg", "verified": false, "profile_location": null, "profile_image_url_https": "https://pbs.twimg.com/profile_images/2987736986/8261b637cda7e44a9b6015787c97bfd1_normal.jpeg", "profile_sidebar_fill_color": "95E8EC", "entities": {"url": {"urls": [{"url": "http://t.co/jGQQcx3CBG", "indices": [0, 22], "expanded_url": "http://about.me/rachele.zinzocchi", "display_url": "about.me/rachele.zinzoc\u2026"}]}, "description": {"urls": []}}, "followers_count": 5136, "profile_sidebar_border_color": "5ED4DC", "id_str": "22521283", "profile_background_color": "0099B9", "listed_count": 291, "is_translation_enabled": false, "utc_offset": 3600, "statuses_count": 31968, "description": "Web Communication Manager e Social Media Manager presso 3 Italia. Social media manager R&D, filosofa del web 3.0 #SocialErgoSum", "friends_count": 1157, "location": "Milano", "profile_link_color": "0099B9", "profile_image_url": "http://pbs.twimg.com/profile_images/2987736986/8261b637cda7e44a9b6015787c97bfd1_normal.jpeg", "following": false, "geo_enabled": true, "profile_banner_url": "https://pbs.twimg.com/profile_banners/22521283/1388513063", "profile_background_image_url": "http://pbs.twimg.com/profile_background_images/33194686/5460_139713112287_672082287_3224907_1099733_n.jpg", "name": "Rachele Zinzocchi", "lang": "it", "profile_background_tile": true, "favourites_count": 3769, "screen_name": "Raquel75", "notifications": false, "url": "http://t.co/jGQQcx3CBG", "created_at": "Mon Mar 02 19:12:20 +0000 2009", "contributors_enabled": false, "time_zone": "Rome", "protected": false, "default_profile": false, "is_translator": false}, "geo": {"type": "Point", "coordinates": [45.42308547, 9.06512815]}, "in_reply_to_user_id_str": "372502604", "possibly_sensitive": false, "lang": "en", "created_at": "Wed Jan 07 14:41:19 +0000 2015", "in_reply_to_status_id_str": "552832817089236992", "place": {"full_name": "Trezzano sul Naviglio, Lombardia", "url": "https://api.twitter.com/1.1/geo/id/37cb2008b014b8ba.json", "country": "Italia", "place_type": "city", "bounding_box": {"type": "Polygon", "coordinates": [[[9.0244246, 45.4037198], [9.0895607, 45.4037198], [9.0895607, 45.4400198], [9.0244246, 45.4400198]]]}, "contained_within": [], "country_code": "IT", "attributes": {}, "id": "37cb2008b014b8ba", "name": "Trezzano sul Naviglio"}, "extended_entities": {"media": [{"source_user_id": 372502604, "source_status_id_str": "552832817089236992", "expanded_url": "http://twitter.com/MashableNews/status/552832817089236992/photo/1", "display_url": "pic.twitter.com/2wyBH1qbse", "url": "http://t.co/2wyBH1qbse", "media_url_https": "https://pbs.twimg.com/media/B6wOWI5CQAExQvK.jpg", "source_user_id_str": "372502604", "source_status_id": 552832817089236992, "id_str": "552832627766345729", "sizes": {"large": {"h": 467, "resize": "fit", "w": 849}, "small": {"h": 187, "resize": "fit", "w": 340}, "medium": {"h": 330, "resize": "fit", "w": 600}, "thumb": {"h": 150, "resize": "crop", "w": 150}}, "indices": [120, 142], "type": "photo", "id": 552832627766345729, "media_url": "http://pbs.twimg.com/media/B6wOWI5CQAExQvK.jpg"}, {"source_user_id": 372502604, "source_status_id_str": "552832817089236992", "expanded_url": "http://twitter.com/MashableNews/status/552832817089236992/photo/1", "display_url": "pic.twitter.com/2wyBH1qbse", "url": "http://t.co/2wyBH1qbse", "media_url_https": "https://pbs.twimg.com/media/B6wOWIwCAAASibL.jpg", "source_user_id_str": "372502604", "source_status_id": 552832817089236992, "id_str": "552832627728580608", "sizes": {"small": {"h": 190, "resize": "fit", "w": 340}, "large": {"h": 477, "resize": "fit", "w": 850}, "medium": {"h": 336, "resize": "fit", "w": 600}, "thumb": {"h": 150, "resize": "crop", "w": 150}}, "indices": [120, 142], "type": "photo", "id": 552832627728580608, "media_url": "http://pbs.twimg.com/media/B6wOWIwCAAASibL.jpg"}, {"source_user_id": 372502604, "source_status_id_str": "552832817089236992", "expanded_url": "http://twitter.com/MashableNews/status/552832817089236992/photo/1", "display_url": "pic.twitter.com/2wyBH1qbse", "url": "http://t.co/2wyBH1qbse", "media_url_https": "https://pbs.twimg.com/media/B6wOWKnCMAAwBqJ.jpg", "source_user_id_str": "372502604", "source_status_id": 552832817089236992, "id_str": "552832628227715072", "sizes": {"small": {"h": 187, "resize": "fit", "w": 340}, "large": {"h": 466, "resize": "fit", "w": 845}, "medium": {"h": 330, "resize": "fit", "w": 600}, "thumb": {"h": 150, "resize": "crop", "w": 150}}, "indices": [120, 142], "type": "photo", "id": 552832628227715072, "media_url": "http://pbs.twimg.com/media/B6wOWKnCMAAwBqJ.jpg"}]}}
