{"contributors":null,"truncated":false,"text":"@MashableNews @mashable the man might have been a wounded police officer as per Tv news coverage","in_reply_to_status_id":552832817089236992,"id":552838782710321152,"favorite_count":0,"source":"<a href=\"http:\/\/twitter.com\/download\/iphone\" rel=\"nofollow\">Twitter for iPhone<\/a>","retweeted":false,"coordinates":null,"entities":{"symbols":[],"user_mentions":[{"id":372502604,"indices":[0,13],"id_str":"372502604","screen_name":"MashableNews","name":"Mashable News"},{"id":972651,"indices":[14,23],"id_str":"972651","screen_name":"mashable","name":"Mashable"}],"hashtags":[],"urls":[]},"in_reply_to_screen_name":"MashableNews","id_str":"552838782710321152","retweet_count":0,"in_reply_to_user_id":372502604,"favorited":false,"user":{"follow_request_sent":false,"profile_use_background_image":true,"profile_text_color":"333333","default_profile_image":false,"id":14723131,"profile_background_image_url_https":"https:\/\/abs.twimg.com\/images\/themes\/theme19\/bg.gif","verified":false,"profile_location":null,"profile_image_url_https":"https:\/\/pbs.twimg.com\/profile_images\/578271622840225792\/OtVCD-gC_normal.jpeg","profile_sidebar_fill_color":"F6FFD1","entities":{"url":{"urls":[{"url":"http:\/\/t.co\/v5Qq0SztwS","indices":[0,22],"expanded_url":"http:\/\/nanowrimo.org\/participants\/jassalicious","display_url":"nanowrimo.org\/participants\/j\u2026"}]},"description":{"urls":[]}},"followers_count":179,"profile_sidebar_border_color":"FFF8AD","id_str":"14723131","profile_background_color":"FFF04D","listed_count":6,"is_translation_enabled":false,"utc_offset":19800,"statuses_count":1400,"description":"Owner of I Like The Way You Ink ~ Creative House","friends_count":34,"location":"Bombay, India","profile_link_color":"0099CC","profile_image_url":"http:\/\/pbs.twimg.com\/profile_images\/578271622840225792\/OtVCD-gC_normal.jpeg","following":false,"geo_enabled":false,"profile_banner_url":"https:\/\/pbs.twimg.com\/profile_banners\/14723131\/1400326239","profile_background_image_url":"http:\/\/abs.twimg.com\/images\/themes\/theme19\/bg.gif","name":"Jasmin Lord","lang":"en","profile_background_tile":false,"favourites_count":1355,"screen_name":"Jassalicious","notifications":false,"url":"http:\/\/t.co\/v5Qq0SztwS","created_at":"Sat May 10 09:16:24 +0000 2008","contributors_enabled":false,"time_zone":"Mumbai","protected":false,"default_profile":false,"is_translator":false},"geo":null,"in_reply_to_user_id_str":"372502604","lang":"en","created_at":"Wed Jan 07 14:46:51 +0000 2015","in_reply_to_status_id_str":"552832817089236992","place":null}