{"contributors": null, "truncated": false, "text": "@AwakeDeborah @MashableNews so sad", "in_reply_to_status_id": 552839226317094912, "id": 552842578539073537, "favorite_count": 1, "source": "<a href=\"http://twitter.com/download/iphone\" rel=\"nofollow\">Twitter for iPhone</a>", "retweeted": false, "coordinates": null, "entities": {"symbols": [], "user_mentions": [{"id": 757345172, "indices": [0, 13], "id_str": "757345172", "screen_name": "AwakeDeborah", "name": "\u2020Be The Light\u0646 "}, {"id": 372502604, "indices": [14, 27], "id_str": "372502604", "screen_name": "MashableNews", "name": "Mashable News"}], "hashtags": [], "urls": []}, "in_reply_to_screen_name": "AwakeDeborah", "id_str": "552842578539073537", "retweet_count": 0, "in_reply_to_user_id": 757345172, "favorited": false, "user": {"follow_request_sent": false, "profile_use_background_image": true, "profile_text_color": "333333", "default_profile_image": false, "id": 2157975905, "profile_background_image_url_https": "https://abs.twimg.com/images/themes/theme1/bg.png", "verified": false, "profile_location": null, "profile_image_url_https": "https://pbs.twimg.com/profile_images/378800000662719218/777aaf90dd306d87568557e00168c691_normal.jpeg", "profile_sidebar_fill_color": "DDEEF6", "entities": {"description": {"urls": []}}, "followers_count": 1150, "profile_sidebar_border_color": "C0DEED", "id_str": "2157975905", "profile_background_color": "C0DEED", "listed_count": 15, "is_translation_enabled": false, "utc_offset": null, "statuses_count": 15446, "description": "I am a geriatric nurse. I am also a Secular Franciscan.  I guess that makes me a Franciscan Girl.", "friends_count": 1282, "location": "", "profile_link_color": "0084B4", "profile_image_url": "http://pbs.twimg.com/profile_images/378800000662719218/777aaf90dd306d87568557e00168c691_normal.jpeg", "following": false, "geo_enabled": false, "profile_banner_url": "https://pbs.twimg.com/profile_banners/2157975905/1420954938", "profile_background_image_url": "http://abs.twimg.com/images/themes/theme1/bg.png", "name": "Deborah F Stuart", "lang": "en", "profile_background_tile": false, "favourites_count": 9920, "screen_name": "DeborahFStuart", "notifications": false, "url": null, "created_at": "Tue Oct 29 01:11:56 +0000 2013", "contributors_enabled": false, "time_zone": null, "protected": false, "default_profile": true, "is_translator": false}, "geo": null, "in_reply_to_user_id_str": "757345172", "lang": "en", "created_at": "Wed Jan 07 15:01:56 +0000 2015", "in_reply_to_status_id_str": "552839226317094912", "place": null}
