{"contributors":null,"truncated":false,"text":"That poor man pictured was a Police Officer :( @MashableNews","in_reply_to_status_id":552832817089236992,"id":552839062483369984,"favorite_count":0,"source":"<a href=\"http:\/\/twitter.com\" rel=\"nofollow\">Twitter Web Client<\/a>","retweeted":false,"coordinates":null,"entities":{"symbols":[],"user_mentions":[{"id":372502604,"indices":[47,60],"id_str":"372502604","screen_name":"MashableNews","name":"Mashable News"}],"hashtags":[],"urls":[]},"in_reply_to_screen_name":"MashableNews","id_str":"552839062483369984","retweet_count":0,"in_reply_to_user_id":372502604,"favorited":false,"user":{"follow_request_sent":false,"profile_use_background_image":true,"profile_text_color":"333333","default_profile_image":false,"id":757345172,"profile_background_image_url_https":"https:\/\/pbs.twimg.com\/profile_background_images\/378800000080553718\/ee969a36dc41345179f13923961a9a4e.jpeg","verified":false,"profile_location":null,"profile_image_url_https":"https:\/\/pbs.twimg.com\/profile_images\/567481322092781568\/tDvzEdm__normal.jpeg","profile_sidebar_fill_color":"EFEFEF","entities":{"url":{"urls":[{"url":"http:\/\/t.co\/YO5mjkwj48","indices":[0,22],"expanded_url":"http:\/\/wearethesalt.blogspot.com\/","display_url":"wearethesalt.blogspot.com"}]},"description":{"urls":[]}},"followers_count":5101,"profile_sidebar_border_color":"000000","id_str":"757345172","profile_background_color":"E50EF0","listed_count":119,"is_translation_enabled":false,"utc_offset":-14400,"statuses_count":66735,"description":"Catholic witness in a secular world. Conservative+USA+patriot. Retired PD Wife. I don't view anything that is offensive to God. \u2665Please follow my blog!\u2665TEXAS","friends_count":4228,"location":"\u2020FRONT LINES SPIRITUAL BATTLE\u2020","profile_link_color":"EA13F5","profile_image_url":"http:\/\/pbs.twimg.com\/profile_images\/567481322092781568\/tDvzEdm__normal.jpeg","following":false,"geo_enabled":false,"profile_banner_url":"https:\/\/pbs.twimg.com\/profile_banners\/757345172\/1420855111","profile_background_image_url":"http:\/\/pbs.twimg.com\/profile_background_images\/378800000080553718\/ee969a36dc41345179f13923961a9a4e.jpeg","name":"\u2020Be The Light\u0646 ","lang":"en","profile_background_tile":true,"favourites_count":40367,"screen_name":"AwakeDeborah","notifications":false,"url":"http:\/\/t.co\/YO5mjkwj48","created_at":"Tue Aug 14 15:22:32 +0000 2012","contributors_enabled":false,"time_zone":"Atlantic Time (Canada)","protected":false,"default_profile":false,"is_translator":false},"geo":null,"in_reply_to_user_id_str":"372502604","lang":"en","created_at":"Wed Jan 07 14:47:58 +0000 2015","in_reply_to_status_id_str":"552832817089236992","place":null}