{"contributors": null, "truncated": false, "text": "@MashableNews @mashable  I hope They are taken alive", "in_reply_to_status_id": 552832817089236992, "id": 552840158329200640, "favorite_count": 0, "source": "<a href=\"http://www.twitter.com\" rel=\"nofollow\">Twitter for BlackBerry</a>", "retweeted": false, "coordinates": null, "entities": {"symbols": [], "user_mentions": [{"id": 372502604, "indices": [0, 13], "id_str": "372502604", "screen_name": "MashableNews", "name": "Mashable News"}, {"id": 972651, "indices": [14, 23], "id_str": "972651", "screen_name": "mashable", "name": "Mashable"}], "hashtags": [], "urls": []}, "in_reply_to_screen_name": "MashableNews", "id_str": "552840158329200640", "retweet_count": 0, "in_reply_to_user_id": 372502604, "favorited": false, "user": {"follow_request_sent": false, "profile_use_background_image": true, "profile_text_color": "333333", "default_profile_image": false, "id": 332969934, "profile_background_image_url_https": "https://abs.twimg.com/images/themes/theme1/bg.png", "verified": false, "profile_location": null, "profile_image_url_https": "https://pbs.twimg.com/profile_images/1501988814/Wanderer_normal.jpg", "profile_sidebar_fill_color": "DDEEF6", "entities": {"description": {"urls": []}}, "followers_count": 89, "profile_sidebar_border_color": "C0DEED", "id_str": "332969934", "profile_background_color": "C0DEED", "listed_count": 3, "is_translation_enabled": false, "utc_offset": 3600, "statuses_count": 2476, "description": "", "friends_count": 645, "location": "Milan", "profile_link_color": "0084B4", "profile_image_url": "http://pbs.twimg.com/profile_images/1501988814/Wanderer_normal.jpg", "following": false, "geo_enabled": false, "profile_background_image_url": "http://abs.twimg.com/images/themes/theme1/bg.png", "name": "Giuseppe Guglielmi", "lang": "it", "profile_background_tile": false, "favourites_count": 12, "screen_name": "Giusguglielmi", "notifications": false, "url": null, "created_at": "Sun Jul 10 19:10:08 +0000 2011", "contributors_enabled": false, "time_zone": "Rome", "protected": false, "default_profile": true, "is_translator": false}, "geo": null, "in_reply_to_user_id_str": "372502604", "lang": "en", "created_at": "Wed Jan 07 14:52:19 +0000 2015", "in_reply_to_status_id_str": "552832817089236992", "place": null}
