{"contributors":null,"truncated":false,"text":"@Raquel75 @MashableNews Tantum religio potuit suadere malorum","in_reply_to_status_id":552837389870448640,"id":552842838845980672,"favorite_count":1,"source":"<a href=\"http:\/\/twitter.com\" rel=\"nofollow\">Twitter Web Client<\/a>","retweeted":false,"coordinates":null,"entities":{"symbols":[],"user_mentions":[{"id":22521283,"indices":[0,9],"id_str":"22521283","screen_name":"Raquel75","name":"Rachele Zinzocchi"},{"id":372502604,"indices":[10,23],"id_str":"372502604","screen_name":"MashableNews","name":"Mashable News"}],"hashtags":[],"urls":[]},"in_reply_to_screen_name":"Raquel75","id_str":"552842838845980672","retweet_count":0,"in_reply_to_user_id":22521283,"favorited":false,"user":{"follow_request_sent":false,"profile_use_background_image":true,"profile_text_color":"333333","default_profile_image":false,"id":1004153972,"profile_background_image_url_https":"https:\/\/pbs.twimg.com\/profile_background_images\/452445849746812928\/pevhDLyl.jpeg","verified":false,"profile_location":null,"profile_image_url_https":"https:\/\/pbs.twimg.com\/profile_images\/587884066160140288\/i9RLu54w_normal.jpg","profile_sidebar_fill_color":"DDEEF6","entities":{"description":{"urls":[]}},"followers_count":70,"profile_sidebar_border_color":"000000","id_str":"1004153972","profile_background_color":"022330","listed_count":2,"is_translation_enabled":false,"utc_offset":3600,"statuses_count":3281,"description":"\\\\ Freelance - Web marketing speclialist - WIndows Phone - Analogue photography - Stationeryholic - Tea addicted - 80's music - Riding my bike","friends_count":100,"location":"Venezia","profile_link_color":"0082C4","profile_image_url":"http:\/\/pbs.twimg.com\/profile_images\/587884066160140288\/i9RLu54w_normal.jpg","following":false,"geo_enabled":true,"profile_banner_url":"https:\/\/pbs.twimg.com\/profile_banners\/1004153972\/1404125008","profile_background_image_url":"http:\/\/pbs.twimg.com\/profile_background_images\/452445849746812928\/pevhDLyl.jpeg","name":"Marco Spironello","lang":"it","profile_background_tile":true,"favourites_count":57,"screen_name":"marco_spiro","notifications":false,"url":null,"created_at":"Tue Dec 11 14:33:18 +0000 2012","contributors_enabled":false,"time_zone":"Rome","protected":false,"default_profile":false,"is_translator":false},"geo":null,"in_reply_to_user_id_str":"22521283","lang":"ro","created_at":"Wed Jan 07 15:02:58 +0000 2015","in_reply_to_status_id_str":"552837389870448640","place":{"full_name":"Treviso, Veneto","url":"https:\/\/api.twitter.com\/1.1\/geo\/id\/29cb99482c2ec2f9.json","country":"Italia","place_type":"city","bounding_box":{"type":"Polygon","coordinates":[[[12.1697389,45.613673],[12.2882488,45.613673],[12.2882488,45.7079014],[12.1697389,45.7079014]]]},"contained_within":[],"country_code":"IT","attributes":{},"id":"29cb99482c2ec2f9","name":"Treviso"}}