{"contributors": null, "truncated": false, "text": "@MashableNews brain washed fanatics. The amount of fervor needed to commit such a horrific act is unimaginable.", "in_reply_to_status_id": 552832817089236992, "id": 552852233901965313, "favorite_count": 1, "source": "<a href=\"http://twitter.com\" rel=\"nofollow\">Twitter Web Client</a>", "retweeted": false, "coordinates": null, "entities": {"symbols": [], "user_mentions": [{"id": 372502604, "indices": [0, 13], "id_str": "372502604", "screen_name": "MashableNews", "name": "Mashable News"}], "hashtags": [], "urls": []}, "in_reply_to_screen_name": "MashableNews", "id_str": "552852233901965313", "retweet_count": 0, "in_reply_to_user_id": 372502604, "favorited": false, "user": {"follow_request_sent": false, "profile_use_background_image": true, "profile_text_color": "333333", "default_profile_image": false, "id": 268959309, "profile_background_image_url_https": "https://abs.twimg.com/images/themes/theme6/bg.gif", "verified": false, "profile_location": null, "profile_image_url_https": "https://pbs.twimg.com/profile_images/1279564251/Photo_29_normal.jpg", "profile_sidebar_fill_color": "A0C5C7", "entities": {"description": {"urls": []}}, "followers_count": 23, "profile_sidebar_border_color": "86A4A6", "id_str": "268959309", "profile_background_color": "709397", "listed_count": 1, "is_translation_enabled": false, "utc_offset": -28800, "statuses_count": 212, "description": "", "friends_count": 90, "location": "Los Angeles, CA", "profile_link_color": "FF3300", "profile_image_url": "http://pbs.twimg.com/profile_images/1279564251/Photo_29_normal.jpg", "following": false, "geo_enabled": false, "profile_background_image_url": "http://abs.twimg.com/images/themes/theme6/bg.gif", "name": "E. W.", "lang": "en", "profile_background_tile": false, "favourites_count": 250, "screen_name": "cintamnt", "notifications": false, "url": null, "created_at": "Sat Mar 19 20:39:42 +0000 2011", "contributors_enabled": false, "time_zone": "Pacific Time (US & Canada)", "protected": false, "default_profile": false, "is_translator": false}, "geo": null, "in_reply_to_user_id_str": "372502604", "lang": "en", "created_at": "Wed Jan 07 15:40:18 +0000 2015", "in_reply_to_status_id_str": "552832817089236992", "place": null}
