{"contributors":null,"truncated":false,"text":"Inexpicable evil! \u201c@MashableNews: 2 men wearing hoods &amp; black clothing shoot a wounded man #CharlieHebdo #ParisAttack http:\/\/t.co\/dlPpRknrbi","in_reply_to_status_id":552832817089236992,"id":552839829726060544,"favorite_count":0,"source":"<a href=\"http:\/\/twitter.com\/download\/iphone\" rel=\"nofollow\">Twitter for iPhone<\/a>","retweeted":false,"coordinates":null,"entities":{"symbols":[],"user_mentions":[{"id":372502604,"indices":[19,32],"id_str":"372502604","screen_name":"MashableNews","name":"Mashable News"}],"hashtags":[{"indices":[95,108],"text":"CharlieHebdo"},{"indices":[109,121],"text":"ParisAttack"}],"urls":[],"media":[{"source_user_id":372502604,"source_status_id_str":"552832817089236992","expanded_url":"http:\/\/twitter.com\/MashableNews\/status\/552832817089236992\/photo\/1","display_url":"pic.twitter.com\/dlPpRknrbi","url":"http:\/\/t.co\/dlPpRknrbi","media_url_https":"https:\/\/pbs.twimg.com\/media\/B6wOWI5CQAExQvK.jpg","source_user_id_str":"372502604","source_status_id":552832817089236992,"id_str":"552832627766345729","sizes":{"large":{"h":467,"resize":"fit","w":849},"small":{"h":187,"resize":"fit","w":340},"medium":{"h":330,"resize":"fit","w":600},"thumb":{"h":150,"resize":"crop","w":150}},"indices":[122,144],"type":"photo","id":552832627766345729,"media_url":"http:\/\/pbs.twimg.com\/media\/B6wOWI5CQAExQvK.jpg"}]},"in_reply_to_screen_name":"MashableNews","id_str":"552839829726060544","retweet_count":0,"in_reply_to_user_id":372502604,"favorited":false,"user":{"follow_request_sent":false,"profile_use_background_image":true,"profile_text_color":"333333","default_profile_image":false,"id":1536797588,"profile_background_image_url_https":"https:\/\/abs.twimg.com\/images\/themes\/theme1\/bg.png","verified":false,"profile_location":null,"profile_image_url_https":"https:\/\/pbs.twimg.com\/profile_images\/587972261509861376\/5oKb6cMV_normal.jpg","profile_sidebar_fill_color":"DDEEF6","entities":{"description":{"urls":[]}},"followers_count":778,"profile_sidebar_border_color":"C0DEED","id_str":"1536797588","profile_background_color":"C0DEED","listed_count":6,"is_translation_enabled":false,"utc_offset":null,"statuses_count":20005,"description":"During #AUSvsIND series those who follow me remember that I am an IndoAussie. I'l support our players in @CricketAus as much as @BCCI coz I appreciate #cricket","friends_count":339,"location":"Sydney","profile_link_color":"0084B4","profile_image_url":"http:\/\/pbs.twimg.com\/profile_images\/587972261509861376\/5oKb6cMV_normal.jpg","following":false,"geo_enabled":true,"profile_banner_url":"https:\/\/pbs.twimg.com\/profile_banners\/1536797588\/1371976903","profile_background_image_url":"http:\/\/abs.twimg.com\/images\/themes\/theme1\/bg.png","name":"\u2764Ruba Gs","lang":"en","profile_background_tile":false,"favourites_count":784,"screen_name":"GsRuba","notifications":false,"url":null,"created_at":"Fri Jun 21 15:50:51 +0000 2013","contributors_enabled":false,"time_zone":null,"protected":false,"default_profile":true,"is_translator":false},"geo":null,"in_reply_to_user_id_str":"372502604","possibly_sensitive":false,"lang":"en","created_at":"Wed Jan 07 14:51:01 +0000 2015","in_reply_to_status_id_str":"552832817089236992","place":null,"extended_entities":{"media":[{"source_user_id":372502604,"source_status_id_str":"552832817089236992","expanded_url":"http:\/\/twitter.com\/MashableNews\/status\/552832817089236992\/photo\/1","display_url":"pic.twitter.com\/dlPpRknrbi","url":"http:\/\/t.co\/dlPpRknrbi","media_url_https":"https:\/\/pbs.twimg.com\/media\/B6wOWI5CQAExQvK.jpg","source_user_id_str":"372502604","source_status_id":552832817089236992,"id_str":"552832627766345729","sizes":{"large":{"h":467,"resize":"fit","w":849},"small":{"h":187,"resize":"fit","w":340},"medium":{"h":330,"resize":"fit","w":600},"thumb":{"h":150,"resize":"crop","w":150}},"indices":[122,144],"type":"photo","id":552832627766345729,"media_url":"http:\/\/pbs.twimg.com\/media\/B6wOWI5CQAExQvK.jpg"},{"source_user_id":372502604,"source_status_id_str":"552832817089236992","expanded_url":"http:\/\/twitter.com\/MashableNews\/status\/552832817089236992\/photo\/1","display_url":"pic.twitter.com\/dlPpRknrbi","url":"http:\/\/t.co\/dlPpRknrbi","media_url_https":"https:\/\/pbs.twimg.com\/media\/B6wOWIwCAAASibL.jpg","source_user_id_str":"372502604","source_status_id":552832817089236992,"id_str":"552832627728580608","sizes":{"small":{"h":190,"resize":"fit","w":340},"large":{"h":477,"resize":"fit","w":850},"medium":{"h":336,"resize":"fit","w":600},"thumb":{"h":150,"resize":"crop","w":150}},"indices":[122,144],"type":"photo","id":552832627728580608,"media_url":"http:\/\/pbs.twimg.com\/media\/B6wOWIwCAAASibL.jpg"},{"source_user_id":372502604,"source_status_id_str":"552832817089236992","expanded_url":"http:\/\/twitter.com\/MashableNews\/status\/552832817089236992\/photo\/1","display_url":"pic.twitter.com\/dlPpRknrbi","url":"http:\/\/t.co\/dlPpRknrbi","media_url_https":"https:\/\/pbs.twimg.com\/media\/B6wOWKnCMAAwBqJ.jpg","source_user_id_str":"372502604","source_status_id":552832817089236992,"id_str":"552832628227715072","sizes":{"small":{"h":187,"resize":"fit","w":340},"large":{"h":466,"resize":"fit","w":845},"medium":{"h":330,"resize":"fit","w":600},"thumb":{"h":150,"resize":"crop","w":150}},"indices":[122,144],"type":"photo","id":552832628227715072,"media_url":"http:\/\/pbs.twimg.com\/media\/B6wOWKnCMAAwBqJ.jpg"}]}}