{"contributors": null, "truncated": false, "text": "@Raquel75 @MashableNews and terrible too", "in_reply_to_status_id": 552837389870448640, "id": 552837806574170113, "favorite_count": 0, "source": "<a href=\"http://twitter.com/download/android\" rel=\"nofollow\">Twitter for Android</a>", "retweeted": false, "coordinates": null, "entities": {"symbols": [], "user_mentions": [{"id": 22521283, "indices": [0, 9], "id_str": "22521283", "screen_name": "Raquel75", "name": "Rachele Zinzocchi"}, {"id": 372502604, "indices": [10, 23], "id_str": "372502604", "screen_name": "MashableNews", "name": "Mashable News"}], "hashtags": [], "urls": []}, "in_reply_to_screen_name": "Raquel75", "id_str": "552837806574170113", "retweet_count": 0, "in_reply_to_user_id": 22521283, "favorited": false, "user": {"follow_request_sent": false, "profile_use_background_image": true, "profile_text_color": "0D0D0D", "default_profile_image": false, "id": 195229666, "profile_background_image_url_https": "https://pbs.twimg.com/profile_background_images/155635586/159064_prayer.jpg", "verified": false, "profile_location": null, "profile_image_url_https": "https://pbs.twimg.com/profile_images/521843915347861504/7-JiikhX_normal.jpeg", "profile_sidebar_fill_color": "D19250", "entities": {"description": {"urls": []}}, "followers_count": 158, "profile_sidebar_border_color": "FFFFFF", "id_str": "195229666", "profile_background_color": "FFFFFF", "listed_count": 2, "is_translation_enabled": false, "utc_offset": -21600, "statuses_count": 3764, "description": "Typically funny.                   Occasionally theological.      Hopelessly cheering on SD sports.       i hate broccoli.", "friends_count": 265, "location": "SO CAL -- SW-KS", "profile_link_color": "514EED", "profile_image_url": "http://pbs.twimg.com/profile_images/521843915347861504/7-JiikhX_normal.jpeg", "following": false, "geo_enabled": true, "profile_banner_url": "https://pbs.twimg.com/profile_banners/195229666/1396499494", "profile_background_image_url": "http://pbs.twimg.com/profile_background_images/155635586/159064_prayer.jpg", "name": "Zack Magnuson", "lang": "en", "profile_background_tile": false, "favourites_count": 491, "screen_name": "ckozacko", "notifications": false, "url": null, "created_at": "Sun Sep 26 04:16:41 +0000 2010", "contributors_enabled": false, "time_zone": "Central Time (US & Canada)", "protected": false, "default_profile": false, "is_translator": false}, "geo": null, "in_reply_to_user_id_str": "22521283", "lang": "en", "created_at": "Wed Jan 07 14:42:58 +0000 2015", "in_reply_to_status_id_str": "552837389870448640", "place": null}
