{"contributors":null,"truncated":false,"text":"France: 10 people dead after shooting at HQ of satirical weekly newspaper #CharlieHebdo, according to witnesses http:\/\/t.co\/FkYxGmuS58","in_reply_to_status_id":null,"id":552783667052167168,"favorite_count":38,"source":"<a href=\"https:\/\/about.twitter.com\/products\/tweetdeck\" rel=\"nofollow\">TweetDeck<\/a>","retweeted":false,"coordinates":null,"entities":{"symbols":[],"user_mentions":[],"hashtags":[{"indices":[74,87],"text":"CharlieHebdo"}],"urls":[],"media":[{"expanded_url":"http:\/\/twitter.com\/euronews\/status\/552783667052167168\/photo\/1","display_url":"pic.twitter.com\/FkYxGmuS58","url":"http:\/\/t.co\/FkYxGmuS58","media_url_https":"https:\/\/pbs.twimg.com\/media\/B6vhzVDCAAArnxh.jpg","id_str":"552783651222454272","sizes":{"small":{"h":191,"resize":"fit","w":340},"large":{"h":576,"resize":"fit","w":1024},"medium":{"h":337,"resize":"fit","w":600},"thumb":{"h":150,"resize":"crop","w":150}},"indices":[112,134],"type":"photo","id":552783651222454272,"media_url":"http:\/\/pbs.twimg.com\/media\/B6vhzVDCAAArnxh.jpg"}]},"in_reply_to_screen_name":null,"id_str":"552783667052167168","retweet_count":486,"in_reply_to_user_id":null,"favorited":false,"user":{"follow_request_sent":false,"profile_use_background_image":true,"profile_text_color":"757175","default_profile_image":false,"id":25067168,"profile_background_image_url_https":"https:\/\/pbs.twimg.com\/profile_background_images\/450916122896760832\/zEPsIgMF.png","verified":true,"profile_location":null,"profile_image_url_https":"https:\/\/pbs.twimg.com\/profile_images\/578955751508574208\/cBkd0ibC_normal.png","profile_sidebar_fill_color":"E8E8E8","entities":{"url":{"urls":[{"url":"http:\/\/t.co\/tLR3OKNe0U","indices":[0,22],"expanded_url":"http:\/\/www.euronews.com\/","display_url":"euronews.com"}]},"description":{"urls":[{"url":"http:\/\/t.co\/oJUYq0FdJC","indices":[77,99],"expanded_url":"http:\/\/eurone.ws\/BDtH7","display_url":"eurone.ws\/BDtH7"}]}},"followers_count":129573,"profile_sidebar_border_color":"FFFFFF","id_str":"25067168","profile_background_color":"969698","listed_count":4085,"is_translation_enabled":false,"utc_offset":3600,"statuses_count":48440,"description":"Most watched news channel in Europe. We tweet in 13 languages. Choose yours: http:\/\/t.co\/oJUYq0FdJC","friends_count":337,"location":"Europe","profile_link_color":"0084B4","profile_image_url":"http:\/\/pbs.twimg.com\/profile_images\/578955751508574208\/cBkd0ibC_normal.png","following":false,"geo_enabled":false,"profile_banner_url":"https:\/\/pbs.twimg.com\/profile_banners\/25067168\/1416910279","profile_background_image_url":"http:\/\/pbs.twimg.com\/profile_background_images\/450916122896760832\/zEPsIgMF.png","name":"euronews","lang":"en","profile_background_tile":false,"favourites_count":615,"screen_name":"euronews","notifications":false,"url":"http:\/\/t.co\/tLR3OKNe0U","created_at":"Wed Mar 18 12:57:11 +0000 2009","contributors_enabled":false,"time_zone":"Paris","protected":false,"default_profile":false,"is_translator":false},"geo":null,"in_reply_to_user_id_str":null,"possibly_sensitive":false,"lang":"en","created_at":"Wed Jan 07 11:07:51 +0000 2015","in_reply_to_status_id_str":null,"place":null,"extended_entities":{"media":[{"expanded_url":"http:\/\/twitter.com\/euronews\/status\/552783667052167168\/photo\/1","display_url":"pic.twitter.com\/FkYxGmuS58","url":"http:\/\/t.co\/FkYxGmuS58","media_url_https":"https:\/\/pbs.twimg.com\/media\/B6vhzVDCAAArnxh.jpg","id_str":"552783651222454272","sizes":{"small":{"h":191,"resize":"fit","w":340},"large":{"h":576,"resize":"fit","w":1024},"medium":{"h":337,"resize":"fit","w":600},"thumb":{"h":150,"resize":"crop","w":150}},"indices":[112,134],"type":"photo","id":552783651222454272,"media_url":"http:\/\/pbs.twimg.com\/media\/B6vhzVDCAAArnxh.jpg"}]}}