{"is_rumour":"rumour","category":"Three suspects (inc. two brothers) have been identified in the Charlie Hebdo attacks","misinformation":0,"true":"1","links":[{"link":"http:\/\/www.bbc.com\/news\/live\/world-europe-30710777?ns_mchannel=social","mediatype":"news-media","position":"for"},{"link":"http:\/\/www.wsj.com\/articles\/shooting-at-paris-office-of-charlie-hebdo-magazine-kills-12-1420630438?mod=e2tw","mediatype":"news-media","position":"for"},{"link":"http:\/\/www.telegraph.co.uk\/news\/worldnews\/europe\/france\/11332411\/Said-and-Cherif-Kouachi-who-are-the-two-brothers-suspected-of-launching-Charlie-Hebdo-attack.html","mediatype":"news-media","position":"for"}],"is_turnaround":0}