{"contributors":null,"truncated":false,"text":"BREAKING: At least 10 killed in shooting at French satirical newspaper Charlie Hebdo, Paris prosecutor's office says. http:\/\/t.co\/mnAeA7j7fY","in_reply_to_status_id":null,"id":552791196247269378,"favorite_count":78,"source":"<a href=\"http:\/\/twitter.com\" rel=\"nofollow\">Twitter Web Client<\/a>","retweeted":false,"coordinates":null,"entities":{"symbols":[],"user_mentions":[],"hashtags":[],"urls":[{"url":"http:\/\/t.co\/mnAeA7j7fY","indices":[118,140],"expanded_url":"http:\/\/cnn.it\/1xE3Qkz","display_url":"cnn.it\/1xE3Qkz"}]},"in_reply_to_screen_name":null,"id_str":"552791196247269378","retweet_count":295,"in_reply_to_user_id":null,"favorited":false,"user":{"follow_request_sent":false,"profile_use_background_image":true,"profile_text_color":"000000","default_profile_image":false,"id":2097571,"profile_background_image_url_https":"https:\/\/pbs.twimg.com\/profile_background_images\/463688704217710594\/wy_-gC_L.jpeg","verified":true,"profile_location":null,"profile_image_url_https":"https:\/\/pbs.twimg.com\/profile_images\/507110899568504832\/d0aux-Su_normal.png","profile_sidebar_fill_color":"EEEEEE","entities":{"url":{"urls":[{"url":"http:\/\/t.co\/kdkv08KSgi","indices":[0,22],"expanded_url":"http:\/\/cnn.com\/international","display_url":"cnn.com\/international"}]},"description":{"urls":[]}},"followers_count":3029912,"profile_sidebar_border_color":"FFFFFF","id_str":"2097571","profile_background_color":"000000","listed_count":24406,"is_translation_enabled":false,"utc_offset":0,"statuses_count":74982,"description":"Breaking news from around the world, plus business, sports, entertainment and travel. We #gothere.","friends_count":389,"location":"Everywhere","profile_link_color":"004287","profile_image_url":"http:\/\/pbs.twimg.com\/profile_images\/507110899568504832\/d0aux-Su_normal.png","following":false,"geo_enabled":false,"profile_banner_url":"https:\/\/pbs.twimg.com\/profile_banners\/2097571\/1410416174","profile_background_image_url":"http:\/\/pbs.twimg.com\/profile_background_images\/463688704217710594\/wy_-gC_L.jpeg","name":"CNN International","lang":"en","profile_background_tile":false,"favourites_count":208,"screen_name":"cnni","notifications":false,"url":"http:\/\/t.co\/kdkv08KSgi","created_at":"Sat Mar 24 10:48:14 +0000 2007","contributors_enabled":false,"time_zone":"London","protected":false,"default_profile":false,"is_translator":false},"geo":null,"in_reply_to_user_id_str":null,"possibly_sensitive":false,"lang":"en","created_at":"Wed Jan 07 11:37:46 +0000 2015","in_reply_to_status_id_str":null,"place":null}