{"contributors": null, "truncated": false, "text": "@ThePeopleRise @RT_com Islam does not condone such swine behavior or violence in anyway shape or form. Its a psychiatric problem,!", "in_reply_to_status_id": 552833272724852736, "id": 552835278625177600, "favorite_count": 0, "source": "<a href=\"http://twitter.com/download/android\" rel=\"nofollow\">Twitter for Android</a>", "retweeted": false, "coordinates": null, "entities": {"symbols": [], "user_mentions": [{"id": 2841533735, "indices": [0, 14], "id_str": "2841533735", "screen_name": "ThePeopleRise", "name": "Edward Tudor"}, {"id": 64643056, "indices": [15, 22], "id_str": "64643056", "screen_name": "RT_com", "name": "RT"}], "hashtags": [], "urls": []}, "in_reply_to_screen_name": "ThePeopleRise", "id_str": "552835278625177600", "retweet_count": 0, "in_reply_to_user_id": 2841533735, "favorited": false, "user": {"follow_request_sent": false, "profile_use_background_image": true, "profile_text_color": "333333", "default_profile_image": false, "id": 244108572, "profile_background_image_url_https": "https://abs.twimg.com/images/themes/theme16/bg.gif", "verified": false, "profile_location": null, "profile_image_url_https": "https://pbs.twimg.com/profile_images/419060487397965824/x1K_McT7_normal.png", "profile_sidebar_fill_color": "DDFFCC", "entities": {"description": {"urls": []}}, "followers_count": 537, "profile_sidebar_border_color": "FFFFFF", "id_str": "244108572", "profile_background_color": "9AE4E8", "listed_count": 8, "is_translation_enabled": false, "utc_offset": -39600, "statuses_count": 14042, "description": "People are the common denominator. Organizations with great relationships have great people. Not the other way around.", "friends_count": 1109, "location": "", "profile_link_color": "0084B4", "profile_image_url": "http://pbs.twimg.com/profile_images/419060487397965824/x1K_McT7_normal.png", "following": false, "geo_enabled": false, "profile_banner_url": "https://pbs.twimg.com/profile_banners/244108572/1413989853", "profile_background_image_url": "http://abs.twimg.com/images/themes/theme16/bg.gif", "name": "terminalone", "lang": "en", "profile_background_tile": false, "favourites_count": 2036, "screen_name": "termoneaa", "notifications": false, "url": null, "created_at": "Fri Jan 28 14:52:11 +0000 2011", "contributors_enabled": false, "time_zone": "International Date Line West", "protected": false, "default_profile": false, "is_translator": false}, "geo": null, "in_reply_to_user_id_str": "2841533735", "lang": "en", "created_at": "Wed Jan 07 14:32:56 +0000 2015", "in_reply_to_status_id_str": "552833272724852736", "place": null}
