{"contributors": null, "truncated": false, "text": "@RT_com bastards", "in_reply_to_status_id": 552833028201144320, "id": 552851863671169024, "favorite_count": 0, "source": "<a href=\"http://twitter.com/download/iphone\" rel=\"nofollow\">Twitter for iPhone</a>", "retweeted": false, "coordinates": null, "entities": {"symbols": [], "user_mentions": [{"id": 64643056, "indices": [0, 7], "id_str": "64643056", "screen_name": "RT_com", "name": "RT"}], "hashtags": [], "urls": []}, "in_reply_to_screen_name": "RT_com", "id_str": "552851863671169024", "retweet_count": 0, "in_reply_to_user_id": 64643056, "favorited": false, "user": {"follow_request_sent": false, "profile_use_background_image": true, "profile_text_color": "333333", "default_profile_image": false, "id": 548739797, "profile_background_image_url_https": "https://abs.twimg.com/images/themes/theme1/bg.png", "verified": false, "profile_location": null, "profile_image_url_https": "https://pbs.twimg.com/profile_images/538296468965425153/io2HqSnu_normal.jpeg", "profile_sidebar_fill_color": "DDEEF6", "entities": {"url": {"urls": [{"url": "http://t.co/uafJd2PXHZ", "indices": [0, 22], "expanded_url": "http://www.dynamic.ly", "display_url": "dynamic.ly"}]}, "description": {"urls": []}}, "followers_count": 62, "profile_sidebar_border_color": "000000", "id_str": "548739797", "profile_background_color": "C0DEED", "listed_count": 0, "is_translation_enabled": false, "utc_offset": null, "statuses_count": 1014, "description": "Web designer & developer, guitarist by hobby. Love eating different foods, travelling, making new friends, love, sex, philanthropy & self claimed member of PTI", "friends_count": 129, "location": "Libya", "profile_link_color": "233332", "profile_image_url": "http://pbs.twimg.com/profile_images/538296468965425153/io2HqSnu_normal.jpeg", "following": false, "geo_enabled": true, "profile_banner_url": "https://pbs.twimg.com/profile_banners/548739797/1393952063", "profile_background_image_url": "http://abs.twimg.com/images/themes/theme1/bg.png", "name": "Abstract Art", "lang": "en", "profile_background_tile": false, "favourites_count": 21, "screen_name": "AbstractArt5", "notifications": false, "url": "http://t.co/uafJd2PXHZ", "created_at": "Sun Apr 08 21:49:00 +0000 2012", "contributors_enabled": false, "time_zone": null, "protected": false, "default_profile": false, "is_translator": false}, "geo": null, "in_reply_to_user_id_str": "64643056", "lang": "en", "created_at": "Wed Jan 07 15:38:50 +0000 2015", "in_reply_to_status_id_str": "552833028201144320", "place": null}
