{"contributors": null, "truncated": false, "text": "@RT_com not men, not human, these are Zealots, the same beasts Mosses used in the murder of 3 scores of ten when back from the mountain.", "in_reply_to_status_id": 552833028201144320, "id": 552834026948415488, "favorite_count": 0, "source": "<a href=\"http://twitter.com\" rel=\"nofollow\">Twitter Web Client</a>", "retweeted": false, "coordinates": null, "entities": {"symbols": [], "user_mentions": [{"id": 64643056, "indices": [0, 7], "id_str": "64643056", "screen_name": "RT_com", "name": "RT"}], "hashtags": [], "urls": []}, "in_reply_to_screen_name": "RT_com", "id_str": "552834026948415488", "retweet_count": 0, "in_reply_to_user_id": 64643056, "favorited": false, "user": {"follow_request_sent": false, "profile_use_background_image": true, "profile_text_color": "333333", "default_profile_image": false, "id": 118826051, "profile_background_image_url_https": "https://abs.twimg.com/images/themes/theme1/bg.png", "verified": false, "profile_location": null, "profile_image_url_https": "https://pbs.twimg.com/profile_images/3413928528/91082707dbdc3a65dc18ede09b871c97_normal.jpeg", "profile_sidebar_fill_color": "DDEEF6", "entities": {"description": {"urls": []}}, "followers_count": 143, "profile_sidebar_border_color": "C0DEED", "id_str": "118826051", "profile_background_color": "C0DEED", "listed_count": 3, "is_translation_enabled": false, "utc_offset": -28800, "statuses_count": 4477, "description": "anti-war Marine Sgt amazed at what I don't know for sure, don't abide stupid and say war is made by the weak, the strong negotiate hand to hand with no trigger", "friends_count": 349, "location": "left coast 45th parallel ", "profile_link_color": "0084B4", "profile_image_url": "http://pbs.twimg.com/profile_images/3413928528/91082707dbdc3a65dc18ede09b871c97_normal.jpeg", "following": false, "geo_enabled": false, "profile_background_image_url": "http://abs.twimg.com/images/themes/theme1/bg.png", "name": "GARY KILLPACK", "lang": "en", "profile_background_tile": false, "favourites_count": 4, "screen_name": "JNE4KLPK", "notifications": false, "url": null, "created_at": "Mon Mar 01 21:29:00 +0000 2010", "contributors_enabled": false, "time_zone": "Pacific Time (US & Canada)", "protected": false, "default_profile": true, "is_translator": false}, "geo": null, "in_reply_to_user_id_str": "64643056", "lang": "en", "created_at": "Wed Jan 07 14:27:57 +0000 2015", "in_reply_to_status_id_str": "552833028201144320", "place": null}
