{"contributors": null, "truncated": false, "text": "@RT_com maybe they should stop funding terrorists in Syria, Lybia etc. it blows back all the time. Remember Afghanistan in 80's", "in_reply_to_status_id": 552833028201144320, "id": 552833762174992384, "favorite_count": 2, "source": "<a href=\"http://twitter.com\" rel=\"nofollow\">Twitter Web Client</a>", "retweeted": false, "coordinates": null, "entities": {"symbols": [], "user_mentions": [{"id": 64643056, "indices": [0, 7], "id_str": "64643056", "screen_name": "RT_com", "name": "RT"}], "hashtags": [], "urls": []}, "in_reply_to_screen_name": "RT_com", "id_str": "552833762174992384", "retweet_count": 0, "in_reply_to_user_id": 64643056, "favorited": false, "user": {"follow_request_sent": false, "profile_use_background_image": true, "profile_text_color": "333333", "default_profile_image": false, "id": 2409013237, "profile_background_image_url_https": "https://abs.twimg.com/images/themes/theme1/bg.png", "verified": false, "profile_location": null, "profile_image_url_https": "https://pbs.twimg.com/profile_images/481859062804398080/Mo_1TNM1_normal.jpeg", "profile_sidebar_fill_color": "DDEEF6", "entities": {"description": {"urls": []}}, "followers_count": 16, "profile_sidebar_border_color": "C0DEED", "id_str": "2409013237", "profile_background_color": "C0DEED", "listed_count": 2, "is_translation_enabled": false, "utc_offset": 7200, "statuses_count": 265, "description": "", "friends_count": 27, "location": "", "profile_link_color": "000000", "profile_image_url": "http://pbs.twimg.com/profile_images/481859062804398080/Mo_1TNM1_normal.jpeg", "following": false, "geo_enabled": false, "profile_banner_url": "https://pbs.twimg.com/profile_banners/2409013237/1403632264", "profile_background_image_url": "http://abs.twimg.com/images/themes/theme1/bg.png", "name": "\u043a\u0443\u043d\u043e", "lang": "en", "profile_background_tile": false, "favourites_count": 7, "screen_name": "Kuno3984", "notifications": false, "url": null, "created_at": "Mon Mar 24 13:22:15 +0000 2014", "contributors_enabled": false, "time_zone": "Athens", "protected": false, "default_profile": false, "is_translator": false}, "geo": null, "in_reply_to_user_id_str": "64643056", "lang": "en", "created_at": "Wed Jan 07 14:26:54 +0000 2015", "in_reply_to_status_id_str": "552833028201144320", "place": null}
