{"contributors": null, "truncated": false, "text": "@RT_com Great #travel post! Why Not post on http://t.co/tXGMBRYHGX Proximity Based Travel Network? http://t.co/gZzC02E8yQ", "in_reply_to_status_id": 552833028201144320, "id": 552842861209993217, "favorite_count": 0, "source": "<a href=\"http://www.rebelmouse.com\" rel=\"nofollow\">RebelMouse Application</a>", "retweeted": false, "coordinates": null, "entities": {"symbols": [], "user_mentions": [{"id": 64643056, "indices": [0, 7], "id_str": "64643056", "screen_name": "RT_com", "name": "RT"}], "hashtags": [{"indices": [14, 21], "text": "travel"}], "urls": [{"url": "http://t.co/tXGMBRYHGX", "indices": [44, 66], "expanded_url": "http://www.GeoTravellers.com", "display_url": "GeoTravellers.com"}, {"url": "http://t.co/gZzC02E8yQ", "indices": [99, 121], "expanded_url": "http://rbl.ms/1HMZnid", "display_url": "rbl.ms/1HMZnid"}]}, "in_reply_to_screen_name": "RT_com", "id_str": "552842861209993217", "retweet_count": 0, "in_reply_to_user_id": 64643056, "favorited": false, "user": {"follow_request_sent": false, "profile_use_background_image": false, "profile_text_color": "000000", "default_profile_image": false, "id": 551551599, "profile_background_image_url_https": "https://abs.twimg.com/images/themes/theme1/bg.png", "verified": false, "profile_location": null, "profile_image_url_https": "https://pbs.twimg.com/profile_images/2147774384/squareformat_normal.png", "profile_sidebar_fill_color": "000000", "entities": {"url": {"urls": [{"url": "http://t.co/xckVo0kTfF", "indices": [0, 22], "expanded_url": "http://www.geotravellers.com", "display_url": "geotravellers.com"}]}, "description": {"urls": []}}, "followers_count": 17040, "profile_sidebar_border_color": "000000", "id_str": "551551599", "profile_background_color": "000000", "listed_count": 265, "is_translation_enabled": false, "utc_offset": -18000, "statuses_count": 142624, "description": "Travel Marketplace to create your own profile, blog, travel sites, directory, classifieds & shopping cart #Travel #Traveller #Travellers #GeoTravellers", "friends_count": 13708, "location": "", "profile_link_color": "4A913C", "profile_image_url": "http://pbs.twimg.com/profile_images/2147774384/squareformat_normal.png", "following": false, "geo_enabled": true, "profile_banner_url": "https://pbs.twimg.com/profile_banners/551551599/1399722204", "profile_background_image_url": "http://abs.twimg.com/images/themes/theme1/bg.png", "name": "#GeoTravellers", "lang": "en", "profile_background_tile": false, "favourites_count": 1765, "screen_name": "GeoTravellers", "notifications": false, "url": "http://t.co/xckVo0kTfF", "created_at": "Thu Apr 12 01:29:40 +0000 2012", "contributors_enabled": false, "time_zone": "Eastern Time (US & Canada)", "protected": false, "default_profile": false, "is_translator": false}, "geo": null, "in_reply_to_user_id_str": "64643056", "possibly_sensitive": false, "lang": "en", "created_at": "Wed Jan 07 15:03:04 +0000 2015", "in_reply_to_status_id_str": "552833028201144320", "place": null}
