{"contributors": null, "truncated": false, "text": "@RT_com just my 2 cents but URGENT is really not the best translation for \u0421\u0420\u041e\u0427\u041d\u041e. just write \u201cBREAKING\u201d and we\u2019d all be better off", "in_reply_to_status_id": 552833028201144320, "id": 552842163160367104, "favorite_count": 0, "source": "<a href=\"https://about.twitter.com/products/tweetdeck\" rel=\"nofollow\">TweetDeck</a>", "retweeted": false, "coordinates": null, "entities": {"symbols": [], "user_mentions": [{"id": 64643056, "indices": [0, 7], "id_str": "64643056", "screen_name": "RT_com", "name": "RT"}], "hashtags": [], "urls": []}, "in_reply_to_screen_name": "RT_com", "id_str": "552842163160367104", "retweet_count": 0, "in_reply_to_user_id": 64643056, "favorited": false, "user": {"follow_request_sent": false, "profile_use_background_image": true, "profile_text_color": "958144", "default_profile_image": false, "id": 66612236, "profile_background_image_url_https": "https://pbs.twimg.com/profile_background_images/378800000040108507/d0d2fef4ce7972930893dc53b236603f.jpeg", "verified": false, "profile_location": null, "profile_image_url_https": "https://pbs.twimg.com/profile_images/541658088328028160/2ebII5st_normal.jpeg", "profile_sidebar_fill_color": "B4B857", "entities": {"url": {"urls": [{"url": "http://t.co/duC8fIvGaE", "indices": [0, 22], "expanded_url": "http://www.vocativ.com/author/sarahkaufman/", "display_url": "vocativ.com/author/sarahka\u2026"}]}, "description": {"urls": [{"url": "http://t.co/JXaLWYnS7o", "indices": [34, 56], "expanded_url": "http://Vocativ.com", "display_url": "Vocativ.com"}]}}, "followers_count": 749, "profile_sidebar_border_color": "FFFFFF", "id_str": "66612236", "profile_background_color": "080707", "listed_count": 13, "is_translation_enabled": false, "utc_offset": -21600, "statuses_count": 3291, "description": "International affairs reporter at http://t.co/JXaLWYnS7o. When I'm not translating or writing, I'm usually talking to someone about Julianna Margulies.", "friends_count": 1045, "location": "New York City", "profile_link_color": "89C9FA", "profile_image_url": "http://pbs.twimg.com/profile_images/541658088328028160/2ebII5st_normal.jpeg", "following": false, "geo_enabled": false, "profile_banner_url": "https://pbs.twimg.com/profile_banners/66612236/1421096116", "profile_background_image_url": "http://pbs.twimg.com/profile_background_images/378800000040108507/d0d2fef4ce7972930893dc53b236603f.jpeg", "name": "Sarah Devin Kaufman", "lang": "en", "profile_background_tile": true, "favourites_count": 1962, "screen_name": "sarahdevin", "notifications": false, "url": "http://t.co/duC8fIvGaE", "created_at": "Tue Aug 18 06:08:36 +0000 2009", "contributors_enabled": false, "time_zone": "Central Time (US & Canada)", "protected": false, "default_profile": false, "is_translator": false}, "geo": null, "in_reply_to_user_id_str": "64643056", "lang": "en", "created_at": "Wed Jan 07 15:00:17 +0000 2015", "in_reply_to_status_id_str": "552833028201144320", "place": null}
