{"contributors": null, "truncated": false, "text": "@RT_com this is mossad", "in_reply_to_status_id": 552833028201144320, "id": 552838040503472128, "favorite_count": 1, "source": "<a href=\"http://twitter.com\" rel=\"nofollow\">Twitter Web Client</a>", "retweeted": false, "coordinates": null, "entities": {"symbols": [], "user_mentions": [{"id": 64643056, "indices": [0, 7], "id_str": "64643056", "screen_name": "RT_com", "name": "RT"}], "hashtags": [], "urls": []}, "in_reply_to_screen_name": "RT_com", "id_str": "552838040503472128", "retweet_count": 0, "in_reply_to_user_id": 64643056, "favorited": false, "user": {"follow_request_sent": false, "profile_use_background_image": true, "profile_text_color": "333333", "default_profile_image": true, "id": 83794329, "profile_background_image_url_https": "https://abs.twimg.com/images/themes/theme14/bg.gif", "verified": false, "profile_location": null, "profile_image_url_https": "https://abs.twimg.com/sticky/default_profile_images/default_profile_3_normal.png", "profile_sidebar_fill_color": "EFEFEF", "entities": {"url": {"urls": [{"url": "http://t.co/A9amayrW7w", "indices": [0, 22], "expanded_url": "http://samuel-heinemann.blogspot.com/2012/01/devil-devil.html", "display_url": "samuel-heinemann.blogspot.com/2012/01/devil-\u2026"}]}, "description": {"urls": [{"url": "http://t.co/v2TkQuPY", "indices": [0, 20], "expanded_url": "http://samuel-heinemann.tumblr.com", "display_url": "samuel-heinemann.tumblr.com"}, {"url": "http://t.co/Pvw7rGjS", "indices": [21, 41], "expanded_url": "http://bijdragenelders.blogspot.com", "display_url": "bijdragenelders.blogspot.com"}, {"url": "http://t.co/0xSBUgHn", "indices": [43, 63], "expanded_url": "http://www.scribd.com/Bonusje/documents", "display_url": "scribd.com/Bonusje/docume\u2026"}, {"url": "http://t.co/CxYDgX5S", "indices": [64, 84], "expanded_url": "http://free.icelandforum.net/t2-abuse-dutch-language#2", "display_url": "free.icelandforum.net/t2-abuse-dutch\u2026"}, {"url": "http://t.co/DwfLgqxjqr", "indices": [85, 107], "expanded_url": "http://www.klokkenluideronline.is/", "display_url": "klokkenluideronline.is"}]}}, "followers_count": 260, "profile_sidebar_border_color": "000000", "id_str": "83794329", "profile_background_color": "000000", "listed_count": 8, "is_translation_enabled": false, "utc_offset": 3600, "statuses_count": 58581, "description": "http://t.co/v2TkQuPY http://t.co/Pvw7rGjS  http://t.co/0xSBUgHn http://t.co/CxYDgX5S http://t.co/DwfLgqxjqr", "friends_count": 529, "location": "", "profile_link_color": "009999", "profile_image_url": "http://abs.twimg.com/sticky/default_profile_images/default_profile_3_normal.png", "following": false, "geo_enabled": false, "profile_background_image_url": "http://abs.twimg.com/images/themes/theme14/bg.gif", "name": "Bonusje", "lang": "en", "profile_background_tile": false, "favourites_count": 617, "screen_name": "Bonusje", "notifications": false, "url": "http://t.co/A9amayrW7w", "created_at": "Tue Oct 20 07:51:44 +0000 2009", "contributors_enabled": false, "time_zone": "Amsterdam", "protected": false, "default_profile": false, "is_translator": false}, "geo": null, "in_reply_to_user_id_str": "64643056", "lang": "en", "created_at": "Wed Jan 07 14:43:54 +0000 2015", "in_reply_to_status_id_str": "552833028201144320", "place": null}
