{"contributors":null,"truncated":false,"text":"@RT_com 1000s of muslims russian ukranian &amp; africans die each day europeans dont care , why the world is so concerned with 12 french death","in_reply_to_status_id":552833028201144320,"id":552876728326971393,"favorite_count":0,"source":"<a href=\"https:\/\/twitter.com\/download\/android\" rel=\"nofollow\">Twitter for Android Tablets<\/a>","retweeted":false,"coordinates":{"type":"Point","coordinates":[72.8664061,19.0759674]},"entities":{"symbols":[],"user_mentions":[{"id":64643056,"indices":[0,7],"id_str":"64643056","screen_name":"RT_com","name":"RT"}],"hashtags":[],"urls":[]},"in_reply_to_screen_name":"RT_com","id_str":"552876728326971393","retweet_count":0,"in_reply_to_user_id":64643056,"favorited":false,"user":{"follow_request_sent":false,"profile_use_background_image":true,"profile_text_color":"333333","default_profile_image":false,"id":1131136735,"profile_background_image_url_https":"https:\/\/abs.twimg.com\/images\/themes\/theme14\/bg.gif","verified":false,"profile_location":null,"profile_image_url_https":"https:\/\/pbs.twimg.com\/profile_images\/560850424698130433\/2kT0EThL_normal.jpeg","profile_sidebar_fill_color":"DDEEF6","entities":{"description":{"urls":[]}},"followers_count":45,"profile_sidebar_border_color":"FFFFFF","id_str":"1131136735","profile_background_color":"131516","listed_count":4,"is_translation_enabled":false,"utc_offset":19800,"statuses_count":403,"description":"MASTER  BLASTER","friends_count":62,"location":"India ","profile_link_color":"990094","profile_image_url":"http:\/\/pbs.twimg.com\/profile_images\/560850424698130433\/2kT0EThL_normal.jpeg","following":false,"geo_enabled":true,"profile_banner_url":"https:\/\/pbs.twimg.com\/profile_banners\/1131136735\/1419860875","profile_background_image_url":"http:\/\/abs.twimg.com\/images\/themes\/theme14\/bg.gif","name":"Russian Patriot  ","lang":"en","profile_background_tile":true,"favourites_count":100,"screen_name":"Gods_Russia","notifications":false,"url":null,"created_at":"Tue Jan 29 14:03:58 +0000 2013","contributors_enabled":false,"time_zone":"New Delhi","protected":false,"default_profile":false,"is_translator":false},"geo":{"type":"Point","coordinates":[19.0759674,72.8664061]},"in_reply_to_user_id_str":"64643056","lang":"en","created_at":"Wed Jan 07 17:17:38 +0000 2015","in_reply_to_status_id_str":"552833028201144320","place":{"full_name":"Mumbai, Maharashtra","url":"https:\/\/api.twitter.com\/1.1\/geo\/id\/7929cea6bd5b32bd.json","country":"India","place_type":"city","bounding_box":{"type":"Polygon","coordinates":[[[72.7458022,18.8453429],[73.0036476,18.8453429],[73.0036476,19.5029372],[72.7458022,19.5029372]]]},"contained_within":[],"country_code":"IN","attributes":{},"id":"7929cea6bd5b32bd","name":"Mumbai"}}