{"contributors": null, "truncated": false, "text": "@RT_com #SendThemHome", "in_reply_to_status_id": 552833028201144320, "id": 552833319747194882, "favorite_count": 1, "source": "<a href=\"http://twitter.com/download/iphone\" rel=\"nofollow\">Twitter for iPhone</a>", "retweeted": false, "coordinates": null, "entities": {"symbols": [], "user_mentions": [{"id": 64643056, "indices": [0, 7], "id_str": "64643056", "screen_name": "RT_com", "name": "RT"}], "hashtags": [{"indices": [8, 21], "text": "SendThemHome"}], "urls": []}, "in_reply_to_screen_name": "RT_com", "id_str": "552833319747194882", "retweet_count": 0, "in_reply_to_user_id": 64643056, "favorited": false, "user": {"follow_request_sent": false, "profile_use_background_image": true, "profile_text_color": "333333", "default_profile_image": false, "id": 2742669599, "profile_background_image_url_https": "https://abs.twimg.com/images/themes/theme1/bg.png", "verified": false, "profile_location": null, "profile_image_url_https": "https://pbs.twimg.com/profile_images/503637539371356162/r3lO5PSK_normal.jpeg", "profile_sidebar_fill_color": "DDEEF6", "entities": {"description": {"urls": []}}, "followers_count": 349, "profile_sidebar_border_color": "C0DEED", "id_str": "2742669599", "profile_background_color": "C0DEED", "listed_count": 1, "is_translation_enabled": false, "utc_offset": null, "statuses_count": 6983, "description": "We will all regret dropping out our Crosses.", "friends_count": 803, "location": "In hoc signo vinces", "profile_link_color": "0084B4", "profile_image_url": "http://pbs.twimg.com/profile_images/503637539371356162/r3lO5PSK_normal.jpeg", "following": false, "geo_enabled": false, "profile_banner_url": "https://pbs.twimg.com/profile_banners/2742669599/1410533003", "profile_background_image_url": "http://abs.twimg.com/images/themes/theme1/bg.png", "name": "Lu Solano", "lang": "pt", "profile_background_tile": false, "favourites_count": 2767, "screen_name": "loosolano", "notifications": false, "url": null, "created_at": "Thu Aug 14 14:11:47 +0000 2014", "contributors_enabled": false, "time_zone": null, "protected": false, "default_profile": true, "is_translator": false}, "geo": null, "in_reply_to_user_id_str": "64643056", "lang": "und", "created_at": "Wed Jan 07 14:25:09 +0000 2015", "in_reply_to_status_id_str": "552833028201144320", "place": null}
