{"contributors":null,"truncated":false,"text":"@RT_com did one of them drop his shoe? Surely catch those cunts","in_reply_to_status_id":552833028201144320,"id":552840222636265472,"favorite_count":0,"source":"<a href=\"http:\/\/twitter.com\/download\/android\" rel=\"nofollow\">Twitter for Android<\/a>","retweeted":false,"coordinates":null,"entities":{"symbols":[],"user_mentions":[{"id":64643056,"indices":[0,7],"id_str":"64643056","screen_name":"RT_com","name":"RT"}],"hashtags":[],"urls":[]},"in_reply_to_screen_name":"RT_com","id_str":"552840222636265472","retweet_count":0,"in_reply_to_user_id":64643056,"favorited":false,"user":{"follow_request_sent":false,"profile_use_background_image":true,"profile_text_color":"333333","default_profile_image":false,"id":448836862,"profile_background_image_url_https":"https:\/\/pbs.twimg.com\/profile_background_images\/378800000048199265\/d43008baee9ffa306e19889ea9fbbd65.jpeg","verified":false,"profile_location":null,"profile_image_url_https":"https:\/\/pbs.twimg.com\/profile_images\/583019072016805889\/u25ut6um_normal.jpg","profile_sidebar_fill_color":"FFFFFF","entities":{"url":{"urls":[{"url":"http:\/\/t.co\/3x48Ip8hXK","indices":[0,22],"expanded_url":"http:\/\/votedyes.com","display_url":"votedyes.com"}]},"description":{"urls":[]}},"followers_count":246,"profile_sidebar_border_color":"FFFFFF","id_str":"448836862","profile_background_color":"B2DFDA","listed_count":1,"is_translation_enabled":false,"utc_offset":0,"statuses_count":4663,"description":"Hail Hail ....","friends_count":392,"location":"Glasgow","profile_link_color":"93A644","profile_image_url":"http:\/\/pbs.twimg.com\/profile_images\/583019072016805889\/u25ut6um_normal.jpg","following":false,"geo_enabled":false,"profile_banner_url":"https:\/\/pbs.twimg.com\/profile_banners\/448836862\/1415645786","profile_background_image_url":"http:\/\/pbs.twimg.com\/profile_background_images\/378800000048199265\/d43008baee9ffa306e19889ea9fbbd65.jpeg","name":"Kev O'D","lang":"en","profile_background_tile":true,"favourites_count":289,"screen_name":"odonno","notifications":false,"url":"http:\/\/t.co\/3x48Ip8hXK","created_at":"Wed Dec 28 12:34:15 +0000 2011","contributors_enabled":false,"time_zone":"London","protected":false,"default_profile":false,"is_translator":false},"geo":null,"in_reply_to_user_id_str":"64643056","lang":"en","created_at":"Wed Jan 07 14:52:35 +0000 2015","in_reply_to_status_id_str":"552833028201144320","place":null}