{"contributors": null, "truncated": false, "text": "@RT_com OK 63 Drills Since 93 Where #Drill = Actual Terrorist #Attack #Waco Explosion  https://t.co/jDraBaijhj", "in_reply_to_status_id": 552833028201144320, "id": 552833887261691905, "favorite_count": 0, "source": "<a href=\"http://twitter.com\" rel=\"nofollow\">Twitter Web Client</a>", "retweeted": false, "coordinates": null, "entities": {"symbols": [], "user_mentions": [{"id": 64643056, "indices": [0, 7], "id_str": "64643056", "screen_name": "RT_com", "name": "RT"}], "hashtags": [{"indices": [36, 42], "text": "Drill"}, {"indices": [62, 69], "text": "Attack"}, {"indices": [70, 75], "text": "Waco"}], "urls": [{"url": "https://t.co/jDraBaijhj", "indices": [87, 110], "expanded_url": "https://edwardmd.wordpress.com/2013/04/28/more-us-drill-death-in-waco-drill-stops-for-reality-again/", "display_url": "edwardmd.wordpress.com/2013/04/28/mor\u2026"}]}, "in_reply_to_screen_name": "RT_com", "id_str": "552833887261691905", "retweet_count": 0, "in_reply_to_user_id": 64643056, "favorited": false, "user": {"follow_request_sent": false, "profile_use_background_image": true, "profile_text_color": "333333", "default_profile_image": false, "id": 2875761863, "profile_background_image_url_https": "https://abs.twimg.com/images/themes/theme1/bg.png", "verified": false, "profile_location": null, "profile_image_url_https": "https://pbs.twimg.com/profile_images/533030564949803008/f_kMN_9N_normal.jpeg", "profile_sidebar_fill_color": "DDEEF6", "entities": {"url": {"urls": [{"url": "http://t.co/RkG7eIdfpy", "indices": [0, 22], "expanded_url": "http://edwardmd.wordpress.com/", "display_url": "edwardmd.wordpress.com"}]}, "description": {"urls": []}}, "followers_count": 144, "profile_sidebar_border_color": "C0DEED", "id_str": "2875761863", "profile_background_color": "C0DEED", "listed_count": 18, "is_translation_enabled": false, "utc_offset": null, "statuses_count": 11454, "description": "", "friends_count": 98, "location": "", "profile_link_color": "0084B4", "profile_image_url": "http://pbs.twimg.com/profile_images/533030564949803008/f_kMN_9N_normal.jpeg", "following": false, "geo_enabled": true, "profile_banner_url": "https://pbs.twimg.com/profile_banners/2875761863/1419969842", "profile_background_image_url": "http://abs.twimg.com/images/themes/theme1/bg.png", "name": "Ed Ward MD", "lang": "en", "profile_background_tile": false, "favourites_count": 276, "screen_name": "EdWardMDBlog", "notifications": false, "url": "http://t.co/RkG7eIdfpy", "created_at": "Thu Nov 13 22:47:38 +0000 2014", "contributors_enabled": false, "time_zone": null, "protected": false, "default_profile": true, "is_translator": false}, "geo": null, "in_reply_to_user_id_str": "64643056", "possibly_sensitive": false, "lang": "en", "created_at": "Wed Jan 07 14:27:24 +0000 2015", "in_reply_to_status_id_str": "552833028201144320", "place": null}
