{"contributors": null, "truncated": false, "text": "@RT_com All in the name of oil.", "in_reply_to_status_id": 552833028201144320, "id": 552836259283218434, "favorite_count": 1, "source": "<a href=\"http://twitter.com\" rel=\"nofollow\">Twitter Web Client</a>", "retweeted": false, "coordinates": null, "entities": {"symbols": [], "user_mentions": [{"id": 64643056, "indices": [0, 7], "id_str": "64643056", "screen_name": "RT_com", "name": "RT"}], "hashtags": [], "urls": []}, "in_reply_to_screen_name": "RT_com", "id_str": "552836259283218434", "retweet_count": 0, "in_reply_to_user_id": 64643056, "favorited": false, "user": {"follow_request_sent": false, "profile_use_background_image": true, "profile_text_color": "333333", "default_profile_image": false, "id": 2284678018, "profile_background_image_url_https": "https://abs.twimg.com/images/themes/theme1/bg.png", "verified": false, "profile_location": null, "profile_image_url_https": "https://pbs.twimg.com/profile_images/480061186860257280/VSPFKWq8_normal.jpeg", "profile_sidebar_fill_color": "DDEEF6", "entities": {"description": {"urls": []}}, "followers_count": 265, "profile_sidebar_border_color": "C0DEED", "id_str": "2284678018", "profile_background_color": "C0DEED", "listed_count": 9, "is_translation_enabled": false, "utc_offset": null, "statuses_count": 15800, "description": "Mancity fan.Smiths and New Order and Stone Roses fan in 1989.I hate people.", "friends_count": 309, "location": "", "profile_link_color": "0084B4", "profile_image_url": "http://pbs.twimg.com/profile_images/480061186860257280/VSPFKWq8_normal.jpeg", "following": false, "geo_enabled": false, "profile_background_image_url": "http://abs.twimg.com/images/themes/theme1/bg.png", "name": "rosser", "lang": "en", "profile_background_tile": false, "favourites_count": 1183, "screen_name": "mcfcer", "notifications": false, "url": null, "created_at": "Wed Jan 15 23:01:51 +0000 2014", "contributors_enabled": false, "time_zone": null, "protected": false, "default_profile": true, "is_translator": false}, "geo": null, "in_reply_to_user_id_str": "64643056", "lang": "en", "created_at": "Wed Jan 07 14:36:50 +0000 2015", "in_reply_to_status_id_str": "552833028201144320", "place": null}
