{"contributors":null,"truncated":false,"text":"@RT_com right one is inside the car","in_reply_to_status_id":552833028201144320,"id":552833464933052416,"favorite_count":0,"source":"<a href=\"http:\/\/twitter.com\/download\/android\" rel=\"nofollow\">Twitter for Android<\/a>","retweeted":false,"coordinates":null,"entities":{"symbols":[],"user_mentions":[{"id":64643056,"indices":[0,7],"id_str":"64643056","screen_name":"RT_com","name":"RT"}],"hashtags":[],"urls":[]},"in_reply_to_screen_name":"RT_com","id_str":"552833464933052416","retweet_count":0,"in_reply_to_user_id":64643056,"favorited":false,"user":{"follow_request_sent":false,"profile_use_background_image":true,"profile_text_color":"333333","default_profile_image":false,"id":1494243667,"profile_background_image_url_https":"https:\/\/pbs.twimg.com\/profile_background_images\/378800000051644251\/aa5abffe5574e60790109d113a2cde55.jpeg","verified":false,"profile_location":null,"profile_image_url_https":"https:\/\/pbs.twimg.com\/profile_images\/581951802326835200\/DO0PT0fu_normal.jpg","profile_sidebar_fill_color":"C0DFEC","entities":{"description":{"urls":[]}},"followers_count":1396,"profile_sidebar_border_color":"FFFFFF","id_str":"1494243667","profile_background_color":"280B3B","listed_count":36,"is_translation_enabled":false,"utc_offset":3600,"statuses_count":11691,"description":"#AdoKojo #EkoFresh #GD4Life #Genetikk #Volls\u00fcssaber #PalestineResists #UpTheRebels #EndtheOccupation #Legion #ViveLaResistance \u2764\ufe0f","friends_count":1090,"location":"Unbekannt","profile_link_color":"A8DFF0","profile_image_url":"http:\/\/pbs.twimg.com\/profile_images\/581951802326835200\/DO0PT0fu_normal.jpg","following":false,"geo_enabled":false,"profile_banner_url":"https:\/\/pbs.twimg.com\/profile_banners\/1494243667\/1418814529","profile_background_image_url":"http:\/\/pbs.twimg.com\/profile_background_images\/378800000051644251\/aa5abffe5574e60790109d113a2cde55.jpeg","name":"HDF_Whois_?","lang":"de","profile_background_tile":false,"favourites_count":54633,"screen_name":"WClanSupport","notifications":false,"url":null,"created_at":"Sun Jun 09 00:04:08 +0000 2013","contributors_enabled":false,"time_zone":"Ljubljana","protected":false,"default_profile":false,"is_translator":false},"geo":null,"in_reply_to_user_id_str":"64643056","lang":"en","created_at":"Wed Jan 07 14:25:43 +0000 2015","in_reply_to_status_id_str":"552833028201144320","place":null}