{"contributors": null, "truncated": false, "text": "@RT_com \nSer\u00e1 que \u00e9 preciso mais uma trag\u00e9dia para come\u00e7arem a fazerem o que \u00e9 preciso para travar estes radicais?\nFora dos nossos Pa\u00edses j\u00e1", "in_reply_to_status_id": 552833028201144320, "id": 552835076573364224, "favorite_count": 0, "source": "<a href=\"http://twitter.com\" rel=\"nofollow\">Twitter Web Client</a>", "retweeted": false, "coordinates": null, "entities": {"symbols": [], "user_mentions": [{"id": 64643056, "indices": [0, 7], "id_str": "64643056", "screen_name": "RT_com", "name": "RT"}], "hashtags": [], "urls": []}, "in_reply_to_screen_name": "RT_com", "id_str": "552835076573364224", "retweet_count": 0, "in_reply_to_user_id": 64643056, "favorited": false, "user": {"follow_request_sent": false, "profile_use_background_image": true, "profile_text_color": "333333", "default_profile_image": false, "id": 431745600, "profile_background_image_url_https": "https://abs.twimg.com/images/themes/theme1/bg.png", "verified": false, "profile_location": null, "profile_image_url_https": "https://pbs.twimg.com/profile_images/477412392268095489/mTO4xBBy_normal.jpeg", "profile_sidebar_fill_color": "DDEEF6", "entities": {"description": {"urls": []}}, "followers_count": 91, "profile_sidebar_border_color": "C0DEED", "id_str": "431745600", "profile_background_color": "C0DEED", "listed_count": 1, "is_translation_enabled": false, "utc_offset": 0, "statuses_count": 3587, "description": "", "friends_count": 1051, "location": "Lisboa", "profile_link_color": "0084B4", "profile_image_url": "http://pbs.twimg.com/profile_images/477412392268095489/mTO4xBBy_normal.jpeg", "following": false, "geo_enabled": true, "profile_banner_url": "https://pbs.twimg.com/profile_banners/431745600/1401280919", "profile_background_image_url": "http://abs.twimg.com/images/themes/theme1/bg.png", "name": "paulo manuel andrezo", "lang": "pt", "profile_background_tile": false, "favourites_count": 1746, "screen_name": "andrezopaulo", "notifications": false, "url": null, "created_at": "Thu Dec 08 16:56:22 +0000 2011", "contributors_enabled": false, "time_zone": "Lisbon", "protected": false, "default_profile": true, "is_translator": false}, "geo": null, "in_reply_to_user_id_str": "64643056", "lang": "pt", "created_at": "Wed Jan 07 14:32:08 +0000 2015", "in_reply_to_status_id_str": "552833028201144320", "place": {"full_name": "Lisbon, Portugal", "url": "https://api.twitter.com/1.1/geo/id/c1430b24da8e9229.json", "country": "Portugal", "place_type": "city", "bounding_box": {"type": "Polygon", "coordinates": [[[-9.2298264, 38.6913748], [-9.0901639, 38.6913748], [-9.0901639, 38.7958529], [-9.2298264, 38.7958529]]]}, "contained_within": [], "country_code": "PT", "attributes": {}, "id": "c1430b24da8e9229", "name": "Lisbon"}}
