{"contributors":null,"truncated":false,"text":"@RT_com Sickening. Frenchmen must demand and election and voted FN to get those swine out of their country. This is a MUSLIM problem.","in_reply_to_status_id":552833028201144320,"id":552833272724852736,"favorite_count":1,"source":"<a href=\"http:\/\/twitter.com\" rel=\"nofollow\">Twitter Web Client<\/a>","retweeted":false,"coordinates":null,"entities":{"symbols":[],"user_mentions":[{"id":64643056,"indices":[0,7],"id_str":"64643056","screen_name":"RT_com","name":"RT"}],"hashtags":[],"urls":[]},"in_reply_to_screen_name":"RT_com","id_str":"552833272724852736","retweet_count":0,"in_reply_to_user_id":64643056,"favorited":false,"user":{"follow_request_sent":false,"profile_use_background_image":false,"profile_text_color":"000000","default_profile_image":false,"id":2841533735,"profile_background_image_url_https":"https:\/\/abs.twimg.com\/images\/themes\/theme1\/bg.png","verified":false,"profile_location":null,"profile_image_url_https":"https:\/\/pbs.twimg.com\/profile_images\/582195668346896384\/PcDotoBJ_normal.png","profile_sidebar_fill_color":"000000","entities":{"description":{"urls":[]}},"followers_count":16,"profile_sidebar_border_color":"000000","id_str":"2841533735","profile_background_color":"000000","listed_count":0,"is_translation_enabled":false,"utc_offset":0,"statuses_count":100,"description":"A Briton tired of the political establishment, BNP member","friends_count":58,"location":"United Kingdom","profile_link_color":"000000","profile_image_url":"http:\/\/pbs.twimg.com\/profile_images\/582195668346896384\/PcDotoBJ_normal.png","following":false,"geo_enabled":false,"profile_banner_url":"https:\/\/pbs.twimg.com\/profile_banners\/2841533735\/1414015065","profile_background_image_url":"http:\/\/abs.twimg.com\/images\/themes\/theme1\/bg.png","name":"Edward Tudor","lang":"en-gb","profile_background_tile":false,"favourites_count":40,"screen_name":"ThePeopleRise","notifications":false,"url":null,"created_at":"Wed Oct 22 21:02:34 +0000 2014","contributors_enabled":false,"time_zone":"London","protected":false,"default_profile":false,"is_translator":false},"geo":null,"in_reply_to_user_id_str":"64643056","lang":"en","created_at":"Wed Jan 07 14:24:58 +0000 2015","in_reply_to_status_id_str":"552833028201144320","place":null}