{"contributors":null,"truncated":false,"text":"Witnesses say the Charlie Hebdo gunmen identified themselves as members of al-Qaida: http:\/\/t.co\/WSEe7PGIdY http:\/\/t.co\/fTzk4xzZIr","in_reply_to_status_id":null,"id":552848620375261184,"favorite_count":28,"source":"<a href=\"http:\/\/www.socialflow.com\" rel=\"nofollow\">SocialFlow<\/a>","retweeted":false,"coordinates":null,"entities":{"symbols":[],"media":[{"expanded_url":"http:\/\/twitter.com\/Slate\/status\/552848620375261184\/photo\/1","display_url":"pic.twitter.com\/fTzk4xzZIr","url":"http:\/\/t.co\/fTzk4xzZIr","media_url_https":"https:\/\/pbs.twimg.com\/media\/B6wc5B0IUAAF3O6.jpg","id_str":"552848620324933632","sizes":{"small":{"h":226,"resize":"fit","w":340},"large":{"h":393,"resize":"fit","w":590},"medium":{"h":393,"resize":"fit","w":590},"thumb":{"h":150,"resize":"crop","w":150}},"indices":[108,130],"type":"photo","id":552848620324933632,"media_url":"http:\/\/pbs.twimg.com\/media\/B6wc5B0IUAAF3O6.jpg"}],"hashtags":[],"user_mentions":[],"trends":[],"urls":[{"url":"http:\/\/t.co\/WSEe7PGIdY","indices":[85,107],"expanded_url":"http:\/\/slate.me\/1wqsEIr","display_url":"slate.me\/1wqsEIr"}]},"in_reply_to_screen_name":null,"id_str":"552848620375261184","retweet_count":149,"in_reply_to_user_id":null,"favorited":false,"user":{"follow_request_sent":null,"profile_use_background_image":false,"default_profile_image":false,"id":15164565,"verified":true,"profile_image_url_https":"https:\/\/pbs.twimg.com\/profile_images\/2151387107\/slateLogo-S-facebookSquarex200_normal.jpg","profile_sidebar_fill_color":"E0FF92","profile_text_color":"000000","followers_count":1254546,"profile_sidebar_border_color":"87BC44","id_str":"15164565","profile_background_color":"670033","listed_count":26644,"profile_background_image_url_https":"https:\/\/pbs.twimg.com\/profile_background_images\/578119077\/wz4rqy2glu2jnibxu6hc.jpeg","utc_offset":-18000,"statuses_count":118676,"description":"Politics, culture, technology, business, news, and commentary. Procrastinate better.","friends_count":523,"location":"","profile_link_color":"0084B4","profile_image_url":"http:\/\/pbs.twimg.com\/profile_images\/2151387107\/slateLogo-S-facebookSquarex200_normal.jpg","following":null,"geo_enabled":false,"profile_banner_url":"https:\/\/pbs.twimg.com\/profile_banners\/15164565\/1420476851","profile_background_image_url":"http:\/\/pbs.twimg.com\/profile_background_images\/578119077\/wz4rqy2glu2jnibxu6hc.jpeg","name":"Slate","lang":"en","profile_background_tile":false,"favourites_count":85,"screen_name":"Slate","notifications":null,"url":"http:\/\/www.slate.com","created_at":"Thu Jun 19 01:08:29 +0000 2008","contributors_enabled":false,"time_zone":"Eastern Time (US & Canada)","protected":false,"default_profile":false,"is_translator":false},"geo":null,"in_reply_to_user_id_str":null,"possibly_sensitive":false,"lang":"en","created_at":"Wed Jan 07 15:25:57 +0000 2015","filter_level":"low","in_reply_to_status_id_str":null,"place":null,"extended_entities":{"media":[{"expanded_url":"http:\/\/twitter.com\/Slate\/status\/552848620375261184\/photo\/1","display_url":"pic.twitter.com\/fTzk4xzZIr","url":"http:\/\/t.co\/fTzk4xzZIr","media_url_https":"https:\/\/pbs.twimg.com\/media\/B6wc5B0IUAAF3O6.jpg","id_str":"552848620324933632","sizes":{"small":{"h":226,"resize":"fit","w":340},"large":{"h":393,"resize":"fit","w":590},"medium":{"h":393,"resize":"fit","w":590},"thumb":{"h":150,"resize":"crop","w":150}},"indices":[108,130],"type":"photo","id":552848620324933632,"media_url":"http:\/\/pbs.twimg.com\/media\/B6wc5B0IUAAF3O6.jpg"}]}}