{"contributors":null,"truncated":false,"text":"At least 11 dead in shooting at HQ of #CharlieHebdo in #Paris (police source)\nhttps:\/\/t.co\/e4dBcNVbvD","in_reply_to_status_id":null,"id":552792913910833152,"favorite_count":14,"source":"<a href=\"http:\/\/twitter.com\" rel=\"nofollow\">Twitter Web Client<\/a>","retweeted":false,"coordinates":null,"entities":{"symbols":[],"user_mentions":[],"hashtags":[{"indices":[38,51],"text":"CharlieHebdo"},{"indices":[55,61],"text":"Paris"}],"urls":[{"url":"https:\/\/t.co\/e4dBcNVbvD","indices":[78,101],"expanded_url":"https:\/\/amp.twimg.com\/v\/29607592-213b-472c-beda-d188e41135ef","display_url":"amp.twimg.com\/v\/29607592-213\u2026"}]},"in_reply_to_screen_name":null,"id_str":"552792913910833152","retweet_count":116,"in_reply_to_user_id":null,"favorited":false,"user":{"follow_request_sent":false,"profile_use_background_image":true,"profile_text_color":"013D83","default_profile_image":false,"id":1994321,"profile_background_image_url_https":"https:\/\/pbs.twimg.com\/profile_background_images\/435454589463052288\/GCnQIx__.png","verified":true,"profile_location":null,"profile_image_url_https":"https:\/\/pbs.twimg.com\/profile_images\/554668127233921024\/_KYzAJp4_normal.png","profile_sidebar_fill_color":"CADAEB","entities":{"url":{"urls":[{"url":"http:\/\/t.co\/NpePjH90XM","indices":[0,22],"expanded_url":"http:\/\/www.france24.com","display_url":"france24.com"}]},"description":{"urls":[{"url":"http:\/\/t.co\/ZaaXsh8d4l","indices":[97,119],"expanded_url":"http:\/\/f24.my\/contact-us","display_url":"f24.my\/contact-us"},{"url":"http:\/\/t.co\/gq0PUBO4z5","indices":[128,150],"expanded_url":"http:\/\/f24.my\/Android","display_url":"f24.my\/Android"}]}},"followers_count":1253289,"profile_sidebar_border_color":"000000","id_str":"1994321","profile_background_color":"FFFFFF","listed_count":6471,"is_translation_enabled":false,"utc_offset":3600,"statuses_count":144176,"description":"International News 24\/7 in your language: @France24_fr - @France24_en - @France24_ar\nContact us: http:\/\/t.co\/ZaaXsh8d4l Mobile: http:\/\/t.co\/gq0PUBO4z5","friends_count":378,"location":"Paris, France","profile_link_color":"00A7E3","profile_image_url":"http:\/\/pbs.twimg.com\/profile_images\/554668127233921024\/_KYzAJp4_normal.png","following":false,"geo_enabled":false,"profile_banner_url":"https:\/\/pbs.twimg.com\/profile_banners\/1994321\/1420646733","profile_background_image_url":"http:\/\/pbs.twimg.com\/profile_background_images\/435454589463052288\/GCnQIx__.png","name":"FRANCE 24","lang":"en","profile_background_tile":false,"favourites_count":423,"screen_name":"FRANCE24","notifications":false,"url":"http:\/\/t.co\/NpePjH90XM","created_at":"Fri Mar 23 09:40:48 +0000 2007","contributors_enabled":false,"time_zone":"Paris","protected":false,"default_profile":false,"is_translator":false},"geo":null,"in_reply_to_user_id_str":null,"possibly_sensitive":false,"lang":"en","created_at":"Wed Jan 07 11:44:35 +0000 2015","in_reply_to_status_id_str":null,"place":null}