{"contributors": null, "truncated": false, "text": "@norton_anorton @Slate the outbidding scenario as talked about by @MiaMBloom @selectedwisdom @intelwire", "in_reply_to_status_id": 552850544797446144, "id": 552852606234947584, "favorite_count": 0, "source": "<a href=\"http://twitter.com\" rel=\"nofollow\">Twitter Web Client</a>", "retweeted": false, "coordinates": null, "entities": {"symbols": [], "user_mentions": [{"id": 840766664, "indices": [0, 15], "id_str": "840766664", "screen_name": "norton_anorton", "name": "Anastasia norton"}, {"id": 15164565, "indices": [16, 22], "id_str": "15164565", "screen_name": "Slate", "name": "Slate"}, {"id": 1323603420, "indices": [66, 76], "id_str": "1323603420", "screen_name": "MiaMBloom", "name": "Mia Bloom"}, {"id": 187289134, "indices": [77, 92], "id_str": "187289134", "screen_name": "selectedwisdom", "name": "Clint Watts"}, {"id": 47101500, "indices": [93, 103], "id_str": "47101500", "screen_name": "intelwire", "name": "J.M. Berger"}], "hashtags": [], "urls": []}, "in_reply_to_screen_name": "norton_anorton", "id_str": "552852606234947584", "retweet_count": 0, "in_reply_to_user_id": 840766664, "favorited": false, "user": {"follow_request_sent": false, "profile_use_background_image": true, "profile_text_color": "CB9934", "default_profile_image": false, "id": 615500906, "profile_background_image_url_https": "https://pbs.twimg.com/profile_background_images/378800000041695057/6e67629b314d6c003705b94afd57f2fd.jpeg", "verified": false, "profile_location": null, "profile_image_url_https": "https://pbs.twimg.com/profile_images/2635840344/230e5aff0b71817c1fe5481d46233cb6_normal.jpeg", "profile_sidebar_fill_color": "0E1621", "entities": {"description": {"urls": []}}, "followers_count": 585, "profile_sidebar_border_color": "000000", "id_str": "615500906", "profile_background_color": "181C1F", "listed_count": 25, "is_translation_enabled": false, "utc_offset": null, "statuses_count": 1152, "description": "communication professor at GSU, social psychologist, terrorism researcher & teacher, health researcher, guitarist, wanna-be chef & bartender.", "friends_count": 1277, "location": "Atlanta", "profile_link_color": "575E61", "profile_image_url": "http://pbs.twimg.com/profile_images/2635840344/230e5aff0b71817c1fe5481d46233cb6_normal.jpeg", "following": false, "geo_enabled": false, "profile_banner_url": "https://pbs.twimg.com/profile_banners/615500906/1396964190", "profile_background_image_url": "http://pbs.twimg.com/profile_background_images/378800000041695057/6e67629b314d6c003705b94afd57f2fd.jpeg", "name": "Anthony Lemieux", "lang": "en", "profile_background_tile": false, "favourites_count": 201, "screen_name": "aflemieux", "notifications": false, "url": null, "created_at": "Fri Jun 22 20:29:41 +0000 2012", "contributors_enabled": false, "time_zone": null, "protected": false, "default_profile": false, "is_translator": false}, "geo": null, "in_reply_to_user_id_str": "840766664", "lang": "en", "created_at": "Wed Jan 07 15:41:47 +0000 2015", "in_reply_to_status_id_str": "552850544797446144", "place": null}
