{"contributors": null, "truncated": false, "text": "Trying to one-up ISIS? MT @Slate: Witnesses say Charlie Hebdo gunmen self-ID'd as al-Qaida: http://t.co/D6c2RJSKkk http://t.co/WWR7bGSUZm", "in_reply_to_status_id": 552848620375261184, "id": 552853646744899584, "favorite_count": 0, "source": "<a href=\"http://twitter.com/download/iphone\" rel=\"nofollow\">Twitter for iPhone</a>", "retweeted": false, "coordinates": null, "entities": {"symbols": [], "user_mentions": [{"id": 15164565, "indices": [26, 32], "id_str": "15164565", "screen_name": "Slate", "name": "Slate"}], "hashtags": [], "urls": [{"url": "http://t.co/D6c2RJSKkk", "indices": [92, 114], "expanded_url": "http://slate.me/1wqsEIr", "display_url": "slate.me/1wqsEIr"}], "media": [{"source_user_id": 15164565, "source_status_id_str": "552848620375261184", "expanded_url": "http://twitter.com/Slate/status/552848620375261184/photo/1", "display_url": "pic.twitter.com/WWR7bGSUZm", "url": "http://t.co/WWR7bGSUZm", "media_url_https": "https://pbs.twimg.com/media/B6wc5B0IUAAF3O6.jpg", "source_user_id_str": "15164565", "source_status_id": 552848620375261184, "id_str": "552848620324933632", "sizes": {"small": {"h": 226, "resize": "fit", "w": 340}, "large": {"h": 393, "resize": "fit", "w": 590}, "medium": {"h": 393, "resize": "fit", "w": 590}, "thumb": {"h": 150, "resize": "crop", "w": 150}}, "indices": [115, 137], "type": "photo", "id": 552848620324933632, "media_url": "http://pbs.twimg.com/media/B6wc5B0IUAAF3O6.jpg"}]}, "in_reply_to_screen_name": "Slate", "id_str": "552853646744899584", "retweet_count": 0, "in_reply_to_user_id": 15164565, "favorited": false, "user": {"follow_request_sent": false, "profile_use_background_image": true, "profile_text_color": "333333", "default_profile_image": false, "id": 33923271, "profile_background_image_url_https": "https://abs.twimg.com/images/themes/theme1/bg.png", "verified": false, "profile_location": null, "profile_image_url_https": "https://pbs.twimg.com/profile_images/249745371/croastachia_cropped2_normal.jpg", "profile_sidebar_fill_color": "DDEEF6", "entities": {"url": {"urls": [{"url": "http://t.co/qLBLOExGBT", "indices": [0, 22], "expanded_url": "http://clarencerosario.tumblr.com/", "display_url": "clarencerosario.tumblr.com"}]}, "description": {"urls": []}}, "followers_count": 233, "profile_sidebar_border_color": "C0DEED", "id_str": "33923271", "profile_background_color": "C0DEED", "listed_count": 1, "is_translation_enabled": false, "utc_offset": -18000, "statuses_count": 2717, "description": "Beer league ice hockey underachiever. Little Lebowski Urban Achiever. #Drynuary believer. Contributor to the @Awl, @thehairpin, @Deadspin, @Slate.", "friends_count": 110, "location": "Brooklyn, NY", "profile_link_color": "0084B4", "profile_image_url": "http://pbs.twimg.com/profile_images/249745371/croastachia_cropped2_normal.jpg", "following": false, "geo_enabled": true, "profile_banner_url": "https://pbs.twimg.com/profile_banners/33923271/1358347414", "profile_background_image_url": "http://abs.twimg.com/images/themes/theme1/bg.png", "name": "John Ore", "lang": "en", "profile_background_tile": false, "favourites_count": 1197, "screen_name": "clarencerosario", "notifications": false, "url": "http://t.co/qLBLOExGBT", "created_at": "Tue Apr 21 14:42:57 +0000 2009", "contributors_enabled": false, "time_zone": "Eastern Time (US & Canada)", "protected": false, "default_profile": true, "is_translator": false}, "geo": null, "in_reply_to_user_id_str": "15164565", "possibly_sensitive": false, "lang": "en", "created_at": "Wed Jan 07 15:45:55 +0000 2015", "in_reply_to_status_id_str": "552848620375261184", "place": null, "extended_entities": {"media": [{"source_user_id": 15164565, "source_status_id_str": "552848620375261184", "expanded_url": "http://twitter.com/Slate/status/552848620375261184/photo/1", "display_url": "pic.twitter.com/WWR7bGSUZm", "url": "http://t.co/WWR7bGSUZm", "media_url_https": "https://pbs.twimg.com/media/B6wc5B0IUAAF3O6.jpg", "source_user_id_str": "15164565", "source_status_id": 552848620375261184, "id_str": "552848620324933632", "sizes": {"small": {"h": 226, "resize": "fit", "w": 340}, "large": {"h": 393, "resize": "fit", "w": 590}, "medium": {"h": 393, "resize": "fit", "w": 590}, "thumb": {"h": 150, "resize": "crop", "w": 150}}, "indices": [115, 137], "type": "photo", "id": 552848620324933632, "media_url": "http://pbs.twimg.com/media/B6wc5B0IUAAF3O6.jpg"}]}}
