{"contributors": null, "truncated": false, "text": "@Slate @jasonCwaite http://t.co/FDMCU0siks", "in_reply_to_status_id": 552848620375261184, "id": 552850999443202049, "favorite_count": 0, "source": "<a href=\"http://twitter.com/download/iphone\" rel=\"nofollow\">Twitter for iPhone</a>", "retweeted": false, "coordinates": null, "entities": {"symbols": [], "user_mentions": [{"id": 15164565, "indices": [0, 6], "id_str": "15164565", "screen_name": "Slate", "name": "Slate"}, {"id": 559853899, "indices": [7, 19], "id_str": "559853899", "screen_name": "jasonCwaite", "name": "Jason"}], "hashtags": [], "urls": [], "media": [{"expanded_url": "http://twitter.com/AnonWolfTV/status/552850999443202049/photo/1", "display_url": "pic.twitter.com/FDMCU0siks", "url": "http://t.co/FDMCU0siks", "media_url_https": "https://pbs.twimg.com/media/B6wfDIyCMAAJvTo.jpg", "id_str": "552850993017139200", "sizes": {"small": {"h": 184, "resize": "fit", "w": 340}, "large": {"h": 299, "resize": "fit", "w": 550}, "medium": {"h": 299, "resize": "fit", "w": 550}, "thumb": {"h": 150, "resize": "crop", "w": 150}}, "indices": [20, 42], "type": "photo", "id": 552850993017139200, "media_url": "http://pbs.twimg.com/media/B6wfDIyCMAAJvTo.jpg"}]}, "in_reply_to_screen_name": "Slate", "id_str": "552850999443202049", "retweet_count": 0, "in_reply_to_user_id": 15164565, "favorited": false, "user": {"follow_request_sent": false, "profile_use_background_image": true, "profile_text_color": "333333", "default_profile_image": false, "id": 2334005558, "profile_background_image_url_https": "https://abs.twimg.com/images/themes/theme1/bg.png", "verified": false, "profile_location": null, "profile_image_url_https": "https://pbs.twimg.com/profile_images/538072704554106880/B-iK99To_normal.jpeg", "profile_sidebar_fill_color": "DDEEF6", "entities": {"url": {"urls": [{"url": "http://t.co/aWAazRYaI5", "indices": [0, 22], "expanded_url": "http://www.anonwolftv.co.uk", "display_url": "anonwolftv.co.uk"}]}, "description": {"urls": [{"url": "http://t.co/HnHnQ9ERZA", "indices": [104, 126], "expanded_url": "http://www.facebook.com/AnonWolfTV", "display_url": "facebook.com/AnonWolfTV"}]}}, "followers_count": 1504, "profile_sidebar_border_color": "C0DEED", "id_str": "2334005558", "profile_background_color": "C0DEED", "listed_count": 23, "is_translation_enabled": false, "utc_offset": null, "statuses_count": 1155, "description": "Website and Forum discussing the stories the main stream media won't: Shining a light on the truth.\nFB: http://t.co/HnHnQ9ERZA", "friends_count": 1683, "location": "World Wide", "profile_link_color": "0084B4", "profile_image_url": "http://pbs.twimg.com/profile_images/538072704554106880/B-iK99To_normal.jpeg", "following": false, "geo_enabled": false, "profile_banner_url": "https://pbs.twimg.com/profile_banners/2334005558/1394131114", "profile_background_image_url": "http://abs.twimg.com/images/themes/theme1/bg.png", "name": "AnonWolfTV", "lang": "en", "profile_background_tile": false, "favourites_count": 95, "screen_name": "AnonWolfTV", "notifications": false, "url": "http://t.co/aWAazRYaI5", "created_at": "Sat Feb 08 20:00:35 +0000 2014", "contributors_enabled": false, "time_zone": null, "protected": false, "default_profile": true, "is_translator": false}, "geo": null, "in_reply_to_user_id_str": "15164565", "possibly_sensitive": false, "lang": "und", "created_at": "Wed Jan 07 15:35:24 +0000 2015", "in_reply_to_status_id_str": "552848620375261184", "place": null, "extended_entities": {"media": [{"expanded_url": "http://twitter.com/AnonWolfTV/status/552850999443202049/photo/1", "display_url": "pic.twitter.com/FDMCU0siks", "url": "http://t.co/FDMCU0siks", "media_url_https": "https://pbs.twimg.com/media/B6wfDIyCMAAJvTo.jpg", "id_str": "552850993017139200", "sizes": {"small": {"h": 184, "resize": "fit", "w": 340}, "large": {"h": 299, "resize": "fit", "w": 550}, "medium": {"h": 299, "resize": "fit", "w": 550}, "thumb": {"h": 150, "resize": "crop", "w": 150}}, "indices": [20, 42], "type": "photo", "id": 552850993017139200, "media_url": "http://pbs.twimg.com/media/B6wfDIyCMAAJvTo.jpg"}]}}
