{"contributors":null,"truncated":false,"text":"@Slate Duh, Ya think?","in_reply_to_status_id":552848620375261184,"id":552857418062127104,"favorite_count":0,"source":"<a href=\"http:\/\/twitter.com\/download\/iphone\" rel=\"nofollow\">Twitter for iPhone<\/a>","retweeted":false,"coordinates":null,"entities":{"symbols":[],"user_mentions":[{"id":15164565,"indices":[0,6],"id_str":"15164565","screen_name":"Slate","name":"Slate"}],"hashtags":[],"urls":[]},"in_reply_to_screen_name":"Slate","id_str":"552857418062127104","retweet_count":0,"in_reply_to_user_id":15164565,"favorited":false,"user":{"follow_request_sent":false,"profile_use_background_image":true,"profile_text_color":"333333","default_profile_image":false,"id":705500738,"profile_background_image_url_https":"https:\/\/abs.twimg.com\/images\/themes\/theme1\/bg.png","verified":false,"profile_location":null,"profile_image_url_https":"https:\/\/pbs.twimg.com\/profile_images\/561962558396313602\/SCWXYtjI_normal.jpeg","profile_sidebar_fill_color":"DDEEF6","entities":{"url":{"urls":[{"url":"http:\/\/t.co\/sLPPaB13ZU","indices":[0,22],"expanded_url":"http:\/\/www.wdwv.net","display_url":"wdwv.net"}]},"description":{"urls":[]}},"followers_count":188,"profile_sidebar_border_color":"C0DEED","id_str":"705500738","profile_background_color":"C0DEED","listed_count":5,"is_translation_enabled":false,"utc_offset":-14400,"statuses_count":4975,"description":"","friends_count":704,"location":"Earth","profile_link_color":"0084B4","profile_image_url":"http:\/\/pbs.twimg.com\/profile_images\/561962558396313602\/SCWXYtjI_normal.jpeg","following":false,"geo_enabled":false,"profile_background_image_url":"http:\/\/abs.twimg.com\/images\/themes\/theme1\/bg.png","name":"The Oncoming Storm","lang":"en","profile_background_tile":false,"favourites_count":4617,"screen_name":"hippertheflippe","notifications":false,"url":"http:\/\/t.co\/sLPPaB13ZU","created_at":"Thu Jul 19 17:55:58 +0000 2012","contributors_enabled":false,"time_zone":"Atlantic Time (Canada)","protected":false,"default_profile":true,"is_translator":false},"geo":null,"in_reply_to_user_id_str":"15164565","lang":"en","created_at":"Wed Jan 07 16:00:54 +0000 2015","in_reply_to_status_id_str":"552848620375261184","place":null}