{"contributors": null, "truncated": false, "text": "@slate Cant be al-Qaida the President told us they are in retreat", "in_reply_to_status_id": 552848620375261184, "id": 552848904426098689, "favorite_count": 0, "source": "<a href=\"http://itunes.apple.com/us/app/twitter/id409789998?mt=12\" rel=\"nofollow\">Twitter for Mac</a>", "retweeted": false, "coordinates": null, "entities": {"symbols": [], "user_mentions": [{"id": 15164565, "indices": [0, 6], "id_str": "15164565", "screen_name": "Slate", "name": "Slate"}], "hashtags": [], "urls": []}, "in_reply_to_screen_name": "Slate", "id_str": "552848904426098689", "retweet_count": 0, "in_reply_to_user_id": 15164565, "favorited": false, "user": {"follow_request_sent": false, "profile_use_background_image": true, "profile_text_color": "333333", "default_profile_image": false, "id": 19572390, "profile_background_image_url_https": "https://abs.twimg.com/images/themes/theme1/bg.png", "verified": false, "profile_location": null, "profile_image_url_https": "https://pbs.twimg.com/profile_images/2823196027/6db241bc6dd1c3d5f85c77960391b7a2_normal.jpeg", "profile_sidebar_fill_color": "DDEEF6", "entities": {"description": {"urls": []}}, "followers_count": 61, "profile_sidebar_border_color": "C0DEED", "id_str": "19572390", "profile_background_color": "C0DEED", "listed_count": 2, "is_translation_enabled": false, "utc_offset": -18000, "statuses_count": 1819, "description": "Recovering Lawyer and Political Scientist who tries to play a bunch of guitars.", "friends_count": 355, "location": "", "profile_link_color": "0084B4", "profile_image_url": "http://pbs.twimg.com/profile_images/2823196027/6db241bc6dd1c3d5f85c77960391b7a2_normal.jpeg", "following": false, "geo_enabled": false, "profile_background_image_url": "http://abs.twimg.com/images/themes/theme1/bg.png", "name": "tobokie", "lang": "en", "profile_background_tile": false, "favourites_count": 433, "screen_name": "tobokie", "notifications": false, "url": null, "created_at": "Tue Jan 27 02:15:14 +0000 2009", "contributors_enabled": false, "time_zone": "Eastern Time (US & Canada)", "protected": false, "default_profile": true, "is_translator": false}, "geo": null, "in_reply_to_user_id_str": "15164565", "lang": "en", "created_at": "Wed Jan 07 15:27:04 +0000 2015", "in_reply_to_status_id_str": "552848620375261184", "place": null}
