{"contributors":null,"truncated":false,"text":".@Slate @whpresscorps ...witnesses may have but President never will not will he utter #islam #jihad or #muslim in association with this! \ud83d\udc4e","in_reply_to_status_id":552848620375261184,"id":552874999522934784,"favorite_count":0,"source":"<a href=\"http:\/\/twitter.com\/download\/iphone\" rel=\"nofollow\">Twitter for iPhone<\/a>","retweeted":false,"coordinates":null,"entities":{"symbols":[],"user_mentions":[{"id":15164565,"indices":[1,7],"id_str":"15164565","screen_name":"Slate","name":"Slate"},{"id":19416225,"indices":[8,21],"id_str":"19416225","screen_name":"whpresscorps","name":"WhiteHousePressCorps"}],"hashtags":[{"indices":[87,93],"text":"islam"},{"indices":[94,100],"text":"jihad"},{"indices":[104,111],"text":"muslim"}],"urls":[]},"in_reply_to_screen_name":"Slate","id_str":"552874999522934784","retweet_count":0,"in_reply_to_user_id":15164565,"favorited":false,"user":{"follow_request_sent":false,"profile_use_background_image":true,"profile_text_color":"333333","default_profile_image":false,"id":173514323,"profile_background_image_url_https":"https:\/\/pbs.twimg.com\/profile_background_images\/537048210603122688\/1gHCjell.jpeg","verified":false,"profile_location":null,"profile_image_url_https":"https:\/\/pbs.twimg.com\/profile_images\/570211480202711041\/bOlYbVvK_normal.jpeg","profile_sidebar_fill_color":"EFEFEF","entities":{"url":{"urls":[{"url":"http:\/\/t.co\/UokyNyJsDf","indices":[0,22],"expanded_url":"http:\/\/www.flickr.com\/netdep","display_url":"flickr.com\/netdep"}]},"description":{"urls":[]}},"followers_count":711,"profile_sidebar_border_color":"FFFFFF","id_str":"173514323","profile_background_color":"131516","listed_count":29,"is_translation_enabled":false,"utc_offset":-28800,"statuses_count":16812,"description":"Making nowhere my somewhere special...in a Toyota Tacoma, Specialized Crosstrail and Little Guy Teardrop!","friends_count":729,"location":"Seattle, WA","profile_link_color":"009999","profile_image_url":"http:\/\/pbs.twimg.com\/profile_images\/570211480202711041\/bOlYbVvK_normal.jpeg","following":false,"geo_enabled":false,"profile_banner_url":"https:\/\/pbs.twimg.com\/profile_banners\/173514323\/1416415565","profile_background_image_url":"http:\/\/pbs.twimg.com\/profile_background_images\/537048210603122688\/1gHCjell.jpeg","name":"NetDep","lang":"en","profile_background_tile":true,"favourites_count":2725,"screen_name":"NetDep911","notifications":false,"url":"http:\/\/t.co\/UokyNyJsDf","created_at":"Sun Aug 01 17:44:50 +0000 2010","contributors_enabled":false,"time_zone":"Pacific Time (US & Canada)","protected":false,"default_profile":false,"is_translator":false},"geo":null,"in_reply_to_user_id_str":"15164565","lang":"en","created_at":"Wed Jan 07 17:10:46 +0000 2015","in_reply_to_status_id_str":"552848620375261184","place":null}