{"contributors": null, "truncated": false, "text": "@Slate \nAlluh akbar , why did they make a funny on our prophet.", "in_reply_to_status_id": 552848620375261184, "id": 552852018864218112, "favorite_count": 0, "source": "<a href=\"http://twitter.com/download/android\" rel=\"nofollow\">Twitter for Android</a>", "retweeted": false, "coordinates": null, "entities": {"symbols": [], "user_mentions": [{"id": 15164565, "indices": [0, 6], "id_str": "15164565", "screen_name": "Slate", "name": "Slate"}], "hashtags": [], "urls": []}, "in_reply_to_screen_name": "Slate", "id_str": "552852018864218112", "retweet_count": 0, "in_reply_to_user_id": 15164565, "favorited": false, "user": {"follow_request_sent": false, "profile_use_background_image": true, "profile_text_color": "333333", "default_profile_image": false, "id": 2804811358, "profile_background_image_url_https": "https://abs.twimg.com/images/themes/theme1/bg.png", "verified": false, "profile_location": null, "profile_image_url_https": "https://pbs.twimg.com/profile_images/527333032139583489/YRzOGnYT_normal.jpeg", "profile_sidebar_fill_color": "DDEEF6", "entities": {"description": {"urls": []}}, "followers_count": 87, "profile_sidebar_border_color": "C0DEED", "id_str": "2804811358", "profile_background_color": "C0DEED", "listed_count": 0, "is_translation_enabled": false, "utc_offset": null, "statuses_count": 1131, "description": "", "friends_count": 47, "location": "", "profile_link_color": "0084B4", "profile_image_url": "http://pbs.twimg.com/profile_images/527333032139583489/YRzOGnYT_normal.jpeg", "following": false, "geo_enabled": false, "profile_background_image_url": "http://abs.twimg.com/images/themes/theme1/bg.png", "name": "Aboody Joojoo", "lang": "en", "profile_background_tile": false, "favourites_count": 57, "screen_name": "AboodyJoojoo", "notifications": false, "url": null, "created_at": "Sat Oct 04 12:35:31 +0000 2014", "contributors_enabled": false, "time_zone": null, "protected": false, "default_profile": true, "is_translator": false}, "geo": null, "in_reply_to_user_id_str": "15164565", "lang": "en", "created_at": "Wed Jan 07 15:39:27 +0000 2015", "in_reply_to_status_id_str": "552848620375261184", "place": null}
