{"contributors": null, "truncated": false, "text": "RT @Slate: Witnesses say the Charlie Hebdo gunmen identified themselves as members of al-Qaida http://t.co/1RBdAGXes9 http://t.co/pXb5oZmIs1", "in_reply_to_status_id": 552848620375261184, "id": 552858826043424768, "favorite_count": 1, "source": "<a href=\"http://twitter.com/#!/download/ipad\" rel=\"nofollow\">Twitter for iPad</a>", "retweeted": false, "coordinates": null, "entities": {"symbols": [], "user_mentions": [{"id": 15164565, "indices": [3, 9], "id_str": "15164565", "screen_name": "Slate", "name": "Slate"}], "hashtags": [], "urls": [{"url": "http://t.co/1RBdAGXes9", "indices": [95, 117], "expanded_url": "http://slate.me/1wqsEIr", "display_url": "slate.me/1wqsEIr"}], "media": [{"source_user_id": 15164565, "source_status_id_str": "552848620375261184", "expanded_url": "http://twitter.com/Slate/status/552848620375261184/photo/1", "display_url": "pic.twitter.com/pXb5oZmIs1", "url": "http://t.co/pXb5oZmIs1", "media_url_https": "https://pbs.twimg.com/media/B6wc5B0IUAAF3O6.jpg", "source_user_id_str": "15164565", "source_status_id": 552848620375261184, "id_str": "552848620324933632", "sizes": {"small": {"h": 226, "resize": "fit", "w": 340}, "large": {"h": 393, "resize": "fit", "w": 590}, "medium": {"h": 393, "resize": "fit", "w": 590}, "thumb": {"h": 150, "resize": "crop", "w": 150}}, "indices": [118, 140], "type": "photo", "id": 552848620324933632, "media_url": "http://pbs.twimg.com/media/B6wc5B0IUAAF3O6.jpg"}]}, "in_reply_to_screen_name": "Slate", "id_str": "552858826043424768", "retweet_count": 1, "in_reply_to_user_id": 15164565, "favorited": false, "user": {"follow_request_sent": false, "profile_use_background_image": true, "profile_text_color": "663B12", "default_profile_image": false, "id": 256442158, "profile_background_image_url_https": "https://abs.twimg.com/images/themes/theme2/bg.gif", "verified": false, "profile_location": null, "profile_image_url_https": "https://pbs.twimg.com/profile_images/490421361471279104/h_0uUlvL_normal.jpeg", "profile_sidebar_fill_color": "DAECF4", "entities": {"description": {"urls": []}}, "followers_count": 6125, "profile_sidebar_border_color": "C6E2EE", "id_str": "256442158", "profile_background_color": "C6E2EE", "listed_count": 226, "is_translation_enabled": false, "utc_offset": -10800, "statuses_count": 91025, "description": "Middle East media and social network analyst, regional observer lived and worked almost everywhere around this neighbourhood.", "friends_count": 4711, "location": "", "profile_link_color": "1F98C7", "profile_image_url": "http://pbs.twimg.com/profile_images/490421361471279104/h_0uUlvL_normal.jpeg", "following": false, "geo_enabled": false, "profile_banner_url": "https://pbs.twimg.com/profile_banners/256442158/1397516022", "profile_background_image_url": "http://abs.twimg.com/images/themes/theme2/bg.gif", "name": "orit perlov", "lang": "en", "profile_background_tile": false, "favourites_count": 34464, "screen_name": "oritperlov", "notifications": false, "url": null, "created_at": "Wed Feb 23 10:06:38 +0000 2011", "contributors_enabled": false, "time_zone": "Greenland", "protected": false, "default_profile": false, "is_translator": false}, "geo": null, "in_reply_to_user_id_str": "15164565", "possibly_sensitive": false, "lang": "en", "created_at": "Wed Jan 07 16:06:30 +0000 2015", "in_reply_to_status_id_str": "552848620375261184", "place": null, "extended_entities": {"media": [{"source_user_id": 15164565, "source_status_id_str": "552848620375261184", "expanded_url": "http://twitter.com/Slate/status/552848620375261184/photo/1", "display_url": "pic.twitter.com/pXb5oZmIs1", "url": "http://t.co/pXb5oZmIs1", "media_url_https": "https://pbs.twimg.com/media/B6wc5B0IUAAF3O6.jpg", "source_user_id_str": "15164565", "source_status_id": 552848620375261184, "id_str": "552848620324933632", "sizes": {"small": {"h": 226, "resize": "fit", "w": 340}, "large": {"h": 393, "resize": "fit", "w": 590}, "medium": {"h": 393, "resize": "fit", "w": 590}, "thumb": {"h": 150, "resize": "crop", "w": 150}}, "indices": [118, 140], "type": "photo", "id": 552848620324933632, "media_url": "http://pbs.twimg.com/media/B6wc5B0IUAAF3O6.jpg"}]}}
