{"contributors":null,"truncated":false,"text":"@Slate I strongly condemn this terrorist attack as a Turkish Muslim.Terrorists Cannot represent Islam #notinmyname","in_reply_to_status_id":552848620375261184,"id":552848723001475073,"favorite_count":2,"source":"<a href=\"http:\/\/twitter.com\/download\/android\" rel=\"nofollow\">Twitter for Android<\/a>","retweeted":false,"coordinates":null,"entities":{"symbols":[],"user_mentions":[{"id":15164565,"indices":[0,6],"id_str":"15164565","screen_name":"Slate","name":"Slate"}],"hashtags":[{"indices":[102,114],"text":"notinmyname"}],"urls":[]},"in_reply_to_screen_name":"Slate","id_str":"552848723001475073","retweet_count":0,"in_reply_to_user_id":15164565,"favorited":false,"user":{"follow_request_sent":false,"profile_use_background_image":true,"profile_text_color":"333333","default_profile_image":false,"id":2464502209,"profile_background_image_url_https":"https:\/\/pbs.twimg.com\/profile_background_images\/468510461038575616\/e9uVgEA_.jpeg","verified":false,"profile_location":null,"profile_image_url_https":"https:\/\/pbs.twimg.com\/profile_images\/572174994005991425\/NABGQyn8_normal.jpeg","profile_sidebar_fill_color":"DDEEF6","entities":{"url":{"urls":[{"url":"http:\/\/t.co\/FK7jYftTYY","indices":[0,22],"expanded_url":"http:\/\/www.youtube.com\/watch?v=7yTw5FlZvO0&sns=tw","display_url":"youtube.com\/watch?v=7yTw5F\u2026"}]},"description":{"urls":[]}},"followers_count":1051,"profile_sidebar_border_color":"FFFFFF","id_str":"2464502209","profile_background_color":"C0DEED","listed_count":18,"is_translation_enabled":false,"utc_offset":7200,"statuses_count":30053,"description":"@Galatasaray @FGulencomEN @HizmetMovement #PoliticalScientist #TurkishMuslim I hate Isis\/Al-Qaeda\/BokoHaram\/Extremists","friends_count":550,"location":"ISTANBUL\/TURKEY","profile_link_color":"0084B4","profile_image_url":"http:\/\/pbs.twimg.com\/profile_images\/572174994005991425\/NABGQyn8_normal.jpeg","following":false,"geo_enabled":false,"profile_banner_url":"https:\/\/pbs.twimg.com\/profile_banners\/2464502209\/1421670105","profile_background_image_url":"http:\/\/pbs.twimg.com\/profile_background_images\/468510461038575616\/e9uVgEA_.jpeg","name":"GALA TURCO","lang":"tr","profile_background_tile":true,"favourites_count":4239,"screen_name":"galaturco","notifications":false,"url":"http:\/\/t.co\/FK7jYftTYY","created_at":"Sat Apr 26 11:22:11 +0000 2014","contributors_enabled":false,"time_zone":"Istanbul","protected":false,"default_profile":false,"is_translator":false},"geo":null,"in_reply_to_user_id_str":"15164565","lang":"en","created_at":"Wed Jan 07 15:26:21 +0000 2015","in_reply_to_status_id_str":"552848620375261184","place":null}