{"contributors":null,"truncated":false,"text":"Hhmmmm\u2026 *ambil lup* \u201c@Slate: Witnesses say the Charlie Hebdo gunmen identified themselves as members of al-Qaida: http:\/\/t.co\/Ch14vfUpYU","in_reply_to_status_id":552848620375261184,"id":552850359266197504,"favorite_count":0,"source":"<a href=\"http:\/\/twitter.com\/download\/iphone\" rel=\"nofollow\">Twitter for iPhone<\/a>","retweeted":false,"coordinates":null,"entities":{"symbols":[],"user_mentions":[{"id":15164565,"indices":[21,27],"id_str":"15164565","screen_name":"Slate","name":"Slate"}],"hashtags":[],"urls":[{"url":"http:\/\/t.co\/Ch14vfUpYU","indices":[114,136],"expanded_url":"http:\/\/slate.me\/1wqsEIr","display_url":"slate.me\/1wqsEIr"}]},"in_reply_to_screen_name":"Slate","id_str":"552850359266197504","retweet_count":0,"in_reply_to_user_id":15164565,"favorited":false,"user":{"follow_request_sent":false,"profile_use_background_image":true,"profile_text_color":"08D689","default_profile_image":false,"id":75205739,"profile_background_image_url_https":"https:\/\/pbs.twimg.com\/profile_background_images\/856034319\/b4aacb27688ed96c81d00a008c857f7f.jpeg","verified":false,"profile_location":null,"profile_image_url_https":"https:\/\/pbs.twimg.com\/profile_images\/581734725745692673\/I0Ol3ZxY_normal.jpg","profile_sidebar_fill_color":"808080","entities":{"description":{"urls":[]}},"followers_count":588,"profile_sidebar_border_color":"000000","id_str":"75205739","profile_background_color":"A9D1C2","listed_count":7,"is_translation_enabled":true,"utc_offset":25200,"statuses_count":63561,"description":"Looks can be very Deceiving","friends_count":788,"location":"sub-conscious","profile_link_color":"23B590","profile_image_url":"http:\/\/pbs.twimg.com\/profile_images\/581734725745692673\/I0Ol3ZxY_normal.jpg","following":false,"geo_enabled":true,"profile_banner_url":"https:\/\/pbs.twimg.com\/profile_banners\/75205739\/1403488396","profile_background_image_url":"http:\/\/pbs.twimg.com\/profile_background_images\/856034319\/b4aacb27688ed96c81d00a008c857f7f.jpeg","name":"anomalous EGO","lang":"en","profile_background_tile":true,"favourites_count":11155,"screen_name":"MassiveAbstract","notifications":false,"url":null,"created_at":"Fri Sep 18 05:09:42 +0000 2009","contributors_enabled":false,"time_zone":"Jakarta","protected":false,"default_profile":false,"is_translator":false},"geo":null,"in_reply_to_user_id_str":"15164565","possibly_sensitive":false,"lang":"en","created_at":"Wed Jan 07 15:32:51 +0000 2015","in_reply_to_status_id_str":"552848620375261184","place":null}