{"contributors": null, "truncated": false, "text": "@Slate Who funded/armed/trained gunmen? https://t.co/iPBkLwhQk8 \u2026 Jeffrey Epstein also in CFR+Trilateral Commission #JeSuisCharlie", "in_reply_to_status_id": 552848620375261184, "id": 552848736897216513, "favorite_count": 0, "source": "<a href=\"http://twitter.com\" rel=\"nofollow\">Twitter Web Client</a>", "retweeted": false, "coordinates": null, "entities": {"symbols": [], "user_mentions": [{"id": 15164565, "indices": [0, 6], "id_str": "15164565", "screen_name": "Slate", "name": "Slate"}], "hashtags": [{"indices": [116, 130], "text": "JeSuisCharlie"}], "urls": [{"url": "https://t.co/iPBkLwhQk8", "indices": [40, 63], "expanded_url": "https://www.youtube.com/watch?v=kYvO3qAlyTg", "display_url": "youtube.com/watch?v=kYvO3q\u2026"}]}, "in_reply_to_screen_name": "Slate", "id_str": "552848736897216513", "retweet_count": 0, "in_reply_to_user_id": 15164565, "favorited": false, "user": {"follow_request_sent": false, "profile_use_background_image": true, "profile_text_color": "333333", "default_profile_image": false, "id": 1348798826, "profile_background_image_url_https": "https://pbs.twimg.com/profile_background_images/459636920155246593/6NPKHQks.jpeg", "verified": false, "profile_location": null, "profile_image_url_https": "https://pbs.twimg.com/profile_images/505494119213318145/CqSuWNqk_normal.jpeg", "profile_sidebar_fill_color": "DDEEF6", "entities": {"description": {"urls": []}}, "followers_count": 682, "profile_sidebar_border_color": "FFFFFF", "id_str": "1348798826", "profile_background_color": "131516", "listed_count": 6, "is_translation_enabled": false, "utc_offset": 0, "statuses_count": 17388, "description": "Bumbling fool with an uncanny ability to kick ass...", "friends_count": 1213, "location": "Shredsville", "profile_link_color": "0AAB1A", "profile_image_url": "http://pbs.twimg.com/profile_images/505494119213318145/CqSuWNqk_normal.jpeg", "following": false, "geo_enabled": true, "profile_banner_url": "https://pbs.twimg.com/profile_banners/1348798826/1409353715", "profile_background_image_url": "http://pbs.twimg.com/profile_background_images/459636920155246593/6NPKHQks.jpeg", "name": "Double Oh Shreddin'", "lang": "en", "profile_background_tile": true, "favourites_count": 2776, "screen_name": "FULLY_BADASS", "notifications": false, "url": null, "created_at": "Sat Apr 13 09:24:20 +0000 2013", "contributors_enabled": false, "time_zone": "Casablanca", "protected": false, "default_profile": false, "is_translator": false}, "geo": null, "in_reply_to_user_id_str": "15164565", "possibly_sensitive": false, "lang": "en", "created_at": "Wed Jan 07 15:26:24 +0000 2015", "in_reply_to_status_id_str": "552848620375261184", "place": {"full_name": "Walthamstow, London", "url": "https://api.twitter.com/1.1/geo/id/26b0db32cfda0432.json", "country": "United Kingdom", "place_type": "city", "bounding_box": {"type": "Polygon", "coordinates": [[[-0.06111, 51.5499687], [0.023642, 51.5499687], [0.023642, 51.648542], [-0.06111, 51.648542]]]}, "contained_within": [], "country_code": "GB", "attributes": {}, "id": "26b0db32cfda0432", "name": "Walthamstow"}}
