{"contributors": null, "truncated": false, "text": "\u201c@Slate: Witnesses -Charlie Hebdo gunmen identified themselves as members of al-Qaida:\" If true, terrorist groups' competing and escalating?", "in_reply_to_status_id": 552848620375261184, "id": 552850544797446144, "favorite_count": 0, "source": "<a href=\"http://twitter.com/#!/download/ipad\" rel=\"nofollow\">Twitter for iPad</a>", "retweeted": false, "coordinates": null, "entities": {"symbols": [], "user_mentions": [{"id": 15164565, "indices": [1, 7], "id_str": "15164565", "screen_name": "Slate", "name": "Slate"}], "hashtags": [], "urls": []}, "in_reply_to_screen_name": "Slate", "id_str": "552850544797446144", "retweet_count": 0, "in_reply_to_user_id": 15164565, "favorited": false, "user": {"follow_request_sent": false, "profile_use_background_image": true, "profile_text_color": "333333", "default_profile_image": false, "id": 840766664, "profile_background_image_url_https": "https://abs.twimg.com/images/themes/theme1/bg.png", "verified": false, "profile_location": null, "profile_image_url_https": "https://pbs.twimg.com/profile_images/547580051550900224/1g3f2_7o_normal.jpeg", "profile_sidebar_fill_color": "DDEEF6", "entities": {"url": {"urls": [{"url": "http://t.co/eUZ4m57geA", "indices": [0, 22], "expanded_url": "http://www.monitor-360.com", "display_url": "monitor-360.com"}]}, "description": {"urls": []}}, "followers_count": 19, "profile_sidebar_border_color": "C0DEED", "id_str": "840766664", "profile_background_color": "C0DEED", "listed_count": 0, "is_translation_enabled": false, "utc_offset": null, "statuses_count": 9, "description": "", "friends_count": 101, "location": "", "profile_link_color": "0084B4", "profile_image_url": "http://pbs.twimg.com/profile_images/547580051550900224/1g3f2_7o_normal.jpeg", "following": false, "geo_enabled": false, "profile_background_image_url": "http://abs.twimg.com/images/themes/theme1/bg.png", "name": "Anastasia norton", "lang": "en", "profile_background_tile": false, "favourites_count": 10, "screen_name": "norton_anorton", "notifications": false, "url": "http://t.co/eUZ4m57geA", "created_at": "Sun Sep 23 01:22:01 +0000 2012", "contributors_enabled": false, "time_zone": null, "protected": false, "default_profile": true, "is_translator": false}, "geo": null, "in_reply_to_user_id_str": "15164565", "lang": "en", "created_at": "Wed Jan 07 15:33:36 +0000 2015", "in_reply_to_status_id_str": "552848620375261184", "place": null}
