{"contributors": null, "truncated": false, "text": "@Slate \u0647\u0646\u0627\u0643 \u0627\u0644\u0645\u0632\u064a\u062f \u062a\u0631\u0628\u0635\u0648\u0627 #\u0628\u0627\u0631\u064a\u0633_\u062a\u0634\u062a\u0639\u0644", "in_reply_to_status_id": 552848620375261184, "id": 552870347541053441, "favorite_count": 0, "source": "<a href=\"http://twitter.com/download/android\" rel=\"nofollow\">Twitter for Android</a>", "retweeted": false, "coordinates": null, "entities": {"symbols": [], "user_mentions": [{"id": 15164565, "indices": [0, 6], "id_str": "15164565", "screen_name": "Slate", "name": "Slate"}], "hashtags": [{"indices": [26, 38], "text": "\u0628\u0627\u0631\u064a\u0633_\u062a\u0634\u062a\u0639\u0644"}], "urls": []}, "in_reply_to_screen_name": "Slate", "id_str": "552870347541053441", "retweet_count": 0, "in_reply_to_user_id": 15164565, "favorited": false, "user": {"follow_request_sent": false, "profile_use_background_image": true, "profile_text_color": "333333", "default_profile_image": false, "id": 2185942319, "profile_background_image_url_https": "https://abs.twimg.com/images/themes/theme1/bg.png", "verified": false, "profile_location": null, "profile_image_url_https": "https://pbs.twimg.com/profile_images/450965904353148928/aL3yDyAF_normal.jpeg", "profile_sidebar_fill_color": "DDEEF6", "entities": {"description": {"urls": []}}, "followers_count": 21, "profile_sidebar_border_color": "C0DEED", "id_str": "2185942319", "profile_background_color": "C0DEED", "listed_count": 0, "is_translation_enabled": false, "utc_offset": null, "statuses_count": 257, "description": "\u0627\u0646\u0627 \u0627\u0644\u0645\u062c\u0627\u0647\u062f  \u0648\u0633\u0645\u0639\u0648 \u0645\u0646 \u0627\u0643\u0648\u0646", "friends_count": 76, "location": "", "profile_link_color": "0084B4", "profile_image_url": "http://pbs.twimg.com/profile_images/450965904353148928/aL3yDyAF_normal.jpeg", "following": false, "geo_enabled": false, "profile_banner_url": "https://pbs.twimg.com/profile_banners/2185942319/1390413303", "profile_background_image_url": "http://abs.twimg.com/images/themes/theme1/bg.png", "name": "\u0627\u0644\u063a\u0627\u0645\u062f\u064a", "lang": "ar", "profile_background_tile": false, "favourites_count": 55, "screen_name": "abomalk142", "notifications": false, "url": null, "created_at": "Mon Nov 18 13:01:52 +0000 2013", "contributors_enabled": false, "time_zone": null, "protected": false, "default_profile": true, "is_translator": false}, "geo": null, "in_reply_to_user_id_str": "15164565", "lang": "ar", "created_at": "Wed Jan 07 16:52:17 +0000 2015", "in_reply_to_status_id_str": "552848620375261184", "place": null}
