{"contributors": null, "truncated": false, "text": "@Slate \" #gunmen confess they didn't get @Charlie_Hebdo_ 's #satire \" @TheOnion", "in_reply_to_status_id": 552848620375261184, "id": 552849973470314496, "favorite_count": 0, "source": "<a href=\"http://twitter.com\" rel=\"nofollow\">Twitter Web Client</a>", "retweeted": false, "coordinates": null, "entities": {"symbols": [], "user_mentions": [{"id": 15164565, "indices": [0, 6], "id_str": "15164565", "screen_name": "Slate", "name": "Slate"}, {"id": 65416867, "indices": [41, 56], "id_str": "65416867", "screen_name": "Charlie_Hebdo_", "name": "Charlie Hebdo"}, {"id": 14075928, "indices": [70, 79], "id_str": "14075928", "screen_name": "TheOnion", "name": "The Onion"}], "hashtags": [{"indices": [9, 16], "text": "gunmen"}, {"indices": [60, 67], "text": "satire"}], "urls": []}, "in_reply_to_screen_name": "Slate", "id_str": "552849973470314496", "retweet_count": 0, "in_reply_to_user_id": 15164565, "favorited": false, "user": {"follow_request_sent": false, "profile_use_background_image": true, "profile_text_color": "333333", "default_profile_image": false, "id": 631159292, "profile_background_image_url_https": "https://abs.twimg.com/images/themes/theme1/bg.png", "verified": false, "profile_location": null, "profile_image_url_https": "https://pbs.twimg.com/profile_images/2382262319/108-0893_IMG_1__normal.jpg", "profile_sidebar_fill_color": "DDEEF6", "entities": {"url": {"urls": [{"url": "http://t.co/yhXQbdh3O7", "indices": [0, 22], "expanded_url": "http://philippelafortune.com", "display_url": "philippelafortune.com"}]}, "description": {"urls": []}}, "followers_count": 36, "profile_sidebar_border_color": "C0DEED", "id_str": "631159292", "profile_background_color": "C0DEED", "listed_count": 1, "is_translation_enabled": false, "utc_offset": -14400, "statuses_count": 859, "description": "Writer, Right?", "friends_count": 226, "location": "", "profile_link_color": "0084B4", "profile_image_url": "http://pbs.twimg.com/profile_images/2382262319/108-0893_IMG_1__normal.jpg", "following": false, "geo_enabled": false, "profile_banner_url": "https://pbs.twimg.com/profile_banners/631159292/1411737616", "profile_background_image_url": "http://abs.twimg.com/images/themes/theme1/bg.png", "name": "Philippe LAFortune", "lang": "en", "profile_background_tile": false, "favourites_count": 5, "screen_name": "PhilLAFortune", "notifications": false, "url": "http://t.co/yhXQbdh3O7", "created_at": "Mon Jul 09 14:59:06 +0000 2012", "contributors_enabled": false, "time_zone": "Atlantic Time (Canada)", "protected": false, "default_profile": true, "is_translator": false}, "geo": null, "in_reply_to_user_id_str": "15164565", "lang": "en", "created_at": "Wed Jan 07 15:31:19 +0000 2015", "in_reply_to_status_id_str": "552848620375261184", "place": null}
