{"contributors": null, "truncated": false, "text": "@Slate @zaidbenjamin Identified themselves ? You having a laugh, so how come they didn't get shot too ? :/ #France", "in_reply_to_status_id": 552848620375261184, "id": 552851266754596865, "favorite_count": 1, "source": "<a href=\"http://twitter.com\" rel=\"nofollow\">Twitter Web Client</a>", "retweeted": false, "coordinates": null, "entities": {"symbols": [], "user_mentions": [{"id": 15164565, "indices": [0, 6], "id_str": "15164565", "screen_name": "Slate", "name": "Slate"}, {"id": 48956231, "indices": [7, 20], "id_str": "48956231", "screen_name": "zaidbenjamin", "name": "Zaid Benjamin"}], "hashtags": [{"indices": [107, 114], "text": "France"}], "urls": []}, "in_reply_to_screen_name": "Slate", "id_str": "552851266754596865", "retweet_count": 0, "in_reply_to_user_id": 15164565, "favorited": false, "user": {"follow_request_sent": false, "profile_use_background_image": true, "profile_text_color": "333333", "default_profile_image": false, "id": 996952393, "profile_background_image_url_https": "https://pbs.twimg.com/profile_background_images/502972510174855169/WzGmdFNs.jpeg", "verified": false, "profile_location": null, "profile_image_url_https": "https://pbs.twimg.com/profile_images/2947341424/7d6a8cb6fa278a5a96a5e92852e8261a_normal.png", "profile_sidebar_fill_color": "DDEEF6", "entities": {"url": {"urls": [{"url": "http://t.co/azeyYlsy02", "indices": [0, 22], "expanded_url": "http://www.ljbc.tv/", "display_url": "ljbc.tv"}]}, "description": {"urls": []}}, "followers_count": 1185, "profile_sidebar_border_color": "000000", "id_str": "996952393", "profile_background_color": "FFF04D", "listed_count": 2, "is_translation_enabled": false, "utc_offset": 0, "statuses_count": 2543, "description": "Libyan Jamahiriya Broadcasting Corporation | \u0627\u0644\u0647\u064a\u0626\u0629 \u0627\u0644\u0639\u0627\u0645\u0629 \u0644\u0625\u0630\u0627\u0639\u0627\u062a \u0627\u0644\u062c\u0645\u0627\u0647\u064a\u0631\u064a\u0629 \u0627\u0644\u0639\u0638\u0645\u0649", "friends_count": 545, "location": "Tripoli, Libya", "profile_link_color": "0099CC", "profile_image_url": "http://pbs.twimg.com/profile_images/2947341424/7d6a8cb6fa278a5a96a5e92852e8261a_normal.png", "following": false, "geo_enabled": false, "profile_banner_url": "https://pbs.twimg.com/profile_banners/996952393/1408797770", "profile_background_image_url": "http://pbs.twimg.com/profile_background_images/502972510174855169/WzGmdFNs.jpeg", "name": "LJBC TV", "lang": "en", "profile_background_tile": false, "favourites_count": 1149, "screen_name": "ljbc_tv", "notifications": false, "url": "http://t.co/azeyYlsy02", "created_at": "Sat Dec 08 11:03:48 +0000 2012", "contributors_enabled": false, "time_zone": "Casablanca", "protected": false, "default_profile": false, "is_translator": false}, "geo": null, "in_reply_to_user_id_str": "15164565", "lang": "en", "created_at": "Wed Jan 07 15:36:28 +0000 2015", "in_reply_to_status_id_str": "552848620375261184", "place": null}
