{"contributors": null, "truncated": false, "text": "Background see the French deep state.  @mjrharris", "in_reply_to_status_id": 552816020403269632, "id": 552817849845436416, "favorite_count": 0, "source": "<a href=\"http://twitter.com/download/android\" rel=\"nofollow\">Twitter for Android</a>", "retweeted": false, "coordinates": null, "entities": {"symbols": [], "user_mentions": [{"id": 174253648, "indices": [39, 49], "id_str": "174253648", "screen_name": "mjrharris", "name": "Michael Harris"}], "hashtags": [], "urls": []}, "in_reply_to_screen_name": "mjrharris", "id_str": "552817849845436416", "retweet_count": 0, "in_reply_to_user_id": 174253648, "favorited": false, "user": {"follow_request_sent": false, "profile_use_background_image": true, "profile_text_color": "333333", "default_profile_image": false, "id": 395255891, "profile_background_image_url_https": "https://abs.twimg.com/images/themes/theme14/bg.gif", "verified": false, "profile_location": null, "profile_image_url_https": "https://pbs.twimg.com/profile_images/2613365000/mv0ruivygxx69db2dyua_normal.jpeg", "profile_sidebar_fill_color": "EFEFEF", "entities": {"url": {"urls": [{"url": "http://t.co/KNqh8a5qai", "indices": [0, 22], "expanded_url": "http://simdineoldu.tr", "display_url": "simdineoldu.tr"}]}, "description": {"urls": []}}, "followers_count": 350, "profile_sidebar_border_color": "EEEEEE", "id_str": "395255891", "profile_background_color": "131516", "listed_count": 2, "is_translation_enabled": false, "utc_offset": 7200, "statuses_count": 15488, "description": "G\u00f6z\u00fcn Neyi G\u00f6r\u00fcyorsa Sen O'sun", "friends_count": 1211, "location": "T\u00dcRK\u0130YE", "profile_link_color": "009999", "profile_image_url": "http://pbs.twimg.com/profile_images/2613365000/mv0ruivygxx69db2dyua_normal.jpeg", "following": false, "geo_enabled": false, "profile_banner_url": "https://pbs.twimg.com/profile_banners/395255891/1379318641", "profile_background_image_url": "http://abs.twimg.com/images/themes/theme14/bg.gif", "name": " Kulvar", "lang": "tr", "profile_background_tile": true, "favourites_count": 115, "screen_name": "nihayetindebu", "notifications": false, "url": "http://t.co/KNqh8a5qai", "created_at": "Fri Oct 21 11:36:56 +0000 2011", "contributors_enabled": false, "time_zone": "Istanbul", "protected": false, "default_profile": false, "is_translator": false}, "geo": null, "in_reply_to_user_id_str": "174253648", "lang": "en", "created_at": "Wed Jan 07 13:23:40 +0000 2015", "in_reply_to_status_id_str": "552816020403269632", "place": null}
