{"contributors": null, "truncated": false, "text": "@mjrharris @chriscaple despicable cowardice. Sickening.", "in_reply_to_status_id": 552816020403269632, "id": 552830099046035456, "favorite_count": 0, "source": "<a href=\"http://twitter.com\" rel=\"nofollow\">Twitter Web Client</a>", "retweeted": false, "coordinates": null, "entities": {"symbols": [], "user_mentions": [{"id": 174253648, "indices": [0, 10], "id_str": "174253648", "screen_name": "mjrharris", "name": "Michael Harris"}, {"id": 96419957, "indices": [11, 22], "id_str": "96419957", "screen_name": "chriscaple", "name": "Chris Caple"}], "hashtags": [], "urls": []}, "in_reply_to_screen_name": "mjrharris", "id_str": "552830099046035456", "retweet_count": 0, "in_reply_to_user_id": 174253648, "favorited": false, "user": {"follow_request_sent": false, "profile_use_background_image": true, "profile_text_color": "333333", "default_profile_image": false, "id": 2176645622, "profile_background_image_url_https": "https://pbs.twimg.com/profile_background_images/452126394605002752/U4sM-Mmg.jpeg", "verified": false, "profile_location": null, "profile_image_url_https": "https://pbs.twimg.com/profile_images/551231063947636738/A0wERu-c_normal.jpeg", "profile_sidebar_fill_color": "DDEEF6", "entities": {"description": {"urls": []}}, "followers_count": 230, "profile_sidebar_border_color": "FFFFFF", "id_str": "2176645622", "profile_background_color": "C3CFEB", "listed_count": 3, "is_translation_enabled": false, "utc_offset": -18000, "statuses_count": 9084, "description": "You think I'm angry?! I'm. Not. Angry.      I just have really dark eyebrows.  \n\n                    I don't dust", "friends_count": 423, "location": "Tuhrawntoe", "profile_link_color": "005FB3", "profile_image_url": "http://pbs.twimg.com/profile_images/551231063947636738/A0wERu-c_normal.jpeg", "following": false, "geo_enabled": true, "profile_banner_url": "https://pbs.twimg.com/profile_banners/2176645622/1384801906", "profile_background_image_url": "http://pbs.twimg.com/profile_background_images/452126394605002752/U4sM-Mmg.jpeg", "name": "Tirade-S-'r us Max ", "lang": "en", "profile_background_tile": true, "favourites_count": 3598, "screen_name": "chxamaxhc", "notifications": false, "url": null, "created_at": "Tue Nov 05 19:09:33 +0000 2013", "contributors_enabled": false, "time_zone": "Eastern Time (US & Canada)", "protected": false, "default_profile": false, "is_translator": false}, "geo": null, "in_reply_to_user_id_str": "174253648", "lang": "en", "created_at": "Wed Jan 07 14:12:21 +0000 2015", "in_reply_to_status_id_str": "552816020403269632", "place": null}
