{"contributors": null, "truncated": false, "text": "@mjrharris @CEMB_forum Then they must recruit some more cartoonists and continue publishing cartoons.", "in_reply_to_status_id": 552816020403269632, "id": 552817939196678144, "favorite_count": 0, "source": "<a href=\"http://twitter.com\" rel=\"nofollow\">Twitter Web Client</a>", "retweeted": false, "coordinates": null, "entities": {"symbols": [], "user_mentions": [{"id": 174253648, "indices": [0, 10], "id_str": "174253648", "screen_name": "mjrharris", "name": "Michael Harris"}, {"id": 107210124, "indices": [11, 22], "id_str": "107210124", "screen_name": "CEMB_forum", "name": "Ex-Muslims Forum"}], "hashtags": [], "urls": []}, "in_reply_to_screen_name": "mjrharris", "id_str": "552817939196678144", "retweet_count": 0, "in_reply_to_user_id": 174253648, "favorited": false, "user": {"follow_request_sent": false, "profile_use_background_image": false, "profile_text_color": "006669", "default_profile_image": false, "id": 185340055, "profile_background_image_url_https": "https://pbs.twimg.com/profile_background_images/504253463975317504/cDg0_sv8.jpeg", "verified": false, "profile_location": null, "profile_image_url_https": "https://pbs.twimg.com/profile_images/2289674523/ucz3x6hqxitlg2l6d50b_normal.jpeg", "profile_sidebar_fill_color": "DE0000", "entities": {"description": {"urls": []}}, "followers_count": 501, "profile_sidebar_border_color": "FFFFFF", "id_str": "185340055", "profile_background_color": "FE5F00", "listed_count": 7, "is_translation_enabled": false, "utc_offset": null, "statuses_count": 10742, "description": "Nobody pays me to post this stuff you know. It's all my own drivel. Interests: history, archaeology, science, food.", "friends_count": 476, "location": "", "profile_link_color": "1097FF", "profile_image_url": "http://pbs.twimg.com/profile_images/2289674523/ucz3x6hqxitlg2l6d50b_normal.jpeg", "following": false, "geo_enabled": false, "profile_background_image_url": "http://pbs.twimg.com/profile_background_images/504253463975317504/cDg0_sv8.jpeg", "name": "Lord Cornelius", "lang": "en", "profile_background_tile": false, "favourites_count": 309, "screen_name": "LordCornelius", "notifications": false, "url": null, "created_at": "Tue Aug 31 19:19:34 +0000 2010", "contributors_enabled": false, "time_zone": null, "protected": false, "default_profile": false, "is_translator": false}, "geo": null, "in_reply_to_user_id_str": "174253648", "lang": "en", "created_at": "Wed Jan 07 13:24:02 +0000 2015", "in_reply_to_status_id_str": "552816020403269632", "place": null}
