{"contributors": null, "truncated": false, "text": "@mjrharris Terror HAS Religion IF\n\nTerrorists seek inspiration in it &amp;\n\nReligious leaders provide moral justification for their acts", "in_reply_to_status_id": 552816020403269632, "id": 552831971370344449, "favorite_count": 0, "source": "<a href=\"http://twitter.com\" rel=\"nofollow\">Twitter Web Client</a>", "retweeted": false, "coordinates": null, "entities": {"symbols": [], "user_mentions": [{"id": 174253648, "indices": [0, 10], "id_str": "174253648", "screen_name": "mjrharris", "name": "Michael Harris"}], "hashtags": [], "urls": []}, "in_reply_to_screen_name": "mjrharris", "id_str": "552831971370344449", "retweet_count": 0, "in_reply_to_user_id": 174253648, "favorited": false, "user": {"follow_request_sent": false, "profile_use_background_image": true, "profile_text_color": "3C3940", "default_profile_image": false, "id": 51363820, "profile_background_image_url_https": "https://abs.twimg.com/images/themes/theme4/bg.gif", "verified": false, "profile_location": null, "profile_image_url_https": "https://pbs.twimg.com/profile_images/1392019400/JB_Logo_060411-2_normal.jpg", "profile_sidebar_fill_color": "95E8EC", "entities": {"url": {"urls": [{"url": "http://t.co/flh6OKRPH8", "indices": [0, 22], "expanded_url": "http://www.JitegaBharat.com", "display_url": "JitegaBharat.com"}]}, "description": {"urls": []}}, "followers_count": 387, "profile_sidebar_border_color": "5ED4DC", "id_str": "51363820", "profile_background_color": "0099B9", "listed_count": 10, "is_translation_enabled": false, "utc_offset": -28800, "statuses_count": 17004, "description": "Forums & Blogs Defining the Winning Ways of 21st Century India", "friends_count": 1063, "location": "Planet Earth", "profile_link_color": "0099B9", "profile_image_url": "http://pbs.twimg.com/profile_images/1392019400/JB_Logo_060411-2_normal.jpg", "following": false, "geo_enabled": false, "profile_background_image_url": "http://abs.twimg.com/images/themes/theme4/bg.gif", "name": "Jitega Bharat", "lang": "en", "profile_background_tile": false, "favourites_count": 34, "screen_name": "JitegaBharat", "notifications": false, "url": "http://t.co/flh6OKRPH8", "created_at": "Sat Jun 27 06:06:37 +0000 2009", "contributors_enabled": false, "time_zone": "Pacific Time (US & Canada)", "protected": false, "default_profile": false, "is_translator": false}, "geo": null, "in_reply_to_user_id_str": "174253648", "lang": "en", "created_at": "Wed Jan 07 14:19:47 +0000 2015", "in_reply_to_status_id_str": "552816020403269632", "place": null}
