{"contributors": null, "truncated": false, "text": "@SpanierMan @mjrharris @AviWoolf Give them an inch, they blow up a mile.", "in_reply_to_status_id": null, "id": 552822711945535488, "favorite_count": 0, "source": "<a href=\"http://twitter.com\" rel=\"nofollow\">Twitter Web Client</a>", "retweeted": false, "coordinates": null, "entities": {"symbols": [], "user_mentions": [{"id": 174253648, "indices": [12, 22], "id_str": "174253648", "screen_name": "mjrharris", "name": "Michael Harris"}, {"id": 1084264573, "indices": [23, 32], "id_str": "1084264573", "screen_name": "AviWoolf", "name": "Avi Woolf"}], "hashtags": [], "urls": []}, "in_reply_to_screen_name": null, "id_str": "552822711945535488", "retweet_count": 0, "in_reply_to_user_id": null, "favorited": false, "user": {"follow_request_sent": false, "profile_use_background_image": true, "profile_text_color": "333333", "default_profile_image": false, "id": 1639658936, "profile_background_image_url_https": "https://abs.twimg.com/images/themes/theme1/bg.png", "verified": false, "profile_location": null, "profile_image_url_https": "https://pbs.twimg.com/profile_images/510526346636709889/kBQnUC9G_normal.jpeg", "profile_sidebar_fill_color": "DDEEF6", "entities": {"description": {"urls": []}}, "followers_count": 127, "profile_sidebar_border_color": "C0DEED", "id_str": "1639658936", "profile_background_color": "C0DEED", "listed_count": 2, "is_translation_enabled": false, "utc_offset": null, "statuses_count": 2197, "description": "", "friends_count": 153, "location": "From Canada", "profile_link_color": "0084B4", "profile_image_url": "http://pbs.twimg.com/profile_images/510526346636709889/kBQnUC9G_normal.jpeg", "following": false, "geo_enabled": false, "profile_background_image_url": "http://abs.twimg.com/images/themes/theme1/bg.png", "name": "Butler ", "lang": "en", "profile_background_tile": false, "favourites_count": 1355, "screen_name": "ButlerMichaels", "notifications": false, "url": null, "created_at": "Fri Aug 02 05:22:11 +0000 2013", "contributors_enabled": false, "time_zone": null, "protected": false, "default_profile": true, "is_translator": false}, "geo": null, "in_reply_to_user_id_str": null, "lang": "en", "created_at": "Wed Jan 07 13:43:00 +0000 2015", "in_reply_to_status_id_str": null, "place": null}
