{"contributors": null, "truncated": false, "text": "@RT_com This is a fair revenge! French planes with impunity in Afghanistan, Syria, Libya and Iraq!", "in_reply_to_status_id": 552810448324943872, "id": 552811357889134592, "favorite_count": 0, "source": "<a href=\"http://twitter.com/download/android\" rel=\"nofollow\">Twitter for Android</a>", "retweeted": false, "coordinates": null, "entities": {"symbols": [], "user_mentions": [{"id": 64643056, "indices": [0, 7], "id_str": "64643056", "screen_name": "RT_com", "name": "RT"}], "hashtags": [], "urls": []}, "in_reply_to_screen_name": "RT_com", "id_str": "552811357889134592", "retweet_count": 0, "in_reply_to_user_id": 64643056, "favorited": false, "user": {"follow_request_sent": false, "profile_use_background_image": true, "profile_text_color": "333333", "default_profile_image": false, "id": 2582045087, "profile_background_image_url_https": "https://abs.twimg.com/images/themes/theme1/bg.png", "verified": false, "profile_location": null, "profile_image_url_https": "https://pbs.twimg.com/profile_images/551413574724501504/T1jwUg3y_normal.jpeg", "profile_sidebar_fill_color": "DDEEF6", "entities": {"description": {"urls": []}}, "followers_count": 52, "profile_sidebar_border_color": "C0DEED", "id_str": "2582045087", "profile_background_color": "C0DEED", "listed_count": 2, "is_translation_enabled": false, "utc_offset": null, "statuses_count": 977, "description": "colony- state of ukraine. USA.", "friends_count": 31, "location": "\u041d\u043e\u0432\u043e\u0440\u043e\u0441\u0441\u0438\u044f. Novorossiya.", "profile_link_color": "0084B4", "profile_image_url": "http://pbs.twimg.com/profile_images/551413574724501504/T1jwUg3y_normal.jpeg", "following": false, "geo_enabled": false, "profile_banner_url": "https://pbs.twimg.com/profile_banners/2582045087/1420317428", "profile_background_image_url": "http://abs.twimg.com/images/themes/theme1/bg.png", "name": "\u0412\u0435\u0436\u043b\u0438\u0432\u044b\u0439 \u0441\u0435\u043f\u0430\u0440\u0430\u0442\u0438\u0441\u0442!", "lang": "ru", "profile_background_tile": false, "favourites_count": 0, "screen_name": "typoixoxol", "notifications": false, "url": null, "created_at": "Wed Jun 04 10:19:49 +0000 2014", "contributors_enabled": false, "time_zone": null, "protected": false, "default_profile": true, "is_translator": false}, "geo": null, "in_reply_to_user_id_str": "64643056", "lang": "en", "created_at": "Wed Jan 07 12:57:53 +0000 2015", "in_reply_to_status_id_str": "552810448324943872", "place": null}
