{"contributors": null, "truncated": false, "text": "@RT_com Did the Gunman knew that he will rot in Hell for this ?", "in_reply_to_status_id": 552810448324943872, "id": 552811541884858368, "favorite_count": 0, "source": "<a href=\"https://twitter.com/download/android\" rel=\"nofollow\">Twitter for  Android</a>", "retweeted": false, "coordinates": null, "entities": {"symbols": [], "user_mentions": [{"id": 64643056, "indices": [0, 7], "id_str": "64643056", "screen_name": "RT_com", "name": "RT"}], "hashtags": [], "urls": []}, "in_reply_to_screen_name": "RT_com", "id_str": "552811541884858368", "retweet_count": 0, "in_reply_to_user_id": 64643056, "favorited": false, "user": {"follow_request_sent": false, "profile_use_background_image": true, "profile_text_color": "333333", "default_profile_image": false, "id": 1159932996, "profile_background_image_url_https": "https://abs.twimg.com/images/themes/theme1/bg.png", "verified": false, "profile_location": null, "profile_image_url_https": "https://pbs.twimg.com/profile_images/3224510188/ff58dd3184ef62968c064e963d1a1507_normal.jpeg", "profile_sidebar_fill_color": "DDEEF6", "entities": {"description": {"urls": []}}, "followers_count": 19, "profile_sidebar_border_color": "C0DEED", "id_str": "1159932996", "profile_background_color": "C0DEED", "listed_count": 1, "is_translation_enabled": false, "utc_offset": null, "statuses_count": 2778, "description": "Trying to be objective most of the time", "friends_count": 94, "location": "", "profile_link_color": "0084B4", "profile_image_url": "http://pbs.twimg.com/profile_images/3224510188/ff58dd3184ef62968c064e963d1a1507_normal.jpeg", "following": false, "geo_enabled": false, "profile_banner_url": "https://pbs.twimg.com/profile_banners/1159932996/1380584829", "profile_background_image_url": "http://abs.twimg.com/images/themes/theme1/bg.png", "name": "\u200fwaheed berty", "lang": "en", "profile_background_tile": false, "favourites_count": 708, "screen_name": "OnlyLearnFacts", "notifications": false, "url": null, "created_at": "Fri Feb 08 11:45:26 +0000 2013", "contributors_enabled": false, "time_zone": null, "protected": false, "default_profile": true, "is_translator": false}, "geo": null, "in_reply_to_user_id_str": "64643056", "lang": "en", "created_at": "Wed Jan 07 12:58:36 +0000 2015", "in_reply_to_status_id_str": "552810448324943872", "place": null}
