{"contributors": null, "truncated": false, "text": "@RT_com \n     ISLAMIC SCHOLARS SHOULD COME FORWARD TO END 'JIHAD' !\n       IT IS INHUMAN &amp; WOULD DESTROY THE CREDIBILITY OF ISLAM !", "in_reply_to_status_id": 552810448324943872, "id": 552811835057909761, "favorite_count": 0, "source": "<a href=\"http://twitter.com\" rel=\"nofollow\">Twitter Web Client</a>", "retweeted": false, "coordinates": null, "entities": {"symbols": [], "user_mentions": [{"id": 64643056, "indices": [0, 7], "id_str": "64643056", "screen_name": "RT_com", "name": "RT"}], "hashtags": [], "urls": []}, "in_reply_to_screen_name": "RT_com", "id_str": "552811835057909761", "retweet_count": 0, "in_reply_to_user_id": 64643056, "favorited": false, "user": {"follow_request_sent": false, "profile_use_background_image": true, "profile_text_color": "333333", "default_profile_image": false, "id": 256358298, "profile_background_image_url_https": "https://pbs.twimg.com/profile_background_images/854514989/c908b0e9c34475ccb855fff9bfc8833f.jpeg", "verified": false, "profile_location": null, "profile_image_url_https": "https://pbs.twimg.com/profile_images/378800000697932565/a45a0d7f894c7ec34ee453b22a5a1ede_normal.jpeg", "profile_sidebar_fill_color": "F6FFD1", "entities": {"url": {"urls": [{"url": "http://t.co/8aEc3JqZFV", "indices": [0, 22], "expanded_url": "http://twitter.com/DrBMSinghal", "display_url": "twitter.com/DrBMSinghal"}]}, "description": {"urls": []}}, "followers_count": 153, "profile_sidebar_border_color": "FFFFFF", "id_str": "256358298", "profile_background_color": "FF6699", "listed_count": 5, "is_translation_enabled": false, "utc_offset": 19800, "statuses_count": 23183, "description": "Ex Director,\r\nComputer applications, ITM-University, Gwalior, M.P.,\r\n India. SOCIAL ACTIVIST", "friends_count": 446, "location": "GWALIOR, India", "profile_link_color": "B40B43", "profile_image_url": "http://pbs.twimg.com/profile_images/378800000697932565/a45a0d7f894c7ec34ee453b22a5a1ede_normal.jpeg", "following": false, "geo_enabled": true, "profile_banner_url": "https://pbs.twimg.com/profile_banners/256358298/1399301531", "profile_background_image_url": "http://pbs.twimg.com/profile_background_images/854514989/c908b0e9c34475ccb855fff9bfc8833f.jpeg", "name": "Dr.B.M.Singhal", "lang": "en", "profile_background_tile": true, "favourites_count": 11, "screen_name": "DrBMSinghal", "notifications": false, "url": "http://t.co/8aEc3JqZFV", "created_at": "Wed Feb 23 04:44:38 +0000 2011", "contributors_enabled": false, "time_zone": "New Delhi", "protected": false, "default_profile": false, "is_translator": false}, "geo": null, "in_reply_to_user_id_str": "64643056", "lang": "en", "created_at": "Wed Jan 07 12:59:46 +0000 2015", "in_reply_to_status_id_str": "552810448324943872", "place": {"full_name": "Mumbai, Maharashtra", "url": "https://api.twitter.com/1.1/geo/id/7929cea6bd5b32bd.json", "country": "India", "place_type": "city", "bounding_box": {"type": "Polygon", "coordinates": [[[72.7458022, 18.8453429], [73.0036476, 18.8453429], [73.0036476, 19.5029372], [72.7458022, 19.5029372]]]}, "contained_within": [], "country_code": "IN", "attributes": {}, "id": "7929cea6bd5b32bd", "name": "Mumbai"}}
