{"contributors": null, "truncated": false, "text": "@RT_com cc @MorbidEntree", "in_reply_to_status_id": 552810448324943872, "id": 552811887684251648, "favorite_count": 0, "source": "<a href=\"http://twitter.com/download/iphone\" rel=\"nofollow\">Twitter for iPhone</a>", "retweeted": false, "coordinates": null, "entities": {"symbols": [], "user_mentions": [{"id": 64643056, "indices": [0, 7], "id_str": "64643056", "screen_name": "RT_com", "name": "RT"}, {"id": 1031773916, "indices": [11, 24], "id_str": "1031773916", "screen_name": "MorbidEntree", "name": "James =\u2764\ufe0f="}], "hashtags": [], "urls": []}, "in_reply_to_screen_name": "RT_com", "id_str": "552811887684251648", "retweet_count": 0, "in_reply_to_user_id": 64643056, "favorited": false, "user": {"follow_request_sent": false, "profile_use_background_image": true, "profile_text_color": "3C3940", "default_profile_image": false, "id": 29577416, "profile_background_image_url_https": "https://pbs.twimg.com/profile_background_images/378800000119638077/94ddf69289d5bc32df3f046e0687e4ea.png", "verified": false, "profile_location": null, "profile_image_url_https": "https://pbs.twimg.com/profile_images/540285895333933056/fI0CYd4b_normal.jpeg", "profile_sidebar_fill_color": "95E8EC", "entities": {"description": {"urls": []}}, "followers_count": 803, "profile_sidebar_border_color": "000000", "id_str": "29577416", "profile_background_color": "0099B9", "listed_count": 9, "is_translation_enabled": false, "utc_offset": 0, "statuses_count": 34338, "description": "Wake up, John. Halo & Destiny. Warlock. I will marry a suicide girl one day.", "friends_count": 640, "location": "UK | twitch.tv/eskiiboii", "profile_link_color": "0099B9", "profile_image_url": "http://pbs.twimg.com/profile_images/540285895333933056/fI0CYd4b_normal.jpeg", "following": false, "geo_enabled": false, "profile_banner_url": "https://pbs.twimg.com/profile_banners/29577416/1419888628", "profile_background_image_url": "http://pbs.twimg.com/profile_background_images/378800000119638077/94ddf69289d5bc32df3f046e0687e4ea.png", "name": "Eski Boi ", "lang": "en", "profile_background_tile": true, "favourites_count": 1583, "screen_name": "eskimo_boii", "notifications": false, "url": null, "created_at": "Tue Apr 07 23:29:42 +0000 2009", "contributors_enabled": false, "time_zone": "London", "protected": false, "default_profile": false, "is_translator": false}, "geo": null, "in_reply_to_user_id_str": "64643056", "lang": "und", "created_at": "Wed Jan 07 12:59:59 +0000 2015", "in_reply_to_status_id_str": "552810448324943872", "place": null}
