{"contributors": null, "truncated": false, "text": "@RT_com they screamed Allahu Akbar just like those who scream Novorossiya", "in_reply_to_status_id": 552810448324943872, "id": 552811198543331328, "favorite_count": 0, "source": "<a href=\"http://twitter.com\" rel=\"nofollow\">Twitter Web Client</a>", "retweeted": false, "coordinates": null, "entities": {"symbols": [], "user_mentions": [{"id": 64643056, "indices": [0, 7], "id_str": "64643056", "screen_name": "RT_com", "name": "RT"}], "hashtags": [], "urls": []}, "in_reply_to_screen_name": "RT_com", "id_str": "552811198543331328", "retweet_count": 0, "in_reply_to_user_id": 64643056, "favorited": false, "user": {"follow_request_sent": false, "profile_use_background_image": true, "profile_text_color": "333333", "default_profile_image": false, "id": 2351339382, "profile_background_image_url_https": "https://abs.twimg.com/images/themes/theme1/bg.png", "verified": false, "profile_location": null, "profile_image_url_https": "https://pbs.twimg.com/profile_images/513486638727434240/sg8yfidr_normal.png", "profile_sidebar_fill_color": "DDEEF6", "entities": {"description": {"urls": []}}, "followers_count": 1038, "profile_sidebar_border_color": "C0DEED", "id_str": "2351339382", "profile_background_color": "C0DEED", "listed_count": 42, "is_translation_enabled": false, "utc_offset": null, "statuses_count": 52319, "description": "if it walks like a duck, quacks like a duck, denies it's a duck, it's a Russian duck...", "friends_count": 747, "location": "", "profile_link_color": "0084B4", "profile_image_url": "http://pbs.twimg.com/profile_images/513486638727434240/sg8yfidr_normal.png", "following": false, "geo_enabled": false, "profile_banner_url": "https://pbs.twimg.com/profile_banners/2351339382/1398708811", "profile_background_image_url": "http://abs.twimg.com/images/themes/theme1/bg.png", "name": "myroslawa brulak", "lang": "en", "profile_background_tile": false, "favourites_count": 9984, "screen_name": "myroslawabrulak", "notifications": false, "url": null, "created_at": "Wed Feb 19 08:15:07 +0000 2014", "contributors_enabled": false, "time_zone": null, "protected": false, "default_profile": true, "is_translator": false}, "geo": null, "in_reply_to_user_id_str": "64643056", "lang": "en", "created_at": "Wed Jan 07 12:57:15 +0000 2015", "in_reply_to_status_id_str": "552810448324943872", "place": null}
