{"contributors": null, "truncated": false, "text": "@RT_com sounds like a sketch from family guy", "in_reply_to_status_id": 552810448324943872, "id": 552810626503176192, "favorite_count": 0, "source": "<a href=\"http://twitter.com/download/iphone\" rel=\"nofollow\">Twitter for iPhone</a>", "retweeted": false, "coordinates": null, "entities": {"symbols": [], "user_mentions": [{"id": 64643056, "indices": [0, 7], "id_str": "64643056", "screen_name": "RT_com", "name": "RT"}], "hashtags": [], "urls": []}, "in_reply_to_screen_name": "RT_com", "id_str": "552810626503176192", "retweet_count": 0, "in_reply_to_user_id": 64643056, "favorited": false, "user": {"follow_request_sent": false, "profile_use_background_image": true, "profile_text_color": "333333", "default_profile_image": false, "id": 480147479, "profile_background_image_url_https": "https://pbs.twimg.com/profile_background_images/773440534/7131e2eceb58e32c2898d75e4b0fbd15.jpeg", "verified": false, "profile_location": null, "profile_image_url_https": "https://pbs.twimg.com/profile_images/555483831109955586/asHCZuR-_normal.jpeg", "profile_sidebar_fill_color": "DDEEF6", "entities": {"description": {"urls": []}}, "followers_count": 237, "profile_sidebar_border_color": "FFFFFF", "id_str": "480147479", "profile_background_color": "C0DEED", "listed_count": 1, "is_translation_enabled": false, "utc_offset": null, "statuses_count": 5019, "description": "Siad Barre fanatic. Call no man sir. Power to the almighty ALLAH. life goes on", "friends_count": 213, "location": "Minneapolis, MN  Somalia", "profile_link_color": "0084B4", "profile_image_url": "http://pbs.twimg.com/profile_images/555483831109955586/asHCZuR-_normal.jpeg", "following": false, "geo_enabled": true, "profile_banner_url": "https://pbs.twimg.com/profile_banners/480147479/1378892110", "profile_background_image_url": "http://pbs.twimg.com/profile_background_images/773440534/7131e2eceb58e32c2898d75e4b0fbd15.jpeg", "name": "Egal Roob Onkod", "lang": "en", "profile_background_tile": true, "favourites_count": 947, "screen_name": "Egal_onkod", "notifications": false, "url": null, "created_at": "Wed Feb 01 05:14:23 +0000 2012", "contributors_enabled": false, "time_zone": null, "protected": false, "default_profile": false, "is_translator": false}, "geo": null, "in_reply_to_user_id_str": "64643056", "lang": "en", "created_at": "Wed Jan 07 12:54:58 +0000 2015", "in_reply_to_status_id_str": "552810448324943872", "place": null}
