{"contributors":null,"truncated":false,"text":"@RT_com its a trap....conspiracy against Islam...cant say no more...","in_reply_to_status_id":552810448324943872,"id":552813534334038017,"favorite_count":0,"source":"<a href=\"http:\/\/twitter.com\" rel=\"nofollow\">Twitter Web Client<\/a>","retweeted":false,"coordinates":null,"entities":{"symbols":[],"user_mentions":[{"id":64643056,"indices":[0,7],"id_str":"64643056","screen_name":"RT_com","name":"RT"}],"hashtags":[],"urls":[]},"in_reply_to_screen_name":"RT_com","id_str":"552813534334038017","retweet_count":0,"in_reply_to_user_id":64643056,"favorited":false,"user":{"follow_request_sent":false,"profile_use_background_image":true,"profile_text_color":"333333","default_profile_image":false,"id":112947311,"profile_background_image_url_https":"https:\/\/pbs.twimg.com\/profile_background_images\/540033635731001344\/aH5slTYu.jpeg","verified":false,"profile_location":null,"profile_image_url_https":"https:\/\/pbs.twimg.com\/profile_images\/566968250089492482\/OOVRHAjc_normal.jpeg","profile_sidebar_fill_color":"F6FFD1","entities":{"description":{"urls":[]}},"followers_count":135,"profile_sidebar_border_color":"FFFFFF","id_str":"112947311","profile_background_color":"FFF04D","listed_count":1,"is_translation_enabled":false,"utc_offset":-28800,"statuses_count":2828,"description":"i am who i am :)","friends_count":112,"location":"jakarta,indonesia","profile_link_color":"0099CC","profile_image_url":"http:\/\/pbs.twimg.com\/profile_images\/566968250089492482\/OOVRHAjc_normal.jpeg","following":false,"geo_enabled":true,"profile_banner_url":"https:\/\/pbs.twimg.com\/profile_banners\/112947311\/1419514628","profile_background_image_url":"http:\/\/pbs.twimg.com\/profile_background_images\/540033635731001344\/aH5slTYu.jpeg","name":"lia viesanthy rio","lang":"en","profile_background_tile":true,"favourites_count":25,"screen_name":"lia_vie","notifications":false,"url":null,"created_at":"Wed Feb 10 06:13:30 +0000 2010","contributors_enabled":false,"time_zone":"Pacific Time (US & Canada)","protected":false,"default_profile":false,"is_translator":false},"geo":null,"in_reply_to_user_id_str":"64643056","lang":"en","created_at":"Wed Jan 07 13:06:32 +0000 2015","in_reply_to_status_id_str":"552810448324943872","place":null}