{"contributors":null,"truncated":false,"text":"@RT_com this is messed up","in_reply_to_status_id":552810448324943872,"id":552811730204499969,"favorite_count":0,"source":"<a href=\"http:\/\/twitter.com\/download\/iphone\" rel=\"nofollow\">Twitter for iPhone<\/a>","retweeted":false,"coordinates":null,"entities":{"symbols":[],"user_mentions":[{"id":64643056,"indices":[0,7],"id_str":"64643056","screen_name":"RT_com","name":"RT"}],"hashtags":[],"urls":[]},"in_reply_to_screen_name":"RT_com","id_str":"552811730204499969","retweet_count":0,"in_reply_to_user_id":64643056,"favorited":false,"user":{"follow_request_sent":false,"profile_use_background_image":true,"profile_text_color":"333333","default_profile_image":false,"id":430625413,"profile_background_image_url_https":"https:\/\/abs.twimg.com\/images\/themes\/theme13\/bg.gif","verified":false,"profile_location":null,"profile_image_url_https":"https:\/\/pbs.twimg.com\/profile_images\/589910731644014595\/QbZSd_rW_normal.jpg","profile_sidebar_fill_color":"FFFFFF","entities":{"description":{"urls":[]}},"followers_count":220,"profile_sidebar_border_color":"EEEEEE","id_str":"430625413","profile_background_color":"B2DFDA","listed_count":1,"is_translation_enabled":false,"utc_offset":-21600,"statuses_count":2580,"description":"A filmmaker.","friends_count":63,"location":"","profile_link_color":"93A644","profile_image_url":"http:\/\/pbs.twimg.com\/profile_images\/589910731644014595\/QbZSd_rW_normal.jpg","following":false,"geo_enabled":false,"profile_banner_url":"https:\/\/pbs.twimg.com\/profile_banners\/430625413\/1421392797","profile_background_image_url":"http:\/\/abs.twimg.com\/images\/themes\/theme13\/bg.gif","name":"Nadia","lang":"en","profile_background_tile":false,"favourites_count":1539,"screen_name":"nnc2381","notifications":false,"url":null,"created_at":"Wed Dec 07 11:41:01 +0000 2011","contributors_enabled":false,"time_zone":"Central Time (US & Canada)","protected":false,"default_profile":false,"is_translator":false},"geo":null,"in_reply_to_user_id_str":"64643056","lang":"en","created_at":"Wed Jan 07 12:59:21 +0000 2015","in_reply_to_status_id_str":"552810448324943872","place":null}