{"contributors":null,"truncated":false,"text":"@DrBMSinghal @RT_com Or even better, how about the world just abolishes islam all together. It's nothing but a cancer to the world.","in_reply_to_status_id":552811835057909761,"id":552817687257415681,"favorite_count":1,"source":"<a href=\"http:\/\/twitter.com\/download\/android\" rel=\"nofollow\">Twitter for Android<\/a>","retweeted":false,"coordinates":null,"entities":{"symbols":[],"user_mentions":[{"id":256358298,"indices":[0,12],"id_str":"256358298","screen_name":"DrBMSinghal","name":"Dr.B.M.Singhal"},{"id":64643056,"indices":[13,20],"id_str":"64643056","screen_name":"RT_com","name":"RT"}],"hashtags":[],"urls":[]},"in_reply_to_screen_name":"DrBMSinghal","id_str":"552817687257415681","retweet_count":0,"in_reply_to_user_id":256358298,"favorited":false,"user":{"follow_request_sent":false,"profile_use_background_image":true,"profile_text_color":"333333","default_profile_image":false,"id":414653470,"profile_background_image_url_https":"https:\/\/abs.twimg.com\/images\/themes\/theme1\/bg.png","verified":false,"profile_location":null,"profile_image_url_https":"https:\/\/pbs.twimg.com\/profile_images\/560924767780634627\/Y97i8PTs_normal.jpeg","profile_sidebar_fill_color":"DDEEF6","entities":{"description":{"urls":[]}},"followers_count":196,"profile_sidebar_border_color":"C0DEED","id_str":"414653470","profile_background_color":"C0DEED","listed_count":0,"is_translation_enabled":false,"utc_offset":null,"statuses_count":1623,"description":"","friends_count":345,"location":"","profile_link_color":"0084B4","profile_image_url":"http:\/\/pbs.twimg.com\/profile_images\/560924767780634627\/Y97i8PTs_normal.jpeg","following":false,"geo_enabled":true,"profile_background_image_url":"http:\/\/abs.twimg.com\/images\/themes\/theme1\/bg.png","name":"Liam Price","lang":"en","profile_background_tile":false,"favourites_count":631,"screen_name":"LiiamPrice","notifications":false,"url":null,"created_at":"Thu Nov 17 09:56:03 +0000 2011","contributors_enabled":false,"time_zone":null,"protected":false,"default_profile":true,"is_translator":false},"geo":null,"in_reply_to_user_id_str":"256358298","lang":"en","created_at":"Wed Jan 07 13:23:02 +0000 2015","in_reply_to_status_id_str":"552811835057909761","place":null}