{"contributors": null, "truncated": false, "text": "@RT_com Extremism and Terrorism has no place in Islam #ParisAttack https://t.co/CukDPguk0U \nhttp://t.co/0m0hV86weU", "in_reply_to_status_id": 552810448324943872, "id": 552811928188645376, "favorite_count": 0, "source": "<a href=\"http://twitter.com\" rel=\"nofollow\">Twitter Web Client</a>", "retweeted": false, "coordinates": null, "entities": {"symbols": [], "user_mentions": [{"id": 64643056, "indices": [0, 7], "id_str": "64643056", "screen_name": "RT_com", "name": "RT"}], "hashtags": [{"indices": [54, 66], "text": "ParisAttack"}], "urls": [{"url": "https://t.co/CukDPguk0U", "indices": [67, 90], "expanded_url": "https://www.youtube.com/watch?v=Q25dqDgJwHU", "display_url": "youtube.com/watch?v=Q25dqD\u2026"}, {"url": "http://t.co/0m0hV86weU", "indices": [92, 114], "expanded_url": "http://www.minhajbooks.com/english/Download/bid/384/Fatwa-Suicide-Bombing-and-Terrorism-French-by-Shaykh-ul-Islam-Dr-Muhammad-Tahir-ul-Qadri.html", "display_url": "minhajbooks.com/english/Downlo\u2026"}]}, "in_reply_to_screen_name": "RT_com", "id_str": "552811928188645376", "retweet_count": 0, "in_reply_to_user_id": 64643056, "favorited": false, "user": {"follow_request_sent": false, "profile_use_background_image": true, "profile_text_color": "3E4415", "default_profile_image": false, "id": 361135947, "profile_background_image_url_https": "https://pbs.twimg.com/profile_background_images/378800000149394105/CLMKrU6u.jpeg", "verified": false, "profile_location": null, "profile_image_url_https": "https://pbs.twimg.com/profile_images/517971735266590720/9UuzKwxl_normal.jpeg", "profile_sidebar_fill_color": "99CC33", "entities": {"description": {"urls": []}}, "followers_count": 2198, "profile_sidebar_border_color": "000000", "id_str": "361135947", "profile_background_color": "ACDED6", "listed_count": 5, "is_translation_enabled": false, "utc_offset": 18000, "statuses_count": 37397, "description": "The revolution is not an apple that falls when it is ripe. You have to make it fall. Database Developer - Imports/Exports - Self Employed", "friends_count": 827, "location": "Pakistan", "profile_link_color": "203EE6", "profile_image_url": "http://pbs.twimg.com/profile_images/517971735266590720/9UuzKwxl_normal.jpeg", "following": false, "geo_enabled": false, "profile_banner_url": "https://pbs.twimg.com/profile_banners/361135947/1400027952", "profile_background_image_url": "http://pbs.twimg.com/profile_background_images/378800000149394105/CLMKrU6u.jpeg", "name": "Muhammad Kashif", "lang": "en", "profile_background_tile": false, "favourites_count": 633, "screen_name": "umarenterprises", "notifications": false, "url": null, "created_at": "Wed Aug 24 09:21:48 +0000 2011", "contributors_enabled": false, "time_zone": "Karachi", "protected": false, "default_profile": false, "is_translator": false}, "geo": null, "in_reply_to_user_id_str": "64643056", "possibly_sensitive": false, "lang": "en", "created_at": "Wed Jan 07 13:00:09 +0000 2015", "in_reply_to_status_id_str": "552810448324943872", "place": null}
