{"contributors": null, "truncated": false, "text": "@RT_com Many religions started in mid east.It indicates peoples with no sense of humor.Leave them alone.", "in_reply_to_status_id": 552810448324943872, "id": 552814682839326720, "favorite_count": 0, "source": "<a href=\"http://twitter.com\" rel=\"nofollow\">Twitter Web Client</a>", "retweeted": false, "coordinates": null, "entities": {"symbols": [], "user_mentions": [{"id": 64643056, "indices": [0, 7], "id_str": "64643056", "screen_name": "RT_com", "name": "RT"}], "hashtags": [], "urls": []}, "in_reply_to_screen_name": "RT_com", "id_str": "552814682839326720", "retweet_count": 0, "in_reply_to_user_id": 64643056, "favorited": false, "user": {"follow_request_sent": false, "profile_use_background_image": true, "profile_text_color": "333333", "default_profile_image": true, "id": 43462866, "profile_background_image_url_https": "https://abs.twimg.com/images/themes/theme1/bg.png", "verified": false, "profile_location": null, "profile_image_url_https": "https://abs.twimg.com/sticky/default_profile_images/default_profile_6_normal.png", "profile_sidebar_fill_color": "DDEEF6", "entities": {"url": {"urls": [{"url": "http://t.co/iVFCdnodIK", "indices": [0, 22], "expanded_url": "http://freshcleanday.com/converse.html", "display_url": "freshcleanday.com/converse.html"}]}, "description": {"urls": []}}, "followers_count": 330, "profile_sidebar_border_color": "C0DEED", "id_str": "43462866", "profile_background_color": "C0DEED", "listed_count": 15, "is_translation_enabled": false, "utc_offset": -28800, "statuses_count": 14943, "description": "Author: Jesus Was Tall And Well Spoken: A Different Account Of Christ And His Catholic Church", "friends_count": 436, "location": "", "profile_link_color": "0084B4", "profile_image_url": "http://abs.twimg.com/sticky/default_profile_images/default_profile_6_normal.png", "following": false, "geo_enabled": false, "profile_background_image_url": "http://abs.twimg.com/images/themes/theme1/bg.png", "name": "Barry Leonardini", "lang": "en", "profile_background_tile": false, "favourites_count": 3, "screen_name": "BarryLeonardini", "notifications": false, "url": "http://t.co/iVFCdnodIK", "created_at": "Sat May 30 02:29:33 +0000 2009", "contributors_enabled": false, "time_zone": "Pacific Time (US & Canada)", "protected": false, "default_profile": true, "is_translator": false}, "geo": null, "in_reply_to_user_id_str": "64643056", "lang": "en", "created_at": "Wed Jan 07 13:11:05 +0000 2015", "in_reply_to_status_id_str": "552810448324943872", "place": null}
