{"contributors":null,"truncated":false,"text":"@RT_com Ppl use #religion as excuse to do violent acts. US invading #Iraq shows how much violence is naturally born into humans. #science","in_reply_to_status_id":552810448324943872,"id":552812469958111232,"favorite_count":0,"source":"<a href=\"http:\/\/twitter.com\" rel=\"nofollow\">Twitter Web Client<\/a>","retweeted":false,"coordinates":null,"entities":{"symbols":[],"user_mentions":[{"id":64643056,"indices":[0,7],"id_str":"64643056","screen_name":"RT_com","name":"RT"}],"hashtags":[{"indices":[16,25],"text":"religion"},{"indices":[68,73],"text":"Iraq"},{"indices":[129,137],"text":"science"}],"urls":[]},"in_reply_to_screen_name":"RT_com","id_str":"552812469958111232","retweet_count":0,"in_reply_to_user_id":64643056,"favorited":false,"user":{"follow_request_sent":false,"profile_use_background_image":false,"profile_text_color":"000000","default_profile_image":false,"id":2302890619,"profile_background_image_url_https":"https:\/\/abs.twimg.com\/images\/themes\/theme1\/bg.png","verified":false,"profile_location":null,"profile_image_url_https":"https:\/\/pbs.twimg.com\/profile_images\/578501181271502848\/DklN6JLS_normal.jpeg","profile_sidebar_fill_color":"000000","entities":{"description":{"urls":[]}},"followers_count":480,"profile_sidebar_border_color":"000000","id_str":"2302890619","profile_background_color":"000000","listed_count":21,"is_translation_enabled":false,"utc_offset":-25200,"statuses_count":9595,"description":"Appalled at those who exploit tragedies like #Rwanda to justify IMPERIALISTIC intervention in the name of #humanitarianism. RT \/= endorsement","friends_count":396,"location":"Alberta\/Newfoundland","profile_link_color":"05ACFA","profile_image_url":"http:\/\/pbs.twimg.com\/profile_images\/578501181271502848\/DklN6JLS_normal.jpeg","following":false,"geo_enabled":false,"profile_banner_url":"https:\/\/pbs.twimg.com\/profile_banners\/2302890619\/1421653457","profile_background_image_url":"http:\/\/abs.twimg.com\/images\/themes\/theme1\/bg.png","name":"Panoramics!","lang":"en","profile_background_tile":false,"favourites_count":3185,"screen_name":"poramics","notifications":false,"url":null,"created_at":"Tue Jan 21 10:44:04 +0000 2014","contributors_enabled":false,"time_zone":"Arizona","protected":false,"default_profile":false,"is_translator":false},"geo":null,"in_reply_to_user_id_str":"64643056","lang":"en","created_at":"Wed Jan 07 13:02:18 +0000 2015","in_reply_to_status_id_str":"552810448324943872","place":null}