{"contributors":null,"truncated":false,"text":"\u201c@RT_com: #CHARLIEHEBDO SHOOTING: Gunmen shouted 'we have avenged the prophet\" during attack\" Now that's tolerance for you","in_reply_to_status_id":552810448324943872,"id":552811450226733058,"favorite_count":0,"source":"<a href=\"http:\/\/twitter.com\/download\/iphone\" rel=\"nofollow\">Twitter for iPhone<\/a>","retweeted":false,"coordinates":null,"entities":{"symbols":[],"user_mentions":[{"id":64643056,"indices":[1,8],"id_str":"64643056","screen_name":"RT_com","name":"RT"}],"hashtags":[{"indices":[10,23],"text":"CHARLIEHEBDO"}],"urls":[]},"in_reply_to_screen_name":"RT_com","id_str":"552811450226733058","retweet_count":0,"in_reply_to_user_id":64643056,"favorited":false,"user":{"follow_request_sent":false,"profile_use_background_image":true,"profile_text_color":"F7FCF8","default_profile_image":false,"id":181681493,"profile_background_image_url_https":"https:\/\/pbs.twimg.com\/profile_background_images\/448886861\/6.jpg","verified":false,"profile_location":null,"profile_image_url_https":"https:\/\/pbs.twimg.com\/profile_images\/588298122620706816\/lRCdjnHf_normal.jpg","profile_sidebar_fill_color":"032E2E","entities":{"description":{"urls":[]}},"followers_count":164,"profile_sidebar_border_color":"8DF0D9","id_str":"181681493","profile_background_color":"131516","listed_count":1,"is_translation_enabled":false,"utc_offset":0,"statuses_count":8765,"description":"Professional Russian","friends_count":138,"location":"East Finchley, London ","profile_link_color":"5B7574","profile_image_url":"http:\/\/pbs.twimg.com\/profile_images\/588298122620706816\/lRCdjnHf_normal.jpg","following":false,"geo_enabled":true,"profile_banner_url":"https:\/\/pbs.twimg.com\/profile_banners\/181681493\/1411337013","profile_background_image_url":"http:\/\/pbs.twimg.com\/profile_background_images\/448886861\/6.jpg","name":"\u041a\u0440\u0438\u0441\u0442\u043e\u0444\u043e\u0440","lang":"en","profile_background_tile":false,"favourites_count":115,"screen_name":"christophunter","notifications":false,"url":null,"created_at":"Sun Aug 22 20:20:54 +0000 2010","contributors_enabled":false,"time_zone":"London","protected":false,"default_profile":false,"is_translator":false},"geo":null,"in_reply_to_user_id_str":"64643056","lang":"en","created_at":"Wed Jan 07 12:58:15 +0000 2015","in_reply_to_status_id_str":"552810448324943872","place":null}