{"contributors":null,"truncated":false,"text":"@RT_com @SpringboroTea http:\/\/t.co\/5NjSg1pBSi","in_reply_to_status_id":552810448324943872,"id":552811591683821568,"favorite_count":1,"source":"<a href=\"http:\/\/twitter.com\/download\/android\" rel=\"nofollow\">Twitter for Android<\/a>","retweeted":false,"coordinates":null,"entities":{"symbols":[],"user_mentions":[{"id":64643056,"indices":[0,7],"id_str":"64643056","screen_name":"RT_com","name":"RT"},{"id":75864150,"indices":[8,22],"id_str":"75864150","screen_name":"SpringboroTea","name":"Sonny Thomas"}],"hashtags":[],"urls":[],"media":[{"expanded_url":"http:\/\/twitter.com\/TNP_Sheepdog\/status\/552811591683821568\/photo\/1","display_url":"pic.twitter.com\/5NjSg1pBSi","url":"http:\/\/t.co\/5NjSg1pBSi","media_url_https":"https:\/\/pbs.twimg.com\/media\/B6v7NohCIAEYMxS.jpg","id_str":"552811590915858433","sizes":{"large":{"h":465,"resize":"fit","w":513},"small":{"h":308,"resize":"fit","w":340},"medium":{"h":465,"resize":"fit","w":513},"thumb":{"h":150,"resize":"crop","w":150}},"indices":[23,45],"type":"photo","id":552811590915858433,"media_url":"http:\/\/pbs.twimg.com\/media\/B6v7NohCIAEYMxS.jpg"}]},"in_reply_to_screen_name":"RT_com","id_str":"552811591683821568","retweet_count":1,"in_reply_to_user_id":64643056,"favorited":false,"user":{"follow_request_sent":false,"profile_use_background_image":true,"profile_text_color":"333333","default_profile_image":false,"id":191947594,"profile_background_image_url_https":"https:\/\/pbs.twimg.com\/profile_background_images\/489332417581178880\/KwJ6wNsr.jpeg","verified":false,"profile_location":null,"profile_image_url_https":"https:\/\/pbs.twimg.com\/profile_images\/585652773015965696\/1lzyhzCq_normal.jpg","profile_sidebar_fill_color":"DDEEF6","entities":{"url":{"urls":[{"url":"http:\/\/t.co\/VROEAwNXcS","indices":[0,22],"expanded_url":"http:\/\/about.me\/sgt","display_url":"about.me\/sgt"}]},"description":{"urls":[]}},"followers_count":2501,"profile_sidebar_border_color":"000000","id_str":"191947594","profile_background_color":"000000","listed_count":136,"is_translation_enabled":false,"utc_offset":null,"statuses_count":45224,"description":"Tattooed God Fearin' #NRA member, Gunsmith, gun lovin', infidel crusader | My enemies are many, my equals are none | Future U.S Army Soldier summer 2015","friends_count":1680,"location":"Behind enemy lines, USA","profile_link_color":"000000","profile_image_url":"http:\/\/pbs.twimg.com\/profile_images\/585652773015965696\/1lzyhzCq_normal.jpg","following":false,"geo_enabled":false,"profile_banner_url":"https:\/\/pbs.twimg.com\/profile_banners\/191947594\/1420159993","profile_background_image_url":"http:\/\/pbs.twimg.com\/profile_background_images\/489332417581178880\/KwJ6wNsr.jpeg","name":"\u272f\u272f\u272fPFC. GABE-O\u272f\u272f\u272f","lang":"en","profile_background_tile":false,"favourites_count":2339,"screen_name":"TNP_Sheepdog","notifications":false,"url":"http:\/\/t.co\/VROEAwNXcS","created_at":"Fri Sep 17 19:42:00 +0000 2010","contributors_enabled":false,"time_zone":null,"protected":false,"default_profile":false,"is_translator":false},"geo":null,"in_reply_to_user_id_str":"64643056","possibly_sensitive":false,"lang":"und","created_at":"Wed Jan 07 12:58:48 +0000 2015","in_reply_to_status_id_str":"552810448324943872","place":null,"extended_entities":{"media":[{"expanded_url":"http:\/\/twitter.com\/TNP_Sheepdog\/status\/552811591683821568\/photo\/1","display_url":"pic.twitter.com\/5NjSg1pBSi","url":"http:\/\/t.co\/5NjSg1pBSi","media_url_https":"https:\/\/pbs.twimg.com\/media\/B6v7NohCIAEYMxS.jpg","id_str":"552811590915858433","sizes":{"large":{"h":465,"resize":"fit","w":513},"small":{"h":308,"resize":"fit","w":340},"medium":{"h":465,"resize":"fit","w":513},"thumb":{"h":150,"resize":"crop","w":150}},"indices":[23,45],"type":"photo","id":552811590915858433,"media_url":"http:\/\/pbs.twimg.com\/media\/B6v7NohCIAEYMxS.jpg"}]}}