{"contributors":null,"truncated":false,"text":"@RT_com so sad.","in_reply_to_status_id":552810448324943872,"id":552813350745153536,"favorite_count":0,"source":"<a href=\"http:\/\/twitter.com\/download\/iphone\" rel=\"nofollow\">Twitter for iPhone<\/a>","retweeted":false,"coordinates":null,"entities":{"symbols":[],"user_mentions":[{"id":64643056,"indices":[0,7],"id_str":"64643056","screen_name":"RT_com","name":"RT"}],"hashtags":[],"urls":[]},"in_reply_to_screen_name":"RT_com","id_str":"552813350745153536","retweet_count":0,"in_reply_to_user_id":64643056,"favorited":false,"user":{"follow_request_sent":false,"profile_use_background_image":false,"profile_text_color":"000000","default_profile_image":false,"id":588149845,"profile_background_image_url_https":"https:\/\/abs.twimg.com\/images\/themes\/theme9\/bg.gif","verified":false,"profile_location":null,"profile_image_url_https":"https:\/\/pbs.twimg.com\/profile_images\/580858725549752320\/4Rk-_Z2f_normal.jpg","profile_sidebar_fill_color":"000000","entities":{"description":{"urls":[]}},"followers_count":11,"profile_sidebar_border_color":"000000","id_str":"588149845","profile_background_color":"000000","listed_count":1,"is_translation_enabled":false,"utc_offset":-28800,"statuses_count":452,"description":"San Francisco Bay, California native. Geography, Travel, Languages. Cheez-its. ENG\/ESP\/FRA","friends_count":94,"location":"","profile_link_color":"FA743E","profile_image_url":"http:\/\/pbs.twimg.com\/profile_images\/580858725549752320\/4Rk-_Z2f_normal.jpg","following":false,"geo_enabled":true,"profile_banner_url":"https:\/\/pbs.twimg.com\/profile_banners\/588149845\/1390899792","profile_background_image_url":"http:\/\/abs.twimg.com\/images\/themes\/theme9\/bg.gif","name":"xavier","lang":"fr","profile_background_tile":false,"favourites_count":465,"screen_name":"xo415","notifications":false,"url":null,"created_at":"Wed May 23 09:21:10 +0000 2012","contributors_enabled":false,"time_zone":"Pacific Time (US & Canada)","protected":false,"default_profile":false,"is_translator":false},"geo":null,"in_reply_to_user_id_str":"64643056","lang":"en","created_at":"Wed Jan 07 13:05:48 +0000 2015","in_reply_to_status_id_str":"552810448324943872","place":null}