{"contributors":null,"truncated":false,"text":"@RT_com sure they did","in_reply_to_status_id":552810448324943872,"id":552810702990475265,"favorite_count":1,"source":"<a href=\"http:\/\/twitter.com\/download\/android\" rel=\"nofollow\">Twitter for Android<\/a>","retweeted":false,"coordinates":null,"entities":{"symbols":[],"user_mentions":[{"id":64643056,"indices":[0,7],"id_str":"64643056","screen_name":"RT_com","name":"RT"}],"hashtags":[],"urls":[]},"in_reply_to_screen_name":"RT_com","id_str":"552810702990475265","retweet_count":0,"in_reply_to_user_id":64643056,"favorited":false,"user":{"follow_request_sent":false,"profile_use_background_image":true,"profile_text_color":"333333","default_profile_image":false,"id":2217457444,"profile_background_image_url_https":"https:\/\/abs.twimg.com\/images\/themes\/theme1\/bg.png","verified":false,"profile_location":null,"profile_image_url_https":"https:\/\/pbs.twimg.com\/profile_images\/587266216525443073\/FtkN1djX_normal.jpg","profile_sidebar_fill_color":"DDEEF6","entities":{"description":{"urls":[]}},"followers_count":146,"profile_sidebar_border_color":"C0DEED","id_str":"2217457444","profile_background_color":"C0DEED","listed_count":4,"is_translation_enabled":false,"utc_offset":0,"statuses_count":8802,"description":"Views are my own, therefore, correct. I mostly agree with my RTs, or I find them funny. But sometimes, I just want to air a plank.","friends_count":703,"location":"I. Am. Everywhere.","profile_link_color":"0084B4","profile_image_url":"http:\/\/pbs.twimg.com\/profile_images\/587266216525443073\/FtkN1djX_normal.jpg","following":false,"geo_enabled":false,"profile_background_image_url":"http:\/\/abs.twimg.com\/images\/themes\/theme1\/bg.png","name":"Anonymous ","lang":"en","profile_background_tile":false,"favourites_count":742,"screen_name":"Im_Mazzy","notifications":false,"url":null,"created_at":"Tue Dec 10 12:08:46 +0000 2013","contributors_enabled":false,"time_zone":"London","protected":false,"default_profile":true,"is_translator":false},"geo":null,"in_reply_to_user_id_str":"64643056","lang":"en","created_at":"Wed Jan 07 12:55:16 +0000 2015","in_reply_to_status_id_str":"552810448324943872","place":null}