{"contributors":null,"truncated":false,"text":"\u201c@SputnikInt: UPDATE: #CharlieHebdo's editor-in-chief was killed in attack - Magazine's lawyer http:\/\/t.co\/EXDVWYiyrL\u201d \n\nwell..","in_reply_to_status_id":552814494381256704,"id":552821795628531715,"favorite_count":2,"source":"<a href=\"http:\/\/twitter.com\/download\/iphone\" rel=\"nofollow\">Twitter for iPhone<\/a>","retweeted":false,"coordinates":null,"entities":{"symbols":[],"user_mentions":[{"id":34262462,"indices":[1,12],"id_str":"34262462","screen_name":"SputnikInt","name":"Sputnik"}],"hashtags":[{"indices":[22,35],"text":"CharlieHebdo"}],"urls":[],"media":[{"source_user_id":34262462,"source_status_id_str":"552814494381256704","expanded_url":"http:\/\/twitter.com\/SputnikInt\/status\/552814494381256704\/photo\/1","display_url":"pic.twitter.com\/EXDVWYiyrL","url":"http:\/\/t.co\/EXDVWYiyrL","media_url_https":"https:\/\/pbs.twimg.com\/media\/B6v91I6CEAE1aIZ.jpg","source_user_id_str":"34262462","source_status_id":552814494381256704,"id_str":"552814468648800257","sizes":{"small":{"h":237,"resize":"fit","w":340},"large":{"h":420,"resize":"fit","w":600},"medium":{"h":420,"resize":"fit","w":600},"thumb":{"h":150,"resize":"crop","w":150}},"indices":[95,117],"type":"photo","id":552814468648800257,"media_url":"http:\/\/pbs.twimg.com\/media\/B6v91I6CEAE1aIZ.jpg"}]},"in_reply_to_screen_name":"SputnikInt","id_str":"552821795628531715","retweet_count":0,"in_reply_to_user_id":34262462,"favorited":false,"user":{"follow_request_sent":false,"profile_use_background_image":false,"profile_text_color":"333333","default_profile_image":false,"id":291973500,"profile_background_image_url_https":"https:\/\/abs.twimg.com\/images\/themes\/theme1\/bg.png","verified":false,"profile_location":null,"profile_image_url_https":"https:\/\/pbs.twimg.com\/profile_images\/587375556842369025\/ZkZvgrp2_normal.jpg","profile_sidebar_fill_color":"DDEEF6","entities":{"description":{"urls":[{"url":"http:\/\/t.co\/3eLhmNFfkJ","indices":[20,42],"expanded_url":"http:\/\/polyvore.com","display_url":"polyvore.com"}]}},"followers_count":726,"profile_sidebar_border_color":"C0DEED","id_str":"291973500","profile_background_color":"C0DEED","listed_count":2,"is_translation_enabled":false,"utc_offset":null,"statuses_count":57841,"description":"super kawaii \u8d85\u304b\u308f\u3044\u3044 \nhttp:\/\/t.co\/3eLhmNFfkJ : simonejaay","friends_count":356,"location":"e.london. essex. leicester. ","profile_link_color":"0084B4","profile_image_url":"http:\/\/pbs.twimg.com\/profile_images\/587375556842369025\/ZkZvgrp2_normal.jpg","following":false,"geo_enabled":true,"profile_banner_url":"https:\/\/pbs.twimg.com\/profile_banners\/291973500\/1420142585","profile_background_image_url":"http:\/\/abs.twimg.com\/images\/themes\/theme1\/bg.png","name":"SJ.","lang":"en","profile_background_tile":false,"favourites_count":1059,"screen_name":"simonejaay","notifications":false,"url":null,"created_at":"Mon May 02 22:28:28 +0000 2011","contributors_enabled":false,"time_zone":null,"protected":false,"default_profile":false,"is_translator":false},"geo":null,"in_reply_to_user_id_str":"34262462","possibly_sensitive":false,"lang":"en","created_at":"Wed Jan 07 13:39:21 +0000 2015","in_reply_to_status_id_str":"552814494381256704","place":null,"extended_entities":{"media":[{"source_user_id":34262462,"source_status_id_str":"552814494381256704","expanded_url":"http:\/\/twitter.com\/SputnikInt\/status\/552814494381256704\/photo\/1","display_url":"pic.twitter.com\/EXDVWYiyrL","url":"http:\/\/t.co\/EXDVWYiyrL","media_url_https":"https:\/\/pbs.twimg.com\/media\/B6v91I6CEAE1aIZ.jpg","source_user_id_str":"34262462","source_status_id":552814494381256704,"id_str":"552814468648800257","sizes":{"small":{"h":237,"resize":"fit","w":340},"large":{"h":420,"resize":"fit","w":600},"medium":{"h":420,"resize":"fit","w":600},"thumb":{"h":150,"resize":"crop","w":150}},"indices":[95,117],"type":"photo","id":552814468648800257,"media_url":"http:\/\/pbs.twimg.com\/media\/B6v91I6CEAE1aIZ.jpg"}]}}