{"contributors": null, "truncated": false, "text": "@SputnikInt @RosieBarton Looks like Rick Mercer", "in_reply_to_status_id": 552814494381256704, "id": 552821574298918913, "favorite_count": 0, "source": "<a href=\"https://twitter.com/download/android\" rel=\"nofollow\">Twitter for Android Tablets</a>", "retweeted": false, "coordinates": null, "entities": {"symbols": [], "user_mentions": [{"id": 34262462, "indices": [0, 11], "id_str": "34262462", "screen_name": "SputnikInt", "name": "Sputnik"}, {"id": 75050644, "indices": [12, 24], "id_str": "75050644", "screen_name": "RosieBarton", "name": "Rosemary Barton"}], "hashtags": [], "urls": []}, "in_reply_to_screen_name": "SputnikInt", "id_str": "552821574298918913", "retweet_count": 0, "in_reply_to_user_id": 34262462, "favorited": false, "user": {"follow_request_sent": false, "profile_use_background_image": true, "profile_text_color": "333333", "default_profile_image": false, "id": 2205121861, "profile_background_image_url_https": "https://abs.twimg.com/images/themes/theme1/bg.png", "verified": false, "profile_location": null, "profile_image_url_https": "https://pbs.twimg.com/profile_images/449551540559175680/9nrMlCo3_normal.jpeg", "profile_sidebar_fill_color": "DDEEF6", "entities": {"description": {"urls": []}}, "followers_count": 76, "profile_sidebar_border_color": "C0DEED", "id_str": "2205121861", "profile_background_color": "C0DEED", "listed_count": 1, "is_translation_enabled": false, "utc_offset": null, "statuses_count": 5855, "description": "", "friends_count": 83, "location": "", "profile_link_color": "0084B4", "profile_image_url": "http://pbs.twimg.com/profile_images/449551540559175680/9nrMlCo3_normal.jpeg", "following": false, "geo_enabled": false, "profile_background_image_url": "http://abs.twimg.com/images/themes/theme1/bg.png", "name": "jackbnimble", "lang": "en", "profile_background_tile": false, "favourites_count": 571, "screen_name": "hotdogluver2", "notifications": false, "url": null, "created_at": "Wed Nov 20 15:39:15 +0000 2013", "contributors_enabled": false, "time_zone": null, "protected": false, "default_profile": true, "is_translator": false}, "geo": null, "in_reply_to_user_id_str": "34262462", "lang": "en", "created_at": "Wed Jan 07 13:38:28 +0000 2015", "in_reply_to_status_id_str": "552814494381256704", "place": null}
