{"contributors": null, "truncated": false, "text": "@SputnikInt", "in_reply_to_status_id": 552814494381256704, "id": 552824657028874241, "favorite_count": 0, "source": "<a href=\"http://twitter.com/download/iphone\" rel=\"nofollow\">Twitter for iPhone</a>", "retweeted": false, "coordinates": null, "entities": {"symbols": [], "user_mentions": [{"id": 34262462, "indices": [0, 11], "id_str": "34262462", "screen_name": "SputnikInt", "name": "Sputnik"}], "hashtags": [], "urls": []}, "in_reply_to_screen_name": "SputnikInt", "id_str": "552824657028874241", "retweet_count": 0, "in_reply_to_user_id": 34262462, "favorited": false, "user": {"follow_request_sent": false, "profile_use_background_image": true, "profile_text_color": "333333", "default_profile_image": false, "id": 122800020, "profile_background_image_url_https": "https://abs.twimg.com/images/themes/theme1/bg.png", "verified": false, "profile_location": null, "profile_image_url_https": "https://pbs.twimg.com/profile_images/3562218723/ae4ad45925f51640ab5e19fff41d6784_normal.jpeg", "profile_sidebar_fill_color": "DDEEF6", "entities": {"description": {"urls": []}}, "followers_count": 5, "profile_sidebar_border_color": "C0DEED", "id_str": "122800020", "profile_background_color": "C0DEED", "listed_count": 0, "is_translation_enabled": false, "utc_offset": null, "statuses_count": 22, "description": "", "friends_count": 38, "location": "", "profile_link_color": "0084B4", "profile_image_url": "http://pbs.twimg.com/profile_images/3562218723/ae4ad45925f51640ab5e19fff41d6784_normal.jpeg", "following": false, "geo_enabled": false, "profile_background_image_url": "http://abs.twimg.com/images/themes/theme1/bg.png", "name": "Kathy Veronsky", "lang": "en", "profile_background_tile": false, "favourites_count": 12, "screen_name": "kathalinavee", "notifications": false, "url": null, "created_at": "Sat Mar 13 23:43:15 +0000 2010", "contributors_enabled": false, "time_zone": null, "protected": false, "default_profile": true, "is_translator": false}, "geo": null, "in_reply_to_user_id_str": "34262462", "lang": "und", "created_at": "Wed Jan 07 13:50:43 +0000 2015", "in_reply_to_status_id_str": "552814494381256704", "place": null}
