{"contributors": null, "truncated": false, "text": "@SputnikInt \n\ud83d\ude4b \ud83d\ude4b \ud83d\ude4bhi,can u like here ,plz \n\ud83d\udc47\ud83d\udc47\ud83d\udc47like picture \ud83d\udc47\ud83d\udc47\ud83d\udc47\nhttps://t.co/0vQj6jOI6Y\n\nThanx\ud83c\udf37", "in_reply_to_status_id": 552814494381256704, "id": 552814927829016577, "favorite_count": 0, "source": "<a href=\"https://twitter.com/download/android\" rel=\"nofollow\">Twitter for Android Tablets</a>", "retweeted": false, "coordinates": null, "entities": {"symbols": [], "user_mentions": [{"id": 34262462, "indices": [0, 11], "id_str": "34262462", "screen_name": "SputnikInt", "name": "Sputnik"}], "hashtags": [], "urls": [{"url": "https://t.co/0vQj6jOI6Y", "indices": [63, 86], "expanded_url": "https://m.facebook.com/photo.php?fbid=931022090243896&id=158313814181398&set=a.931021160243989.1073741979.158313814181398&source=49&ref=m_notif&notif_t=group_activity", "display_url": "m.facebook.com/photo.php?fbid\u2026"}]}, "in_reply_to_screen_name": "SputnikInt", "id_str": "552814927829016577", "retweet_count": 0, "in_reply_to_user_id": 34262462, "favorited": false, "user": {"follow_request_sent": false, "profile_use_background_image": true, "profile_text_color": "333333", "default_profile_image": false, "id": 2898598594, "profile_background_image_url_https": "https://abs.twimg.com/images/themes/theme1/bg.png", "verified": false, "profile_location": null, "profile_image_url_https": "https://pbs.twimg.com/profile_images/554277361114685441/lTeUCupU_normal.jpeg", "profile_sidebar_fill_color": "DDEEF6", "entities": {"description": {"urls": []}}, "followers_count": 6, "profile_sidebar_border_color": "C0DEED", "id_str": "2898598594", "profile_background_color": "C0DEED", "listed_count": 0, "is_translation_enabled": false, "utc_offset": null, "statuses_count": 115, "description": "", "friends_count": 5, "location": "", "profile_link_color": "0084B4", "profile_image_url": "http://pbs.twimg.com/profile_images/554277361114685441/lTeUCupU_normal.jpeg", "following": false, "geo_enabled": false, "profile_background_image_url": "http://abs.twimg.com/images/themes/theme1/bg.png", "name": "Nada Fekry ", "lang": "en", "profile_background_tile": false, "favourites_count": 4, "screen_name": "minaatta14", "notifications": false, "url": null, "created_at": "Sun Nov 30 01:53:14 +0000 2014", "contributors_enabled": false, "time_zone": null, "protected": false, "default_profile": true, "is_translator": false}, "geo": null, "in_reply_to_user_id_str": "34262462", "possibly_sensitive": false, "lang": "en", "created_at": "Wed Jan 07 13:12:04 +0000 2015", "in_reply_to_status_id_str": "552814494381256704", "place": null}
