{"contributors":null,"truncated":false,"text":"@SputnikInt May he rest in peace.","in_reply_to_status_id":552814494381256704,"id":552815415949557760,"favorite_count":0,"source":"<a href=\"http:\/\/twitter.com\" rel=\"nofollow\">Twitter Web Client<\/a>","retweeted":false,"coordinates":null,"entities":{"symbols":[],"user_mentions":[{"id":34262462,"indices":[0,11],"id_str":"34262462","screen_name":"SputnikInt","name":"Sputnik"}],"hashtags":[],"urls":[]},"in_reply_to_screen_name":"SputnikInt","id_str":"552815415949557760","retweet_count":0,"in_reply_to_user_id":34262462,"favorited":false,"user":{"follow_request_sent":false,"profile_use_background_image":true,"profile_text_color":"333333","default_profile_image":false,"id":2461872043,"profile_background_image_url_https":"https:\/\/abs.twimg.com\/images\/themes\/theme9\/bg.gif","verified":false,"profile_location":null,"profile_image_url_https":"https:\/\/pbs.twimg.com\/profile_images\/584089764002836480\/XKdnBSyo_normal.jpg","profile_sidebar_fill_color":"DDEEF6","entities":{"description":{"urls":[]}},"followers_count":404,"profile_sidebar_border_color":"C0DEED","id_str":"2461872043","profile_background_color":"1A1B1F","listed_count":3,"is_translation_enabled":false,"utc_offset":null,"statuses_count":32258,"description":"","friends_count":1882,"location":"","profile_link_color":"DD2E44","profile_image_url":"http:\/\/pbs.twimg.com\/profile_images\/584089764002836480\/XKdnBSyo_normal.jpg","following":false,"geo_enabled":false,"profile_banner_url":"https:\/\/pbs.twimg.com\/profile_banners\/2461872043\/1418760979","profile_background_image_url":"http:\/\/abs.twimg.com\/images\/themes\/theme9\/bg.gif","name":"azabaz","lang":"en","profile_background_tile":false,"favourites_count":30064,"screen_name":"azliabaz","notifications":false,"url":null,"created_at":"Thu Apr 24 15:58:48 +0000 2014","contributors_enabled":false,"time_zone":null,"protected":false,"default_profile":false,"is_translator":false},"geo":null,"in_reply_to_user_id_str":"34262462","lang":"en","created_at":"Wed Jan 07 13:14:00 +0000 2015","in_reply_to_status_id_str":"552814494381256704","place":null}