{"contributors": null, "truncated": false, "text": "@SputnikInt http://t.co/stSqMpXQgX \"Bigotry: The Dark Danger\" http://t.co/GtbJ6wyaax", "in_reply_to_status_id": 552814494381256704, "id": 552816523593916416, "favorite_count": 0, "source": "<a href=\"http://twitter.com\" rel=\"nofollow\">Twitter Web Client</a>", "retweeted": false, "coordinates": null, "entities": {"symbols": [], "user_mentions": [{"id": 34262462, "indices": [0, 11], "id_str": "34262462", "screen_name": "SputnikInt", "name": "Sputnik"}], "hashtags": [], "urls": [{"url": "http://t.co/stSqMpXQgX", "indices": [12, 34], "expanded_url": "http://www.harunyahya.com/en/works/191085/Bigotry-The-Dark-Danger", "display_url": "harunyahya.com/en/works/19108\u2026"}], "media": [{"expanded_url": "http://twitter.com/YessToLove/status/552816523593916416/photo/1", "display_url": "pic.twitter.com/GtbJ6wyaax", "url": "http://t.co/GtbJ6wyaax", "media_url_https": "https://pbs.twimg.com/media/B6v_ssDIIAA5v4x.jpg", "id_str": "552816522486620160", "sizes": {"small": {"h": 474, "resize": "fit", "w": 320}, "large": {"h": 474, "resize": "fit", "w": 320}, "medium": {"h": 474, "resize": "fit", "w": 320}, "thumb": {"h": 150, "resize": "crop", "w": 150}}, "indices": [62, 84], "type": "photo", "id": 552816522486620160, "media_url": "http://pbs.twimg.com/media/B6v_ssDIIAA5v4x.jpg"}]}, "in_reply_to_screen_name": "SputnikInt", "id_str": "552816523593916416", "retweet_count": 0, "in_reply_to_user_id": 34262462, "favorited": false, "user": {"follow_request_sent": false, "profile_use_background_image": true, "profile_text_color": "333333", "default_profile_image": false, "id": 1653834024, "profile_background_image_url_https": "https://pbs.twimg.com/profile_background_images/378800000180564865/wWbZ0250.jpeg", "verified": false, "profile_location": null, "profile_image_url_https": "https://pbs.twimg.com/profile_images/523557463300112384/dK8QD2ea_normal.jpeg", "profile_sidebar_fill_color": "DDEEF6", "entities": {"url": {"urls": [{"url": "http://t.co/Ba9pIR74Nq", "indices": [0, 22], "expanded_url": "http://en.a9.com.tr/", "display_url": "en.a9.com.tr"}]}, "description": {"urls": [{"url": "http://t.co/ytsSDTtSxJ", "indices": [133, 155], "expanded_url": "http://jesus2022.blogspot.com/", "display_url": "jesus2022.blogspot.com"}]}}, "followers_count": 1150, "profile_sidebar_border_color": "FFFFFF", "id_str": "1653834024", "profile_background_color": "C0DEED", "listed_count": 0, "is_translation_enabled": false, "utc_offset": 10800, "statuses_count": 3005, "description": "So Peace on him the day he was born, the day that he dies, and the day that he will be raised up to life (again)! (Surah Maryam,15)  http://t.co/ytsSDTtSxJ", "friends_count": 1229, "location": "http://www.harunyahya.com/", "profile_link_color": "F5ABB5", "profile_image_url": "http://pbs.twimg.com/profile_images/523557463300112384/dK8QD2ea_normal.jpeg", "following": false, "geo_enabled": false, "profile_banner_url": "https://pbs.twimg.com/profile_banners/1653834024/1413660708", "profile_background_image_url": "http://pbs.twimg.com/profile_background_images/378800000180564865/wWbZ0250.jpeg", "name": "A Call For Unity ", "lang": "tr", "profile_background_tile": true, "favourites_count": 49, "screen_name": "YessToLove", "notifications": false, "url": "http://t.co/Ba9pIR74Nq", "created_at": "Wed Aug 07 20:59:19 +0000 2013", "contributors_enabled": false, "time_zone": "Baghdad", "protected": false, "default_profile": false, "is_translator": false}, "geo": null, "in_reply_to_user_id_str": "34262462", "possibly_sensitive": false, "lang": "en", "created_at": "Wed Jan 07 13:18:24 +0000 2015", "in_reply_to_status_id_str": "552814494381256704", "place": null, "extended_entities": {"media": [{"expanded_url": "http://twitter.com/YessToLove/status/552816523593916416/photo/1", "display_url": "pic.twitter.com/GtbJ6wyaax", "url": "http://t.co/GtbJ6wyaax", "media_url_https": "https://pbs.twimg.com/media/B6v_ssDIIAA5v4x.jpg", "id_str": "552816522486620160", "sizes": {"small": {"h": 474, "resize": "fit", "w": 320}, "large": {"h": 474, "resize": "fit", "w": 320}, "medium": {"h": 474, "resize": "fit", "w": 320}, "thumb": {"h": 150, "resize": "crop", "w": 150}}, "indices": [62, 84], "type": "photo", "id": 552816522486620160, "media_url": "http://pbs.twimg.com/media/B6v_ssDIIAA5v4x.jpg"}]}}
