{"contributors": null, "truncated": false, "text": "@SputnikInt @Ironwand #RIP French dhimmi govt is doing everything to protect muslims. Dont worry, more innocents will follow this brave man!", "in_reply_to_status_id": 552814494381256704, "id": 552818286803443713, "favorite_count": 0, "source": "<a href=\"http://twitter.com\" rel=\"nofollow\">Twitter Web Client</a>", "retweeted": false, "coordinates": null, "entities": {"symbols": [], "user_mentions": [{"id": 34262462, "indices": [0, 11], "id_str": "34262462", "screen_name": "SputnikInt", "name": "Sputnik"}, {"id": 55935057, "indices": [12, 21], "id_str": "55935057", "screen_name": "Ironwand", "name": "Michael Graham"}], "hashtags": [{"indices": [22, 26], "text": "RIP"}], "urls": []}, "in_reply_to_screen_name": "SputnikInt", "id_str": "552818286803443713", "retweet_count": 0, "in_reply_to_user_id": 34262462, "favorited": false, "user": {"follow_request_sent": false, "profile_use_background_image": false, "profile_text_color": "000000", "default_profile_image": false, "id": 77425319, "profile_background_image_url_https": "https://abs.twimg.com/images/themes/theme18/bg.gif", "verified": false, "profile_location": null, "profile_image_url_https": "https://pbs.twimg.com/profile_images/3255689739/1a2a413f89e45a679e9feacb9b9059e7_normal.jpeg", "profile_sidebar_fill_color": "000000", "entities": {"url": {"urls": [{"url": "http://t.co/Mq8B9bvGQR", "indices": [0, 22], "expanded_url": "http://www.NaMo.in", "display_url": "NaMo.in"}]}, "description": {"urls": []}}, "followers_count": 896, "profile_sidebar_border_color": "000000", "id_str": "77425319", "profile_background_color": "000000", "listed_count": 17, "is_translation_enabled": false, "utc_offset": 3600, "statuses_count": 33325, "description": "Keeping it to the point and below the belt. Dont shout if it hurts.Truth always does. RT \u2260 Endorsement.\r\n#HDL", "friends_count": 863, "location": "PM Modi = Resurgent India", "profile_link_color": "FA743E", "profile_image_url": "http://pbs.twimg.com/profile_images/3255689739/1a2a413f89e45a679e9feacb9b9059e7_normal.jpeg", "following": false, "geo_enabled": false, "profile_banner_url": "https://pbs.twimg.com/profile_banners/77425319/1398459926", "profile_background_image_url": "http://abs.twimg.com/images/themes/theme18/bg.gif", "name": "#JeSuisCharlie", "lang": "en", "profile_background_tile": false, "favourites_count": 17312, "screen_name": "aashish_bhalla", "notifications": false, "url": "http://t.co/Mq8B9bvGQR", "created_at": "Sat Sep 26 07:52:04 +0000 2009", "contributors_enabled": false, "time_zone": "Bern", "protected": false, "default_profile": false, "is_translator": false}, "geo": null, "in_reply_to_user_id_str": "34262462", "lang": "en", "created_at": "Wed Jan 07 13:25:25 +0000 2015", "in_reply_to_status_id_str": "552814494381256704", "place": null}
