{"contributors": null, "truncated": false, "text": "\u201c@SputnikInt: UPDATE: #CharlieHebdo's editor-in-chief was killed in attack - Magazine's lawyer http://t.co/iHMuhcwPjG\u201d", "in_reply_to_status_id": 552814494381256704, "id": 552814812363620352, "favorite_count": 0, "source": "<a href=\"http://twitter.com/#!/download/ipad\" rel=\"nofollow\">Twitter for iPad</a>", "retweeted": false, "coordinates": null, "entities": {"symbols": [], "user_mentions": [{"id": 34262462, "indices": [1, 12], "id_str": "34262462", "screen_name": "SputnikInt", "name": "Sputnik"}], "hashtags": [{"indices": [22, 35], "text": "CharlieHebdo"}], "urls": [], "media": [{"source_user_id": 34262462, "source_status_id_str": "552814494381256704", "expanded_url": "http://twitter.com/SputnikInt/status/552814494381256704/photo/1", "display_url": "pic.twitter.com/iHMuhcwPjG", "url": "http://t.co/iHMuhcwPjG", "media_url_https": "https://pbs.twimg.com/media/B6v91I6CEAE1aIZ.jpg", "source_user_id_str": "34262462", "source_status_id": 552814494381256704, "id_str": "552814468648800257", "sizes": {"small": {"h": 237, "resize": "fit", "w": 340}, "large": {"h": 420, "resize": "fit", "w": 600}, "medium": {"h": 420, "resize": "fit", "w": 600}, "thumb": {"h": 150, "resize": "crop", "w": 150}}, "indices": [95, 117], "type": "photo", "id": 552814468648800257, "media_url": "http://pbs.twimg.com/media/B6v91I6CEAE1aIZ.jpg"}]}, "in_reply_to_screen_name": "SputnikInt", "id_str": "552814812363620352", "retweet_count": 0, "in_reply_to_user_id": 34262462, "favorited": false, "user": {"follow_request_sent": false, "profile_use_background_image": true, "profile_text_color": "333333", "default_profile_image": false, "id": 2552587040, "profile_background_image_url_https": "https://abs.twimg.com/images/themes/theme1/bg.png", "verified": false, "profile_location": null, "profile_image_url_https": "https://pbs.twimg.com/profile_images/475543302108758016/X0V_Cq6l_normal.jpeg", "profile_sidebar_fill_color": "DDEEF6", "entities": {"description": {"urls": []}}, "followers_count": 1540, "profile_sidebar_border_color": "C0DEED", "id_str": "2552587040", "profile_background_color": "C0DEED", "listed_count": 1, "is_translation_enabled": false, "utc_offset": 28800, "statuses_count": 5768, "description": "People will hate you, rate you, break you, and shake you. How strong you stand is what makes you.", "friends_count": 949, "location": "Ulaanbaatar, Mongolia", "profile_link_color": "0084B4", "profile_image_url": "http://pbs.twimg.com/profile_images/475543302108758016/X0V_Cq6l_normal.jpeg", "following": false, "geo_enabled": false, "profile_banner_url": "https://pbs.twimg.com/profile_banners/2552587040/1402214309", "profile_background_image_url": "http://abs.twimg.com/images/themes/theme1/bg.png", "name": "Ulaanbaatar", "lang": "en", "profile_background_tile": false, "favourites_count": 1716, "screen_name": "ulaanbaatar2014", "notifications": false, "url": null, "created_at": "Sat Jun 07 13:15:07 +0000 2014", "contributors_enabled": false, "time_zone": "Ulaan Bataar", "protected": false, "default_profile": true, "is_translator": false}, "geo": null, "in_reply_to_user_id_str": "34262462", "possibly_sensitive": false, "lang": "en", "created_at": "Wed Jan 07 13:11:36 +0000 2015", "in_reply_to_status_id_str": "552814494381256704", "place": null, "extended_entities": {"media": [{"source_user_id": 34262462, "source_status_id_str": "552814494381256704", "expanded_url": "http://twitter.com/SputnikInt/status/552814494381256704/photo/1", "display_url": "pic.twitter.com/iHMuhcwPjG", "url": "http://t.co/iHMuhcwPjG", "media_url_https": "https://pbs.twimg.com/media/B6v91I6CEAE1aIZ.jpg", "source_user_id_str": "34262462", "source_status_id": 552814494381256704, "id_str": "552814468648800257", "sizes": {"small": {"h": 237, "resize": "fit", "w": 340}, "large": {"h": 420, "resize": "fit", "w": 600}, "medium": {"h": 420, "resize": "fit", "w": 600}, "thumb": {"h": 150, "resize": "crop", "w": 150}}, "indices": [95, 117], "type": "photo", "id": 552814468648800257, "media_url": "http://pbs.twimg.com/media/B6v91I6CEAE1aIZ.jpg"}]}}
