{"contributors":null,"truncated":false,"text":"@SputnikInt: UPDATE: #CharlieHebdo's editor-in-chief was killed in attack - Magazine's lawyer http:\/\/t.co\/uwNyoDX6yM","in_reply_to_status_id":552814494381256704,"id":552817606194135041,"favorite_count":1,"source":"<a href=\"http:\/\/twitter.com\/download\/iphone\" rel=\"nofollow\">Twitter for iPhone<\/a>","retweeted":false,"coordinates":null,"entities":{"symbols":[],"user_mentions":[{"id":34262462,"indices":[0,11],"id_str":"34262462","screen_name":"SputnikInt","name":"Sputnik"}],"hashtags":[{"indices":[21,34],"text":"CharlieHebdo"}],"urls":[],"media":[{"source_user_id":34262462,"source_status_id_str":"552814494381256704","expanded_url":"http:\/\/twitter.com\/SputnikInt\/status\/552814494381256704\/photo\/1","display_url":"pic.twitter.com\/uwNyoDX6yM","url":"http:\/\/t.co\/uwNyoDX6yM","media_url_https":"https:\/\/pbs.twimg.com\/media\/B6v91I6CEAE1aIZ.jpg","source_user_id_str":"34262462","source_status_id":552814494381256704,"id_str":"552814468648800257","sizes":{"small":{"h":237,"resize":"fit","w":340},"large":{"h":420,"resize":"fit","w":600},"medium":{"h":420,"resize":"fit","w":600},"thumb":{"h":150,"resize":"crop","w":150}},"indices":[94,116],"type":"photo","id":552814468648800257,"media_url":"http:\/\/pbs.twimg.com\/media\/B6v91I6CEAE1aIZ.jpg"}]},"in_reply_to_screen_name":"SputnikInt","id_str":"552817606194135041","retweet_count":0,"in_reply_to_user_id":34262462,"favorited":false,"user":{"follow_request_sent":false,"profile_use_background_image":true,"profile_text_color":"333333","default_profile_image":false,"id":2324261167,"profile_background_image_url_https":"https:\/\/abs.twimg.com\/images\/themes\/theme1\/bg.png","verified":false,"profile_location":null,"profile_image_url_https":"https:\/\/pbs.twimg.com\/profile_images\/585855584907440128\/U09hd5G__normal.jpg","profile_sidebar_fill_color":"DDFFCC","entities":{"url":{"urls":[{"url":"http:\/\/t.co\/WW5uUN35vt","indices":[0,22],"expanded_url":"http:\/\/www.national-front.org.uk","display_url":"national-front.org.uk"}]},"description":{"urls":[]}},"followers_count":592,"profile_sidebar_border_color":"FFFFFF","id_str":"2324261167","profile_background_color":"C0DEED","listed_count":3,"is_translation_enabled":false,"utc_offset":0,"statuses_count":9322,"description":"The Twitter Page of the National Front (UK).","friends_count":51,"location":"London","profile_link_color":"EB4640","profile_image_url":"http:\/\/pbs.twimg.com\/profile_images\/585855584907440128\/U09hd5G__normal.jpg","following":false,"geo_enabled":false,"profile_banner_url":"https:\/\/pbs.twimg.com\/profile_banners\/2324261167\/1392055209","profile_background_image_url":"http:\/\/abs.twimg.com\/images\/themes\/theme1\/bg.png","name":"National Front (UK)","lang":"en-gb","profile_background_tile":false,"favourites_count":5,"screen_name":"UKFront","notifications":false,"url":"http:\/\/t.co\/WW5uUN35vt","created_at":"Sun Feb 02 19:54:17 +0000 2014","contributors_enabled":false,"time_zone":"Casablanca","protected":false,"default_profile":false,"is_translator":false},"geo":null,"in_reply_to_user_id_str":"34262462","possibly_sensitive":false,"lang":"en","created_at":"Wed Jan 07 13:22:42 +0000 2015","in_reply_to_status_id_str":"552814494381256704","place":null,"extended_entities":{"media":[{"source_user_id":34262462,"source_status_id_str":"552814494381256704","expanded_url":"http:\/\/twitter.com\/SputnikInt\/status\/552814494381256704\/photo\/1","display_url":"pic.twitter.com\/uwNyoDX6yM","url":"http:\/\/t.co\/uwNyoDX6yM","media_url_https":"https:\/\/pbs.twimg.com\/media\/B6v91I6CEAE1aIZ.jpg","source_user_id_str":"34262462","source_status_id":552814494381256704,"id_str":"552814468648800257","sizes":{"small":{"h":237,"resize":"fit","w":340},"large":{"h":420,"resize":"fit","w":600},"medium":{"h":420,"resize":"fit","w":600},"thumb":{"h":150,"resize":"crop","w":150}},"indices":[94,116],"type":"photo","id":552814468648800257,"media_url":"http:\/\/pbs.twimg.com\/media\/B6v91I6CEAE1aIZ.jpg"}]}}