{"contributors":null,"truncated":false,"text":"\u201c@SputnikInt URG: #CharlieHebdo's editor-in-chief was killed in attack-Magazine's lawyer http:\/\/t.co\/oQPk5WR3N3\u201d\/\/NADA justifica esto, NADA!","in_reply_to_status_id":552814494381256704,"id":552816420074291200,"favorite_count":1,"source":"<a href=\"http:\/\/twitter.com\/download\/iphone\" rel=\"nofollow\">Twitter for iPhone<\/a>","retweeted":false,"coordinates":null,"entities":{"symbols":[],"user_mentions":[{"id":34262462,"indices":[1,12],"id_str":"34262462","screen_name":"SputnikInt","name":"Sputnik"}],"hashtags":[{"indices":[18,31],"text":"CharlieHebdo"}],"urls":[],"media":[{"source_user_id":34262462,"source_status_id_str":"552814494381256704","expanded_url":"http:\/\/twitter.com\/SputnikInt\/status\/552814494381256704\/photo\/1","display_url":"pic.twitter.com\/oQPk5WR3N3","url":"http:\/\/t.co\/oQPk5WR3N3","media_url_https":"https:\/\/pbs.twimg.com\/media\/B6v91I6CEAE1aIZ.jpg","source_user_id_str":"34262462","source_status_id":552814494381256704,"id_str":"552814468648800257","sizes":{"small":{"h":237,"resize":"fit","w":340},"large":{"h":420,"resize":"fit","w":600},"medium":{"h":420,"resize":"fit","w":600},"thumb":{"h":150,"resize":"crop","w":150}},"indices":[89,111],"type":"photo","id":552814468648800257,"media_url":"http:\/\/pbs.twimg.com\/media\/B6v91I6CEAE1aIZ.jpg"}]},"in_reply_to_screen_name":"SputnikInt","id_str":"552816420074291200","retweet_count":3,"in_reply_to_user_id":34262462,"favorited":false,"user":{"follow_request_sent":false,"profile_use_background_image":true,"profile_text_color":"333333","default_profile_image":false,"id":42569338,"profile_background_image_url_https":"https:\/\/abs.twimg.com\/images\/themes\/theme1\/bg.png","verified":false,"profile_location":null,"profile_image_url_https":"https:\/\/pbs.twimg.com\/profile_images\/584950903553273856\/53jJnxJC_normal.jpg","profile_sidebar_fill_color":"DDEEF6","entities":{"url":{"urls":[{"url":"http:\/\/t.co\/19fMUXv2KW","indices":[0,22],"expanded_url":"http:\/\/neori.co","display_url":"neori.co"}]},"description":{"urls":[]}},"followers_count":5464,"profile_sidebar_border_color":"C0DEED","id_str":"42569338","profile_background_color":"C0DEED","listed_count":48,"is_translation_enabled":false,"utc_offset":-18000,"statuses_count":126386,"description":"TV\/Film Junkie, that's what I did for a living for almost 20 years,ahora tomo un break. Mi otra pasi\u00f3n: leyes=de vuelta a la U! Amo la libertad y la democracia.","friends_count":1629,"location":"NY","profile_link_color":"0084B4","profile_image_url":"http:\/\/pbs.twimg.com\/profile_images\/584950903553273856\/53jJnxJC_normal.jpg","following":false,"geo_enabled":true,"profile_banner_url":"https:\/\/pbs.twimg.com\/profile_banners\/42569338\/1394756652","profile_background_image_url":"http:\/\/abs.twimg.com\/images\/themes\/theme1\/bg.png","name":"basol","lang":"en","profile_background_tile":false,"favourites_count":9950,"screen_name":"B3scobar","notifications":false,"url":"http:\/\/t.co\/19fMUXv2KW","created_at":"Tue May 26 05:06:41 +0000 2009","contributors_enabled":false,"time_zone":"Quito","protected":false,"default_profile":true,"is_translator":false},"geo":null,"in_reply_to_user_id_str":"34262462","possibly_sensitive":false,"lang":"en","created_at":"Wed Jan 07 13:18:00 +0000 2015","in_reply_to_status_id_str":"552814494381256704","place":null,"extended_entities":{"media":[{"source_user_id":34262462,"source_status_id_str":"552814494381256704","expanded_url":"http:\/\/twitter.com\/SputnikInt\/status\/552814494381256704\/photo\/1","display_url":"pic.twitter.com\/oQPk5WR3N3","url":"http:\/\/t.co\/oQPk5WR3N3","media_url_https":"https:\/\/pbs.twimg.com\/media\/B6v91I6CEAE1aIZ.jpg","source_user_id_str":"34262462","source_status_id":552814494381256704,"id_str":"552814468648800257","sizes":{"small":{"h":237,"resize":"fit","w":340},"large":{"h":420,"resize":"fit","w":600},"medium":{"h":420,"resize":"fit","w":600},"thumb":{"h":150,"resize":"crop","w":150}},"indices":[89,111],"type":"photo","id":552814468648800257,"media_url":"http:\/\/pbs.twimg.com\/media\/B6v91I6CEAE1aIZ.jpg"}]}}