{"contributors":null,"truncated":false,"text":"BREAKING: 10 reportedly shot dead at Paris HQ of French weekly Charlie Hebdo http:\/\/t.co\/5F1DOwzoCQ","in_reply_to_status_id":null,"id":552785375161499649,"favorite_count":5,"source":"<a href=\"https:\/\/about.twitter.com\/products\/tweetdeck\" rel=\"nofollow\">TweetDeck<\/a>","retweeted":false,"coordinates":null,"entities":{"symbols":[],"user_mentions":[],"hashtags":[],"urls":[{"url":"http:\/\/t.co\/5F1DOwzoCQ","indices":[77,99],"expanded_url":"http:\/\/ind.pn\/1zTnIN8","display_url":"ind.pn\/1zTnIN8"}]},"in_reply_to_screen_name":null,"id_str":"552785375161499649","retweet_count":128,"in_reply_to_user_id":null,"favorited":false,"user":{"follow_request_sent":false,"profile_use_background_image":true,"profile_text_color":"333333","default_profile_image":false,"id":16973333,"profile_background_image_url_https":"https:\/\/pbs.twimg.com\/profile_background_images\/378800000119288704\/4ac964c83462c88837dc1e735aa1a45e.png","verified":true,"profile_location":null,"profile_image_url_https":"https:\/\/pbs.twimg.com\/profile_images\/583628771972018176\/ztJn926g_normal.png","profile_sidebar_fill_color":"FFFFFF","entities":{"url":{"urls":[{"url":"http:\/\/t.co\/GsqzXf7Q10","indices":[0,22],"expanded_url":"http:\/\/www.independent.co.uk","display_url":"independent.co.uk"}]},"description":{"urls":[{"url":"http:\/\/t.co\/WQAUQYNJfd","indices":[126,148],"expanded_url":"http:\/\/ind.pn\/Wdlm9a","display_url":"ind.pn\/Wdlm9a"}]}},"followers_count":972167,"profile_sidebar_border_color":"FFFFFF","id_str":"16973333","profile_background_color":"EBEBEB","listed_count":11772,"is_translation_enabled":true,"utc_offset":0,"statuses_count":123899,"description":"News, comment and features from The Independent. Also follow: @IndyVoices, \r\n@IndyPolitics, @IndyWorld and our journalists at http:\/\/t.co\/WQAUQYNJfd","friends_count":1763,"location":"London, United Kingdom","profile_link_color":"FC051A","profile_image_url":"http:\/\/pbs.twimg.com\/profile_images\/583628771972018176\/ztJn926g_normal.png","following":false,"geo_enabled":false,"profile_background_image_url":"http:\/\/pbs.twimg.com\/profile_background_images\/378800000119288704\/4ac964c83462c88837dc1e735aa1a45e.png","name":"The Independent","lang":"en","profile_background_tile":true,"favourites_count":39,"screen_name":"Independent","notifications":false,"url":"http:\/\/t.co\/GsqzXf7Q10","created_at":"Sun Oct 26 00:00:29 +0000 2008","contributors_enabled":false,"time_zone":"London","protected":false,"default_profile":false,"is_translator":false},"geo":null,"in_reply_to_user_id_str":null,"possibly_sensitive":false,"lang":"en","created_at":"Wed Jan 07 11:14:38 +0000 2015","in_reply_to_status_id_str":null,"place":null}