{"is_rumour":"rumour","category":"Banksy drew a tribute to Charlie Hebdo featuring 3 red pencils","misinformation":"1","true":0,"links":[{"link":"https:\/\/instagram.com\/p\/xkgkBSKlWu\/","mediatype":"social-media","position":"for"},{"link":"https:\/\/www.facebook.com\/banksy\/photos\/a.1471310386425716.1073741828.1471162443107177\/1603110169912403\/?type=3","mediatype":"news-media","position":"for"},{"link":"http:\/\/www.huffingtonpost.ca\/2015\/01\/07\/banksy-paris-cartoon-charlie-hebdo_n_6432984.html?utm_hp_ref=tw","mediatype":"news-media","position":"observing"},{"link":"http:\/\/uk.businessinsider.com\/fake-banksy-charlie-hebdo-illustration-2015-1?r=US","mediatype":"news-media","position":"against"},{"link":"http:\/\/www.buzzfeed.com\/alanwhite\/this-powerful-cartoon-about-the-charlie-hebdo-attack-is-not?bftw","mediatype":null,"position":null},{"link":"http:\/\/www.emergent.info\/banksy-hebdo-charlie-cartoon","mediatype":"blog","position":"against"}],"is_turnaround":0}