{"contributors": null, "truncated": false, "text": "Horrible! \u201c@thei100: Charlie Hebdo shooting latest: 12 dead and gunmen still at large http://t.co/X4dB9rqK0k http://t.co/741oNWbSS9\u201d", "in_reply_to_status_id": 552802654641225728, "id": 552846396106502144, "favorite_count": 0, "source": "<a href=\"http://twitter.com/download/iphone\" rel=\"nofollow\">Twitter for iPhone</a>", "retweeted": false, "coordinates": {"type": "Point", "coordinates": [18.41317821, 43.86487745]}, "entities": {"symbols": [], "user_mentions": [{"id": 2461887810, "indices": [11, 19], "id_str": "2461887810", "screen_name": "thei100", "name": "i100"}], "hashtags": [], "urls": [{"url": "http://t.co/X4dB9rqK0k", "indices": [86, 108], "expanded_url": "http://i100.io/W5R7DKe", "display_url": "i100.io/W5R7DKe"}], "media": [{"source_user_id": 2461887810, "source_status_id_str": "552802654641225728", "expanded_url": "http://twitter.com/thei100/status/552802654641225728/photo/1", "display_url": "pic.twitter.com/741oNWbSS9", "url": "http://t.co/741oNWbSS9", "media_url_https": "https://pbs.twimg.com/media/B6vy8E6CUAAQQ-4.jpg", "source_user_id_str": "2461887810", "source_status_id": 552802654641225728, "id_str": "552802493206253568", "sizes": {"small": {"h": 176, "resize": "fit", "w": 340}, "large": {"h": 530, "resize": "fit", "w": 1024}, "medium": {"h": 310, "resize": "fit", "w": 600}, "thumb": {"h": 150, "resize": "crop", "w": 150}}, "indices": [109, 131], "type": "photo", "id": 552802493206253568, "media_url": "http://pbs.twimg.com/media/B6vy8E6CUAAQQ-4.jpg"}]}, "in_reply_to_screen_name": "thei100", "id_str": "552846396106502144", "retweet_count": 0, "in_reply_to_user_id": 2461887810, "favorited": false, "user": {"follow_request_sent": false, "profile_use_background_image": true, "profile_text_color": "000000", "default_profile_image": false, "id": 398103679, "profile_background_image_url_https": "https://pbs.twimg.com/profile_background_images/554265333138087937/WekcIEYX.png", "verified": false, "profile_location": null, "profile_image_url_https": "https://pbs.twimg.com/profile_images/542836864046997504/JHshtdz3_normal.png", "profile_sidebar_fill_color": "000000", "entities": {"description": {"urls": []}}, "followers_count": 250, "profile_sidebar_border_color": "000000", "id_str": "398103679", "profile_background_color": "131516", "listed_count": 7, "is_translation_enabled": false, "utc_offset": 3600, "statuses_count": 1540, "description": "feminist, mother of girl with autism, filmophil, green politics", "friends_count": 298, "location": "Sarajevo", "profile_link_color": "009999", "profile_image_url": "http://pbs.twimg.com/profile_images/542836864046997504/JHshtdz3_normal.png", "following": false, "geo_enabled": true, "profile_banner_url": "https://pbs.twimg.com/profile_banners/398103679/1420983096", "profile_background_image_url": "http://pbs.twimg.com/profile_background_images/554265333138087937/WekcIEYX.png", "name": "Lejla Somun K", "lang": "en", "profile_background_tile": false, "favourites_count": 873, "screen_name": "NiteMiller", "notifications": false, "url": null, "created_at": "Tue Oct 25 15:46:13 +0000 2011", "contributors_enabled": false, "time_zone": "Brussels", "protected": false, "default_profile": false, "is_translator": false}, "geo": {"type": "Point", "coordinates": [43.86487745, 18.41317821]}, "in_reply_to_user_id_str": "2461887810", "possibly_sensitive": false, "lang": "en", "created_at": "Wed Jan 07 15:17:06 +0000 2015", "in_reply_to_status_id_str": "552802654641225728", "place": {"full_name": "Bosnia and Herzegovina", "url": "https://api.twitter.com/1.1/geo/id/7dc97830ee71b3cb.json", "country": "Bosna i Hercegovina", "place_type": "country", "bounding_box": {"type": "Polygon", "coordinates": [[[15.7217827, 42.5471334], [19.623724, 42.5471334], [19.623724, 45.2764438], [15.7217827, 45.2764438]]]}, "contained_within": [], "country_code": "BA", "attributes": {}, "id": "7dc97830ee71b3cb", "name": "Bosnia and Herzegovina"}, "extended_entities": {"media": [{"source_user_id": 2461887810, "source_status_id_str": "552802654641225728", "expanded_url": "http://twitter.com/thei100/status/552802654641225728/photo/1", "display_url": "pic.twitter.com/741oNWbSS9", "url": "http://t.co/741oNWbSS9", "media_url_https": "https://pbs.twimg.com/media/B6vy8E6CUAAQQ-4.jpg", "source_user_id_str": "2461887810", "source_status_id": 552802654641225728, "id_str": "552802493206253568", "sizes": {"small": {"h": 176, "resize": "fit", "w": 340}, "large": {"h": 530, "resize": "fit", "w": 1024}, "medium": {"h": 310, "resize": "fit", "w": 600}, "thumb": {"h": 150, "resize": "crop", "w": 150}}, "indices": [109, 131], "type": "photo", "id": 552802493206253568, "media_url": "http://pbs.twimg.com/media/B6vy8E6CUAAQQ-4.jpg"}]}}
