{"contributors": null, "truncated": false, "text": "@thei100 @Karachiet good", "in_reply_to_status_id": 552802654641225728, "id": 552804602702475265, "favorite_count": 0, "source": "<a href=\"http://twitter.com\" rel=\"nofollow\">Twitter Web Client</a>", "retweeted": false, "coordinates": null, "entities": {"symbols": [], "user_mentions": [{"id": 2461887810, "indices": [0, 8], "id_str": "2461887810", "screen_name": "thei100", "name": "i100"}, {"id": 175698205, "indices": [9, 19], "id_str": "175698205", "screen_name": "Karachiet", "name": "Karachiet"}], "hashtags": [], "urls": []}, "in_reply_to_screen_name": "thei100", "id_str": "552804602702475265", "retweet_count": 0, "in_reply_to_user_id": 2461887810, "favorited": false, "user": {"follow_request_sent": false, "profile_use_background_image": true, "profile_text_color": "333333", "default_profile_image": false, "id": 2907646738, "profile_background_image_url_https": "https://abs.twimg.com/images/themes/theme1/bg.png", "verified": false, "profile_location": null, "profile_image_url_https": "https://pbs.twimg.com/profile_images/542946160130789376/CtSXghrv_normal.jpeg", "profile_sidebar_fill_color": "DDEEF6", "entities": {"url": {"urls": [{"url": "http://t.co/5CmmEn7mF5", "indices": [0, 22], "expanded_url": "http://Yahoo.com", "display_url": "Yahoo.com"}]}, "description": {"urls": []}}, "followers_count": 45, "profile_sidebar_border_color": "C0DEED", "id_str": "2907646738", "profile_background_color": "C0DEED", "listed_count": 2, "is_translation_enabled": false, "utc_offset": null, "statuses_count": 818, "description": "2012", "friends_count": 223, "location": "Kenya", "profile_link_color": "0084B4", "profile_image_url": "http://pbs.twimg.com/profile_images/542946160130789376/CtSXghrv_normal.jpeg", "following": false, "geo_enabled": false, "profile_banner_url": "https://pbs.twimg.com/profile_banners/2907646738/1418283389", "profile_background_image_url": "http://abs.twimg.com/images/themes/theme1/bg.png", "name": "Syed Shahnoor Haider", "lang": "en", "profile_background_tile": false, "favourites_count": 1056, "screen_name": "shahnoor3000", "notifications": false, "url": "http://t.co/5CmmEn7mF5", "created_at": "Sat Dec 06 11:29:21 +0000 2014", "contributors_enabled": false, "time_zone": null, "protected": false, "default_profile": true, "is_translator": false}, "geo": null, "in_reply_to_user_id_str": "2461887810", "lang": "en", "created_at": "Wed Jan 07 12:31:02 +0000 2015", "in_reply_to_status_id_str": "552802654641225728", "place": null}
