{"contributors":null,"truncated":false,"text":"Dua belas.\n\nRT @thei100: Charlie Hebdo shooting latest: 12 dead and gunmen still at large http:\/\/t.co\/cFgVbBURhI http:\/\/t.co\/cuY6pMdzBC","in_reply_to_status_id":552802654641225728,"id":552803445711708160,"favorite_count":0,"source":"<a href=\"http:\/\/twitter.com\/download\/iphone\" rel=\"nofollow\">Twitter for iPhone<\/a>","retweeted":false,"coordinates":null,"entities":{"symbols":[],"user_mentions":[{"id":2461887810,"indices":[15,23],"id_str":"2461887810","screen_name":"thei100","name":"i100"}],"hashtags":[],"urls":[{"url":"http:\/\/t.co\/cFgVbBURhI","indices":[90,112],"expanded_url":"http:\/\/i100.io\/W5R7DKe","display_url":"i100.io\/W5R7DKe"}],"media":[{"source_user_id":2461887810,"source_status_id_str":"552802654641225728","expanded_url":"http:\/\/twitter.com\/thei100\/status\/552802654641225728\/photo\/1","display_url":"pic.twitter.com\/cuY6pMdzBC","url":"http:\/\/t.co\/cuY6pMdzBC","media_url_https":"https:\/\/pbs.twimg.com\/media\/B6vy8E6CUAAQQ-4.jpg","source_user_id_str":"2461887810","source_status_id":552802654641225728,"id_str":"552802493206253568","sizes":{"small":{"h":176,"resize":"fit","w":340},"large":{"h":530,"resize":"fit","w":1024},"medium":{"h":310,"resize":"fit","w":600},"thumb":{"h":150,"resize":"crop","w":150}},"indices":[113,135],"type":"photo","id":552802493206253568,"media_url":"http:\/\/pbs.twimg.com\/media\/B6vy8E6CUAAQQ-4.jpg"}]},"in_reply_to_screen_name":"thei100","id_str":"552803445711708160","retweet_count":1,"in_reply_to_user_id":2461887810,"favorited":false,"user":{"follow_request_sent":false,"profile_use_background_image":true,"profile_text_color":"030303","default_profile_image":false,"id":95191831,"profile_background_image_url_https":"https:\/\/pbs.twimg.com\/profile_background_images\/378800000180036832\/F6vMve46.jpeg","verified":false,"profile_location":null,"profile_image_url_https":"https:\/\/pbs.twimg.com\/profile_images\/583654595970215941\/B2BFF3ZC_normal.jpg","profile_sidebar_fill_color":"403B40","entities":{"url":{"urls":[{"url":"http:\/\/t.co\/VzryXM71Lu","indices":[0,22],"expanded_url":"http:\/\/bumibentara.wordpress.com","display_url":"bumibentara.wordpress.com"}]},"description":{"urls":[{"url":"http:\/\/t.co\/GPgikwSLsc","indices":[96,118],"expanded_url":"http:\/\/soundcloud.com\/bentarabumi","display_url":"soundcloud.com\/bentarabumi"},{"url":"http:\/\/t.co\/BaMfRWOFat","indices":[122,144],"expanded_url":"http:\/\/ask.fm\/bentarabumi","display_url":"ask.fm\/bentarabumi"}]}},"followers_count":6352,"profile_sidebar_border_color":"FFFFFF","id_str":"95191831","profile_background_color":"EB6912","listed_count":58,"is_translation_enabled":false,"utc_offset":28800,"statuses_count":120694,"description":"Your existence beams happiness. | Penggagas #MalamPuisi | \nSocMed Enthusiast | #TarotSamaBumi | http:\/\/t.co\/GPgikwSLsc | \nhttp:\/\/t.co\/BaMfRWOFat","friends_count":888,"location":"Jakarta, Indonesia","profile_link_color":"DB2C18","profile_image_url":"http:\/\/pbs.twimg.com\/profile_images\/583654595970215941\/B2BFF3ZC_normal.jpg","following":false,"geo_enabled":true,"profile_banner_url":"https:\/\/pbs.twimg.com\/profile_banners\/95191831\/1410254346","profile_background_image_url":"http:\/\/pbs.twimg.com\/profile_background_images\/378800000180036832\/F6vMve46.jpeg","name":"Bentara Bumi","lang":"en","profile_background_tile":false,"favourites_count":3159,"screen_name":"bentarabumi","notifications":false,"url":"http:\/\/t.co\/VzryXM71Lu","created_at":"Mon Dec 07 12:31:46 +0000 2009","contributors_enabled":false,"time_zone":"Kuala Lumpur","protected":false,"default_profile":false,"is_translator":false},"geo":null,"in_reply_to_user_id_str":"2461887810","possibly_sensitive":false,"lang":"en","created_at":"Wed Jan 07 12:26:26 +0000 2015","in_reply_to_status_id_str":"552802654641225728","place":null,"extended_entities":{"media":[{"source_user_id":2461887810,"source_status_id_str":"552802654641225728","expanded_url":"http:\/\/twitter.com\/thei100\/status\/552802654641225728\/photo\/1","display_url":"pic.twitter.com\/cuY6pMdzBC","url":"http:\/\/t.co\/cuY6pMdzBC","media_url_https":"https:\/\/pbs.twimg.com\/media\/B6vy8E6CUAAQQ-4.jpg","source_user_id_str":"2461887810","source_status_id":552802654641225728,"id_str":"552802493206253568","sizes":{"small":{"h":176,"resize":"fit","w":340},"large":{"h":530,"resize":"fit","w":1024},"medium":{"h":310,"resize":"fit","w":600},"thumb":{"h":150,"resize":"crop","w":150}},"indices":[113,135],"type":"photo","id":552802493206253568,"media_url":"http:\/\/pbs.twimg.com\/media\/B6vy8E6CUAAQQ-4.jpg"}]}}