{"contributors":null,"truncated":false,"text":"@thei100 @Independent these fuckers thinking its a GTA heist mission","in_reply_to_status_id":552802654641225728,"id":552804023389392896,"favorite_count":0,"source":"<a href=\"http:\/\/twitter.com\/download\/iphone\" rel=\"nofollow\">Twitter for iPhone<\/a>","retweeted":false,"coordinates":null,"entities":{"symbols":[],"user_mentions":[{"id":2461887810,"indices":[0,8],"id_str":"2461887810","screen_name":"thei100","name":"i100"},{"id":16973333,"indices":[9,21],"id_str":"16973333","screen_name":"Independent","name":"The Independent"}],"hashtags":[],"urls":[]},"in_reply_to_screen_name":"thei100","id_str":"552804023389392896","retweet_count":0,"in_reply_to_user_id":2461887810,"favorited":false,"user":{"follow_request_sent":false,"profile_use_background_image":true,"profile_text_color":"000000","default_profile_image":false,"id":34899435,"profile_background_image_url_https":"https:\/\/abs.twimg.com\/images\/themes\/theme14\/bg.gif","verified":false,"profile_location":null,"profile_image_url_https":"https:\/\/pbs.twimg.com\/profile_images\/588772377644900352\/Uu33P4M8_normal.jpg","profile_sidebar_fill_color":"00B6FF","entities":{"description":{"urls":[]}},"followers_count":338,"profile_sidebar_border_color":"000000","id_str":"34899435","profile_background_color":"FFFFFF","listed_count":1,"is_translation_enabled":false,"utc_offset":0,"statuses_count":22265,"description":"Liverpool Football Club \nJFT96","friends_count":550,"location":"","profile_link_color":"0000FF","profile_image_url":"http:\/\/pbs.twimg.com\/profile_images\/588772377644900352\/Uu33P4M8_normal.jpg","following":false,"geo_enabled":false,"profile_banner_url":"https:\/\/pbs.twimg.com\/profile_banners\/34899435\/1411824528","profile_background_image_url":"http:\/\/abs.twimg.com\/images\/themes\/theme14\/bg.gif","name":"Joe","lang":"en","profile_background_tile":true,"favourites_count":1673,"screen_name":"JoeHarker","notifications":false,"url":null,"created_at":"Fri Apr 24 11:06:57 +0000 2009","contributors_enabled":false,"time_zone":"London","protected":false,"default_profile":false,"is_translator":false},"geo":null,"in_reply_to_user_id_str":"2461887810","lang":"en","created_at":"Wed Jan 07 12:28:44 +0000 2015","in_reply_to_status_id_str":"552802654641225728","place":null}