{"contributors": null, "truncated": false, "text": "@thei100 @Independent your readers love Muslim multiculturalism so they can look forward to this in the UK soon.", "in_reply_to_status_id": 552802654641225728, "id": 552806033585090560, "favorite_count": 0, "source": "<a href=\"http://twitter.com/download/iphone\" rel=\"nofollow\">Twitter for iPhone</a>", "retweeted": false, "coordinates": null, "entities": {"symbols": [], "user_mentions": [{"id": 2461887810, "indices": [0, 8], "id_str": "2461887810", "screen_name": "thei100", "name": "i100"}, {"id": 16973333, "indices": [9, 21], "id_str": "16973333", "screen_name": "Independent", "name": "The Independent"}], "hashtags": [], "urls": []}, "in_reply_to_screen_name": "thei100", "id_str": "552806033585090560", "retweet_count": 0, "in_reply_to_user_id": 2461887810, "favorited": false, "user": {"follow_request_sent": false, "profile_use_background_image": true, "profile_text_color": "333333", "default_profile_image": false, "id": 2753139956, "profile_background_image_url_https": "https://abs.twimg.com/images/themes/theme1/bg.png", "verified": false, "profile_location": null, "profile_image_url_https": "https://pbs.twimg.com/profile_images/505128833759322112/fYFv_YtU_normal.jpeg", "profile_sidebar_fill_color": "DDEEF6", "entities": {"description": {"urls": []}}, "followers_count": 17, "profile_sidebar_border_color": "C0DEED", "id_str": "2753139956", "profile_background_color": "C0DEED", "listed_count": 3, "is_translation_enabled": false, "utc_offset": null, "statuses_count": 383, "description": "University Lecturer.", "friends_count": 60, "location": "England", "profile_link_color": "0084B4", "profile_image_url": "http://pbs.twimg.com/profile_images/505128833759322112/fYFv_YtU_normal.jpeg", "following": false, "geo_enabled": false, "profile_banner_url": "https://pbs.twimg.com/profile_banners/2753139956/1409312311", "profile_background_image_url": "http://abs.twimg.com/images/themes/theme1/bg.png", "name": "WilliamD Foster", "lang": "en-gb", "profile_background_tile": false, "favourites_count": 226, "screen_name": "WilliamDFoster9", "notifications": false, "url": null, "created_at": "Thu Aug 21 21:28:50 +0000 2014", "contributors_enabled": false, "time_zone": null, "protected": false, "default_profile": true, "is_translator": false}, "geo": null, "in_reply_to_user_id_str": "2461887810", "lang": "en", "created_at": "Wed Jan 07 12:36:43 +0000 2015", "in_reply_to_status_id_str": "552802654641225728", "place": null}
