{"contributors":null,"truncated":false,"text":"@WilliamDFoster9 @thei100 @Independent don't.","in_reply_to_status_id":552806033585090560,"id":552808630022840320,"favorite_count":0,"source":"<a href=\"http:\/\/twitter.com\/download\/iphone\" rel=\"nofollow\">Twitter for iPhone<\/a>","retweeted":false,"coordinates":null,"entities":{"symbols":[],"user_mentions":[{"id":2753139956,"indices":[0,16],"id_str":"2753139956","screen_name":"WilliamDFoster9","name":"WilliamD Foster"},{"id":2461887810,"indices":[17,25],"id_str":"2461887810","screen_name":"thei100","name":"i100"},{"id":16973333,"indices":[26,38],"id_str":"16973333","screen_name":"Independent","name":"The Independent"}],"hashtags":[],"urls":[]},"in_reply_to_screen_name":"WilliamDFoster9","id_str":"552808630022840320","retweet_count":0,"in_reply_to_user_id":2753139956,"favorited":false,"user":{"follow_request_sent":false,"profile_use_background_image":true,"profile_text_color":"000000","default_profile_image":false,"id":76702224,"profile_background_image_url_https":"https:\/\/pbs.twimg.com\/profile_background_images\/712445457\/4bd1329144a106f5e225796161e8ac66.jpeg","verified":false,"profile_location":null,"profile_image_url_https":"https:\/\/pbs.twimg.com\/profile_images\/590106379194630145\/-KkbDKgB_normal.jpg","profile_sidebar_fill_color":"F6F6F6","entities":{"description":{"urls":[]}},"followers_count":2882,"profile_sidebar_border_color":"FFFFFF","id_str":"76702224","profile_background_color":"1A1B1F","listed_count":25,"is_translation_enabled":false,"utc_offset":0,"statuses_count":121983,"description":"Institutional Abuse Campaigner Politics,Philosophy & Law Student, Anti Russell Brand, Afile der raykhster zeyger hot nit mer vi zekhtsik minut","friends_count":769,"location":"N.London","profile_link_color":"F5ABB5","profile_image_url":"http:\/\/pbs.twimg.com\/profile_images\/590106379194630145\/-KkbDKgB_normal.jpg","following":false,"geo_enabled":false,"profile_banner_url":"https:\/\/pbs.twimg.com\/profile_banners\/76702224\/1417150335","profile_background_image_url":"http:\/\/pbs.twimg.com\/profile_background_images\/712445457\/4bd1329144a106f5e225796161e8ac66.jpeg","name":"theduchess\u264f\ufe0f","lang":"en","profile_background_tile":true,"favourites_count":6955,"screen_name":"GwaanJonathan","notifications":false,"url":null,"created_at":"Wed Sep 23 17:33:31 +0000 2009","contributors_enabled":false,"time_zone":"London","protected":false,"default_profile":false,"is_translator":false},"geo":null,"in_reply_to_user_id_str":"2753139956","lang":"en","created_at":"Wed Jan 07 12:47:02 +0000 2015","in_reply_to_status_id_str":"552806033585090560","place":null}