{"contributors": null, "truncated": false, "text": "paris terrorist attack \u201c@thei100: Charlie Hebdo shooting latest:12 dead&amp;gunmen still at large http://t.co/eA4cESRDN1 http://t.co/FfdTL3FJFC\u201d", "in_reply_to_status_id": 552802654641225728, "id": 552804298870910977, "favorite_count": 0, "source": "<a href=\"http://twitter.com/download/iphone\" rel=\"nofollow\">Twitter for iPhone</a>", "retweeted": false, "coordinates": null, "entities": {"symbols": [], "user_mentions": [{"id": 2461887810, "indices": [24, 32], "id_str": "2461887810", "screen_name": "thei100", "name": "i100"}], "hashtags": [], "urls": [{"url": "http://t.co/eA4cESRDN1", "indices": [98, 120], "expanded_url": "http://i100.io/W5R7DKe", "display_url": "i100.io/W5R7DKe"}], "media": [{"source_user_id": 2461887810, "source_status_id_str": "552802654641225728", "expanded_url": "http://twitter.com/thei100/status/552802654641225728/photo/1", "display_url": "pic.twitter.com/FfdTL3FJFC", "url": "http://t.co/FfdTL3FJFC", "media_url_https": "https://pbs.twimg.com/media/B6vy8E6CUAAQQ-4.jpg", "source_user_id_str": "2461887810", "source_status_id": 552802654641225728, "id_str": "552802493206253568", "sizes": {"small": {"h": 176, "resize": "fit", "w": 340}, "large": {"h": 530, "resize": "fit", "w": 1024}, "medium": {"h": 310, "resize": "fit", "w": 600}, "thumb": {"h": 150, "resize": "crop", "w": 150}}, "indices": [121, 143], "type": "photo", "id": 552802493206253568, "media_url": "http://pbs.twimg.com/media/B6vy8E6CUAAQQ-4.jpg"}]}, "in_reply_to_screen_name": "thei100", "id_str": "552804298870910977", "retweet_count": 0, "in_reply_to_user_id": 2461887810, "favorited": false, "user": {"follow_request_sent": false, "profile_use_background_image": true, "profile_text_color": "663B12", "default_profile_image": false, "id": 268422365, "profile_background_image_url_https": "https://abs.twimg.com/images/themes/theme2/bg.gif", "verified": false, "profile_location": null, "profile_image_url_https": "https://pbs.twimg.com/profile_images/1279486216/james_bond_normal.JPG", "profile_sidebar_fill_color": "DAECF4", "entities": {"url": {"urls": [{"url": "http://t.co/KNCbxs8JAs", "indices": [0, 22], "expanded_url": "http://anggarossi.blogspot.com/", "display_url": "anggarossi.blogspot.com"}]}, "description": {"urls": []}}, "followers_count": 163, "profile_sidebar_border_color": "C6E2EE", "id_str": "268422365", "profile_background_color": "C6E2EE", "listed_count": 0, "is_translation_enabled": false, "utc_offset": 25200, "statuses_count": 1182, "description": "live in wonderland.", "friends_count": 243, "location": "indonesia", "profile_link_color": "1F98C7", "profile_image_url": "http://pbs.twimg.com/profile_images/1279486216/james_bond_normal.JPG", "following": false, "geo_enabled": true, "profile_banner_url": "https://pbs.twimg.com/profile_banners/268422365/1400325256", "profile_background_image_url": "http://abs.twimg.com/images/themes/theme2/bg.gif", "name": "angga rosiawan", "lang": "en", "profile_background_tile": false, "favourites_count": 38, "screen_name": "anggarossi", "notifications": false, "url": "http://t.co/KNCbxs8JAs", "created_at": "Fri Mar 18 18:56:31 +0000 2011", "contributors_enabled": false, "time_zone": "Jakarta", "protected": false, "default_profile": false, "is_translator": false}, "geo": null, "in_reply_to_user_id_str": "2461887810", "possibly_sensitive": false, "lang": "en", "created_at": "Wed Jan 07 12:29:50 +0000 2015", "in_reply_to_status_id_str": "552802654641225728", "place": null, "extended_entities": {"media": [{"source_user_id": 2461887810, "source_status_id_str": "552802654641225728", "expanded_url": "http://twitter.com/thei100/status/552802654641225728/photo/1", "display_url": "pic.twitter.com/FfdTL3FJFC", "url": "http://t.co/FfdTL3FJFC", "media_url_https": "https://pbs.twimg.com/media/B6vy8E6CUAAQQ-4.jpg", "source_user_id_str": "2461887810", "source_status_id": 552802654641225728, "id_str": "552802493206253568", "sizes": {"small": {"h": 176, "resize": "fit", "w": 340}, "large": {"h": 530, "resize": "fit", "w": 1024}, "medium": {"h": 310, "resize": "fit", "w": 600}, "thumb": {"h": 150, "resize": "crop", "w": 150}}, "indices": [121, 143], "type": "photo", "id": 552802493206253568, "media_url": "http://pbs.twimg.com/media/B6vy8E6CUAAQQ-4.jpg"}]}}
