{"contributors":null,"truncated":false,"text":"Looks like every Charlie Hebdo cartoonist has been killed: 1. Charb - was on Al-Qaeda's hit list; 2. Cabu, 3. Wolinski, 4. Tignous","in_reply_to_status_id":null,"id":552816020403269632,"favorite_count":25,"source":"<a href=\"http:\/\/twitter.com\" rel=\"nofollow\">Twitter Web Client<\/a>","retweeted":false,"coordinates":null,"entities":{"symbols":[],"user_mentions":[],"hashtags":[],"urls":[]},"in_reply_to_screen_name":null,"id_str":"552816020403269632","retweet_count":175,"in_reply_to_user_id":null,"favorited":false,"user":{"follow_request_sent":false,"profile_use_background_image":true,"profile_text_color":"333333","default_profile_image":false,"id":174253648,"profile_background_image_url_https":"https:\/\/abs.twimg.com\/images\/themes\/theme1\/bg.png","verified":false,"profile_location":null,"profile_image_url_https":"https:\/\/pbs.twimg.com\/profile_images\/557579769194094594\/0K2KoMNw_normal.jpeg","profile_sidebar_fill_color":"DDEEF6","entities":{"url":{"urls":[{"url":"http:\/\/t.co\/bgEhLX8HH1","indices":[0,22],"expanded_url":"http:\/\/www.mjrharris.co.uk\/","display_url":"mjrharris.co.uk"}]},"description":{"urls":[{"url":"http:\/\/t.co\/dxhb8Fj25o","indices":[13,35],"expanded_url":"http:\/\/89up.org","display_url":"89up.org"},{"url":"http:\/\/t.co\/NXQPz3w6sy","indices":[56,78],"expanded_url":"http:\/\/DontSpyOnUs.org.uk","display_url":"DontSpyOnUs.org.uk"}]}},"followers_count":3030,"profile_sidebar_border_color":"C0DEED","id_str":"174253648","profile_background_color":"C0DEED","listed_count":118,"is_translation_enabled":false,"utc_offset":0,"statuses_count":15048,"description":"Free speech, http:\/\/t.co\/dxhb8Fj25o; Campaign Director, http:\/\/t.co\/NXQPz3w6sy; (Labour Councillor for Lewisham 2010-14). Tweets personal.","friends_count":1392,"location":"Lewisham, London","profile_link_color":"B3000F","profile_image_url":"http:\/\/pbs.twimg.com\/profile_images\/557579769194094594\/0K2KoMNw_normal.jpeg","following":false,"geo_enabled":true,"profile_banner_url":"https:\/\/pbs.twimg.com\/profile_banners\/174253648\/1403871992","profile_background_image_url":"http:\/\/abs.twimg.com\/images\/themes\/theme1\/bg.png","name":"Michael Harris","lang":"en","profile_background_tile":false,"favourites_count":894,"screen_name":"mjrharris","notifications":false,"url":"http:\/\/t.co\/bgEhLX8HH1","created_at":"Tue Aug 03 13:44:30 +0000 2010","contributors_enabled":false,"time_zone":"London","protected":false,"default_profile":false,"is_translator":false},"geo":null,"in_reply_to_user_id_str":null,"lang":"en","created_at":"Wed Jan 07 13:16:24 +0000 2015","in_reply_to_status_id_str":null,"place":null}