{"contributors":null,"truncated":false,"text":"#CharlieHebdo -  11 dead including 2 police in Paris shooting. Photo @MartinBureau1 #AFP http:\/\/t.co\/aksGP63MB7","in_reply_to_status_id":null,"id":552792802309181440,"favorite_count":17,"source":"<a href=\"https:\/\/about.twitter.com\/products\/tweetdeck\" rel=\"nofollow\">TweetDeck<\/a>","retweeted":false,"coordinates":null,"entities":{"symbols":[],"user_mentions":[{"id":491559119,"indices":[69,83],"id_str":"491559119","screen_name":"MartinBureau1","name":"Martin Bureau"}],"hashtags":[{"indices":[0,13],"text":"CharlieHebdo"},{"indices":[84,88],"text":"AFP"}],"urls":[],"media":[{"expanded_url":"http:\/\/twitter.com\/AFPphoto\/status\/552792802309181440\/photo\/1","display_url":"pic.twitter.com\/aksGP63MB7","url":"http:\/\/t.co\/aksGP63MB7","media_url_https":"https:\/\/pbs.twimg.com\/media\/B6vqGLmCAAAD26y.jpg","id_str":"552792771195437056","sizes":{"large":{"h":686,"resize":"fit","w":1024},"small":{"h":227,"resize":"fit","w":340},"medium":{"h":402,"resize":"fit","w":600},"thumb":{"h":150,"resize":"crop","w":150}},"indices":[89,111],"type":"photo","id":552792771195437056,"media_url":"http:\/\/pbs.twimg.com\/media\/B6vqGLmCAAAD26y.jpg"}]},"in_reply_to_screen_name":null,"id_str":"552792802309181440","retweet_count":114,"in_reply_to_user_id":null,"favorited":false,"user":{"follow_request_sent":false,"profile_use_background_image":true,"profile_text_color":"333333","default_profile_image":false,"id":868112707,"profile_background_image_url_https":"https:\/\/pbs.twimg.com\/profile_background_images\/725290771\/6aa5c3e060ec892ec6e86a981f65004a.jpeg","verified":false,"profile_location":null,"profile_image_url_https":"https:\/\/pbs.twimg.com\/profile_images\/557221008612941824\/8vXdPo4e_normal.jpeg","profile_sidebar_fill_color":"DDEEF6","entities":{"url":{"urls":[{"url":"http:\/\/t.co\/b5OsW0fRWU","indices":[0,22],"expanded_url":"http:\/\/instagram.com\/afpphoto","display_url":"instagram.com\/afpphoto"}]},"description":{"urls":[]}},"followers_count":36037,"profile_sidebar_border_color":"FFFFFF","id_str":"868112707","profile_background_color":"C0DEED","listed_count":1472,"is_translation_enabled":false,"utc_offset":0,"statuses_count":4624,"description":"AFP Photo's official Twitter account. Tweeting news and features from Agence France-Presse's global photo network","friends_count":241,"location":"worldwide","profile_link_color":"0084B4","profile_image_url":"http:\/\/pbs.twimg.com\/profile_images\/557221008612941824\/8vXdPo4e_normal.jpeg","following":false,"geo_enabled":false,"profile_banner_url":"https:\/\/pbs.twimg.com\/profile_banners\/868112707\/1420539935","profile_background_image_url":"http:\/\/pbs.twimg.com\/profile_background_images\/725290771\/6aa5c3e060ec892ec6e86a981f65004a.jpeg","name":"AFP Photo Department","lang":"en","profile_background_tile":false,"favourites_count":70,"screen_name":"AFPphoto","notifications":false,"url":"http:\/\/t.co\/b5OsW0fRWU","created_at":"Mon Oct 08 14:43:38 +0000 2012","contributors_enabled":false,"time_zone":"London","protected":false,"default_profile":false,"is_translator":false},"geo":null,"in_reply_to_user_id_str":null,"possibly_sensitive":false,"lang":"en","created_at":"Wed Jan 07 11:44:09 +0000 2015","in_reply_to_status_id_str":null,"place":null,"extended_entities":{"media":[{"expanded_url":"http:\/\/twitter.com\/AFPphoto\/status\/552792802309181440\/photo\/1","display_url":"pic.twitter.com\/aksGP63MB7","url":"http:\/\/t.co\/aksGP63MB7","media_url_https":"https:\/\/pbs.twimg.com\/media\/B6vqGLmCAAAD26y.jpg","id_str":"552792771195437056","sizes":{"large":{"h":686,"resize":"fit","w":1024},"small":{"h":227,"resize":"fit","w":340},"medium":{"h":402,"resize":"fit","w":600},"thumb":{"h":150,"resize":"crop","w":150}},"indices":[89,111],"type":"photo","id":552792771195437056,"media_url":"http:\/\/pbs.twimg.com\/media\/B6vqGLmCAAAD26y.jpg"}]}}