{"contributors":null,"truncated":false,"text":"UPDATE: 12 now confirmed dead in #CharlieHebdo attack in Paris, @AP is reporting. Story: http:\/\/t.co\/Jfqmha1GdV (AP) http:\/\/t.co\/vDCIFHIa9U","in_reply_to_status_id":null,"id":552806757672964097,"favorite_count":55,"source":"<a href=\"https:\/\/about.twitter.com\/products\/tweetdeck\" rel=\"nofollow\">TweetDeck<\/a>","retweeted":false,"coordinates":null,"entities":{"symbols":[],"user_mentions":[{"id":51241574,"indices":[64,67],"id_str":"51241574","screen_name":"AP","name":"The Associated Press"}],"hashtags":[{"indices":[33,46],"text":"CharlieHebdo"}],"urls":[{"url":"http:\/\/t.co\/Jfqmha1GdV","indices":[89,111],"expanded_url":"http:\/\/usat.ly\/1IpqNci","display_url":"usat.ly\/1IpqNci"}],"media":[{"expanded_url":"http:\/\/twitter.com\/USATODAY\/status\/552806757672964097\/photo\/1","display_url":"pic.twitter.com\/vDCIFHIa9U","url":"http:\/\/t.co\/vDCIFHIa9U","media_url_https":"https:\/\/pbs.twimg.com\/media\/B6v2u81CMAAtiar.jpg","id_str":"552806665746001920","sizes":{"small":{"h":255,"resize":"fit","w":340},"large":{"h":510,"resize":"fit","w":680},"medium":{"h":450,"resize":"fit","w":600},"thumb":{"h":150,"resize":"crop","w":150}},"indices":[117,139],"type":"photo","id":552806665746001920,"media_url":"http:\/\/pbs.twimg.com\/media\/B6v2u81CMAAtiar.jpg"}]},"in_reply_to_screen_name":null,"in_reply_to_user_id":null,"retweet_count":277,"id_str":"552806757672964097","favorited":false,"user":{"follow_request_sent":false,"profile_use_background_image":false,"profile_text_color":"000000","default_profile_image":false,"id":15754281,"profile_background_image_url_https":"https:\/\/pbs.twimg.com\/profile_background_images\/378800000089862470\/7aa9f896147a89917aa047e30ab6ebc2.jpeg","verified":true,"profile_location":null,"profile_image_url_https":"https:\/\/pbs.twimg.com\/profile_images\/461560356314165249\/Ik1AqEj4_normal.png","profile_sidebar_fill_color":"FFFFFF","entities":{"url":{"urls":[{"url":"http:\/\/t.co\/7xDl0vVHSt","indices":[0,22],"expanded_url":"http:\/\/www.usatoday.com","display_url":"usatoday.com"}]},"description":{"urls":[]}},"followers_count":1408186,"profile_sidebar_border_color":"FFFFFF","id_str":"15754281","profile_background_color":"0092D0","listed_count":24079,"is_translation_enabled":false,"utc_offset":-18000,"statuses_count":106974,"description":"The latest news and most interesting stories from USA TODAY. News that's meant to be shared.","friends_count":781,"location":"USA TODAY HQ, McLean, Va.","profile_link_color":"0000FF","profile_image_url":"http:\/\/pbs.twimg.com\/profile_images\/461560356314165249\/Ik1AqEj4_normal.png","following":false,"geo_enabled":false,"profile_banner_url":"https:\/\/pbs.twimg.com\/profile_banners\/15754281\/1414526404","profile_background_image_url":"http:\/\/pbs.twimg.com\/profile_background_images\/378800000089862470\/7aa9f896147a89917aa047e30ab6ebc2.jpeg","name":"USA TODAY","lang":"en","profile_background_tile":false,"favourites_count":830,"screen_name":"USATODAY","notifications":false,"url":"http:\/\/t.co\/7xDl0vVHSt","created_at":"Wed Aug 06 19:55:31 +0000 2008","contributors_enabled":false,"time_zone":"Eastern Time (US & Canada)","protected":false,"default_profile":false,"is_translator":false},"geo":null,"in_reply_to_user_id_str":null,"possibly_sensitive":false,"lang":"en","created_at":"Wed Jan 07 12:39:36 +0000 2015","in_reply_to_status_id_str":null,"place":null,"metadata":{"iso_language_code":"en","result_type":"recent"}}