{"is_rumour":"rumour","category":"The gunmen said, \"You tell the media it was al-Qaeda in Yemen\"","misinformation":0,"true":0,"links":[{"link":"http:\/\/www.channel4.com\/news\/gun-attack-on-french-satirical-magazine-kills-at-least-10","mediatype":"news-media","position":"for"},{"link":"http:\/\/www.20minutes.fr\/societe\/1511879-20150107-charlie-hebdo-dit-direz-medias-al-qaeda-yemen-raconte-temoin-19e-arrondissement","mediatype":"news-media","position":"for"},{"link":"http:\/\/www.thedailybeast.com\/cheats\/2015\/01\/07\/shooters-claimed-they-were-al-qaeda.html?via=twitter_page","mediatype":"news-media","position":"for"}],"is_turnaround":0}