{"contributors": null, "truncated": false, "text": "@guardian @Flap muslims,,this is the magazine that published the Mohamed cartoon a few years ago", "in_reply_to_status_id": 552791578893619200, "id": 552792030225920000, "favorite_count": 0, "source": "<a href=\"http://twitter.com\" rel=\"nofollow\">Twitter Web Client</a>", "retweeted": false, "coordinates": null, "entities": {"symbols": [], "user_mentions": [{"id": 87818409, "indices": [0, 9], "id_str": "87818409", "screen_name": "guardian", "name": "The Guardian"}, {"id": 5511332, "indices": [10, 15], "id_str": "5511332", "screen_name": "Flap", "name": "Gregory Flap Cole"}], "hashtags": [], "urls": []}, "in_reply_to_screen_name": "guardian", "id_str": "552792030225920000", "retweet_count": 0, "in_reply_to_user_id": 87818409, "favorited": false, "user": {"follow_request_sent": false, "profile_use_background_image": true, "profile_text_color": "333333", "default_profile_image": false, "id": 49102516, "profile_background_image_url_https": "https://abs.twimg.com/images/themes/theme1/bg.png", "verified": false, "profile_location": null, "profile_image_url_https": "https://pbs.twimg.com/profile_images/1112165923/bald-eagle-head_normal.jpg", "profile_sidebar_fill_color": "DDEEF6", "entities": {"description": {"urls": []}}, "followers_count": 7313, "profile_sidebar_border_color": "C0DEED", "id_str": "49102516", "profile_background_color": "C0DEED", "listed_count": 197, "is_translation_enabled": false, "utc_offset": -18000, "statuses_count": 74318, "description": "us army vet,christian conservative,father", "friends_count": 8043, "location": "west orange nj", "profile_link_color": "0084B4", "profile_image_url": "http://pbs.twimg.com/profile_images/1112165923/bald-eagle-head_normal.jpg", "following": false, "geo_enabled": false, "profile_background_image_url": "http://abs.twimg.com/images/themes/theme1/bg.png", "name": "jimmylemons", "lang": "en", "profile_background_tile": false, "favourites_count": 3289, "screen_name": "jimmylemons", "notifications": false, "url": null, "created_at": "Sat Jun 20 19:59:35 +0000 2009", "contributors_enabled": false, "time_zone": "Quito", "protected": false, "default_profile": true, "is_translator": false}, "geo": null, "in_reply_to_user_id_str": "87818409", "lang": "en", "created_at": "Wed Jan 07 11:41:05 +0000 2015", "in_reply_to_status_id_str": "552791578893619200", "place": null}
