{"contributors": null, "truncated": false, "text": "Horrific:\u201c@guardian: Eleven dead in shooting at Paris offices of satirical magazine Charlie Hebdo \u2013 live updates http://t.co/Zl4fwR6G4b\u201d", "in_reply_to_status_id": 552791578893619200, "id": 552795898196291584, "favorite_count": 0, "source": "<a href=\"http://twitter.com/download/iphone\" rel=\"nofollow\">Twitter for iPhone</a>", "retweeted": false, "coordinates": null, "entities": {"symbols": [], "user_mentions": [{"id": 87818409, "indices": [10, 19], "id_str": "87818409", "screen_name": "guardian", "name": "The Guardian"}], "hashtags": [], "urls": [{"url": "http://t.co/Zl4fwR6G4b", "indices": [113, 135], "expanded_url": "http://trib.al/tEfm9Sz", "display_url": "trib.al/tEfm9Sz"}]}, "in_reply_to_screen_name": "guardian", "id_str": "552795898196291584", "retweet_count": 0, "in_reply_to_user_id": 87818409, "favorited": false, "user": {"follow_request_sent": false, "profile_use_background_image": true, "profile_text_color": "000000", "default_profile_image": false, "id": 14315937, "profile_background_image_url_https": "https://pbs.twimg.com/profile_background_images/79516766/Jo_Twitter_wallpaper.jpg", "verified": false, "profile_location": null, "profile_image_url_https": "https://pbs.twimg.com/profile_images/2323268841/image_normal.jpg", "profile_sidebar_fill_color": "91A9FF", "entities": {"description": {"urls": []}}, "followers_count": 2876, "profile_sidebar_border_color": "454D69", "id_str": "14315937", "profile_background_color": "9AE4E8", "listed_count": 99, "is_translation_enabled": false, "utc_offset": 0, "statuses_count": 11515, "description": "Journalist / editor / digital and social media freelancer in Cornwall. 10+ years digital media experience at @guardian & @westbriton. Mother of boy. My views.", "friends_count": 1546, "location": "Newquay, Cornwall", "profile_link_color": "4967D0", "profile_image_url": "http://pbs.twimg.com/profile_images/2323268841/image_normal.jpg", "following": false, "geo_enabled": false, "profile_banner_url": "https://pbs.twimg.com/profile_banners/14315937/1415301201", "profile_background_image_url": "http://pbs.twimg.com/profile_background_images/79516766/Jo_Twitter_wallpaper.jpg", "name": "Jo Coumbe", "lang": "en", "profile_background_tile": false, "favourites_count": 2246, "screen_name": "JoJo_Wood", "notifications": false, "url": null, "created_at": "Sun Apr 06 15:29:26 +0000 2008", "contributors_enabled": false, "time_zone": "London", "protected": false, "default_profile": false, "is_translator": false}, "geo": null, "in_reply_to_user_id_str": "87818409", "possibly_sensitive": false, "lang": "en", "created_at": "Wed Jan 07 11:56:27 +0000 2015", "in_reply_to_status_id_str": "552791578893619200", "place": null}
