{"contributors": null, "truncated": false, "text": "\u201c@guardian: Eleven dead in shooting at Paris offices of satirical magazine Charlie Hebdo \u2013 live updates http://t.co/UDgEqcuSHx\u201d", "in_reply_to_status_id": 552791578893619200, "id": 552795016725532672, "favorite_count": 0, "source": "<a href=\"http://twitter.com/download/iphone\" rel=\"nofollow\">Twitter for iPhone</a>", "retweeted": false, "coordinates": {"type": "Point", "coordinates": [-3.20081992, 55.94548691]}, "entities": {"symbols": [], "user_mentions": [{"id": 87818409, "indices": [1, 10], "id_str": "87818409", "screen_name": "guardian", "name": "The Guardian"}], "hashtags": [], "urls": [{"url": "http://t.co/UDgEqcuSHx", "indices": [104, 126], "expanded_url": "http://trib.al/tEfm9Sz", "display_url": "trib.al/tEfm9Sz"}]}, "in_reply_to_screen_name": "guardian", "id_str": "552795016725532672", "retweet_count": 0, "in_reply_to_user_id": 87818409, "favorited": false, "user": {"follow_request_sent": false, "profile_use_background_image": true, "profile_text_color": "333333", "default_profile_image": false, "id": 254953689, "profile_background_image_url_https": "https://abs.twimg.com/images/themes/theme1/bg.png", "verified": false, "profile_location": null, "profile_image_url_https": "https://pbs.twimg.com/profile_images/547081945411510272/I4WtIe0m_normal.jpeg", "profile_sidebar_fill_color": "DDEEF6", "entities": {"description": {"urls": []}}, "followers_count": 72, "profile_sidebar_border_color": "C0DEED", "id_str": "254953689", "profile_background_color": "C0DEED", "listed_count": 0, "is_translation_enabled": false, "utc_offset": null, "statuses_count": 2612, "description": "21,Manchester, Living in Edinburgh, Law Student, Shopaholic, Workaholic.", "friends_count": 83, "location": "", "profile_link_color": "0084B4", "profile_image_url": "http://pbs.twimg.com/profile_images/547081945411510272/I4WtIe0m_normal.jpeg", "following": false, "geo_enabled": true, "profile_banner_url": "https://pbs.twimg.com/profile_banners/254953689/1397748270", "profile_background_image_url": "http://abs.twimg.com/images/themes/theme1/bg.png", "name": "Ifrath Hussain", "lang": "en", "profile_background_tile": false, "favourites_count": 80, "screen_name": "ifrathhussain13", "notifications": false, "url": null, "created_at": "Sun Feb 20 10:39:30 +0000 2011", "contributors_enabled": false, "time_zone": null, "protected": false, "default_profile": true, "is_translator": false}, "geo": {"type": "Point", "coordinates": [55.94548691, -3.20081992]}, "in_reply_to_user_id_str": "87818409", "possibly_sensitive": false, "lang": "en", "created_at": "Wed Jan 07 11:52:57 +0000 2015", "in_reply_to_status_id_str": "552791578893619200", "place": {"full_name": "Edinburgh, Scotland", "url": "https://api.twitter.com/1.1/geo/id/7ae9e2f2ff7a87cd.json", "country": "United Kingdom", "place_type": "city", "bounding_box": {"type": "Polygon", "coordinates": [[[-3.3285119, 55.894729], [-3.077505, 55.894729], [-3.077505, 55.991662], [-3.3285119, 55.991662]]]}, "contained_within": [], "country_code": "GB", "attributes": {}, "id": "7ae9e2f2ff7a87cd", "name": "Edinburgh"}}
