{"contributors": null, "truncated": false, "text": "@guardian horrible news and a #Cowardly attack on the press!", "in_reply_to_status_id": 552791578893619200, "id": 552793048510648320, "favorite_count": 0, "source": "<a href=\"http://twitter.com\" rel=\"nofollow\">Twitter Web Client</a>", "retweeted": false, "coordinates": null, "entities": {"symbols": [], "user_mentions": [{"id": 87818409, "indices": [0, 9], "id_str": "87818409", "screen_name": "guardian", "name": "The Guardian"}], "hashtags": [{"indices": [30, 39], "text": "Cowardly"}], "urls": []}, "in_reply_to_screen_name": "guardian", "id_str": "552793048510648320", "retweet_count": 0, "in_reply_to_user_id": 87818409, "favorited": false, "user": {"follow_request_sent": false, "profile_use_background_image": true, "profile_text_color": "FF9F30", "default_profile_image": false, "id": 94323249, "profile_background_image_url_https": "https://pbs.twimg.com/profile_background_images/589011723/x10af3b0efee543f189fca113c990b0c.png", "verified": false, "profile_location": null, "profile_image_url_https": "https://pbs.twimg.com/profile_images/2387464398/0yul75d0080t4l5zz5h9_normal.jpeg", "profile_sidebar_fill_color": "E6DFA3", "entities": {"url": {"urls": [{"url": "http://t.co/YywMRrWmD9", "indices": [0, 22], "expanded_url": "http://www.rethink-recruitment.com", "display_url": "rethink-recruitment.com"}]}, "description": {"urls": []}}, "followers_count": 81, "profile_sidebar_border_color": "9BC2B2", "id_str": "94323249", "profile_background_color": "DE0000", "listed_count": 6, "is_translation_enabled": false, "utc_offset": 3600, "statuses_count": 1618, "description": "Avid recruiter, international enabler.", "friends_count": 133, "location": "London", "profile_link_color": "FA6000", "profile_image_url": "http://pbs.twimg.com/profile_images/2387464398/0yul75d0080t4l5zz5h9_normal.jpeg", "following": false, "geo_enabled": false, "profile_background_image_url": "http://pbs.twimg.com/profile_background_images/589011723/x10af3b0efee543f189fca113c990b0c.png", "name": "Hector", "lang": "en", "profile_background_tile": true, "favourites_count": 25, "screen_name": "Jobs4UinCRM", "notifications": false, "url": "http://t.co/YywMRrWmD9", "created_at": "Thu Dec 03 12:56:03 +0000 2009", "contributors_enabled": false, "time_zone": "Amsterdam", "protected": false, "default_profile": false, "is_translator": false}, "geo": null, "in_reply_to_user_id_str": "87818409", "lang": "en", "created_at": "Wed Jan 07 11:45:07 +0000 2015", "in_reply_to_status_id_str": "552791578893619200", "place": null}
