{"contributors": null, "truncated": false, "text": "\u201c@guardian: Eleven dead in shooting at Paris offices of satirical magazine Charlie Hebdo \u2013 live updates http://t.co/VlwekK6oQC\u201d More tragedy", "in_reply_to_status_id": 552791578893619200, "id": 552797785427558401, "favorite_count": 0, "source": "<a href=\"http://twitter.com/download/iphone\" rel=\"nofollow\">Twitter for iPhone</a>", "retweeted": false, "coordinates": null, "entities": {"symbols": [], "user_mentions": [{"id": 87818409, "indices": [1, 10], "id_str": "87818409", "screen_name": "guardian", "name": "The Guardian"}], "hashtags": [], "urls": [{"url": "http://t.co/VlwekK6oQC", "indices": [104, 126], "expanded_url": "http://trib.al/tEfm9Sz", "display_url": "trib.al/tEfm9Sz"}]}, "in_reply_to_screen_name": "guardian", "id_str": "552797785427558401", "retweet_count": 0, "in_reply_to_user_id": 87818409, "favorited": false, "user": {"follow_request_sent": false, "profile_use_background_image": true, "profile_text_color": "897856", "default_profile_image": false, "id": 141508403, "profile_background_image_url_https": "https://pbs.twimg.com/profile_background_images/354944091/xca5688ccef0fa985ddfc0c5cd0cc76a.jpg", "verified": false, "profile_location": null, "profile_image_url_https": "https://pbs.twimg.com/profile_images/531530127188832256/6QAarYbd_normal.jpeg", "profile_sidebar_fill_color": "20201E", "entities": {"description": {"urls": []}}, "followers_count": 338, "profile_sidebar_border_color": "FFFFFF", "id_str": "141508403", "profile_background_color": "20201E", "listed_count": 3, "is_translation_enabled": false, "utc_offset": 0, "statuses_count": 4514, "description": "Ambulance First Responder. Lifeguard. Saxophonist. Med School Applicant.", "friends_count": 338, "location": "Essex, UK", "profile_link_color": "3399FF", "profile_image_url": "http://pbs.twimg.com/profile_images/531530127188832256/6QAarYbd_normal.jpeg", "following": false, "geo_enabled": true, "profile_banner_url": "https://pbs.twimg.com/profile_banners/141508403/1398516527", "profile_background_image_url": "http://pbs.twimg.com/profile_background_images/354944091/xca5688ccef0fa985ddfc0c5cd0cc76a.jpg", "name": "Sam Neal", "lang": "en", "profile_background_tile": false, "favourites_count": 201, "screen_name": "samrneal", "notifications": false, "url": null, "created_at": "Sat May 08 07:59:08 +0000 2010", "contributors_enabled": false, "time_zone": "London", "protected": false, "default_profile": false, "is_translator": false}, "geo": null, "in_reply_to_user_id_str": "87818409", "possibly_sensitive": false, "lang": "en", "created_at": "Wed Jan 07 12:03:57 +0000 2015", "in_reply_to_status_id_str": "552791578893619200", "place": null}
