{"contributors": null, "truncated": false, "text": "@guardian This is their true colour :-(", "in_reply_to_status_id": 552791578893619200, "id": 552796077561094144, "favorite_count": 0, "source": "<a href=\"http://twitter.com/download/android\" rel=\"nofollow\">Twitter for Android</a>", "retweeted": false, "coordinates": null, "entities": {"symbols": [], "user_mentions": [{"id": 87818409, "indices": [0, 9], "id_str": "87818409", "screen_name": "guardian", "name": "The Guardian"}], "hashtags": [], "urls": []}, "in_reply_to_screen_name": "guardian", "id_str": "552796077561094144", "retweet_count": 0, "in_reply_to_user_id": 87818409, "favorited": false, "user": {"follow_request_sent": false, "profile_use_background_image": true, "profile_text_color": "333333", "default_profile_image": false, "id": 30205212, "profile_background_image_url_https": "https://abs.twimg.com/images/themes/theme8/bg.gif", "verified": false, "profile_location": null, "profile_image_url_https": "https://pbs.twimg.com/profile_images/1221751883/______normal.jpg", "profile_sidebar_fill_color": "EADEAA", "entities": {"url": {"urls": [{"url": "http://t.co/aRibaNF8GV", "indices": [0, 22], "expanded_url": "http://itsmymindgame.blogspot.com/", "display_url": "itsmymindgame.blogspot.com"}]}, "description": {"urls": []}}, "followers_count": 114, "profile_sidebar_border_color": "D9B17E", "id_str": "30205212", "profile_background_color": "8B542B", "listed_count": 0, "is_translation_enabled": false, "utc_offset": 19800, "statuses_count": 110, "description": "\u0aaa\u0ab0\u0abf\u0ab5\u0ab0\u0acd\u0aa4\u0aa8", "friends_count": 230, "location": "", "profile_link_color": "9D582E", "profile_image_url": "http://pbs.twimg.com/profile_images/1221751883/______normal.jpg", "following": false, "geo_enabled": false, "profile_background_image_url": "http://abs.twimg.com/images/themes/theme8/bg.gif", "name": "Alkesh Patel", "lang": "en", "profile_background_tile": false, "favourites_count": 6, "screen_name": "keshav29", "notifications": false, "url": "http://t.co/aRibaNF8GV", "created_at": "Fri Apr 10 12:17:22 +0000 2009", "contributors_enabled": false, "time_zone": "New Delhi", "protected": false, "default_profile": false, "is_translator": false}, "geo": null, "in_reply_to_user_id_str": "87818409", "lang": "en", "created_at": "Wed Jan 07 11:57:10 +0000 2015", "in_reply_to_status_id_str": "552791578893619200", "place": null}
