{"contributors": null, "truncated": false, "text": "\u201c@guardian: Eleven dead in shooting at Paris offices of satirical magazine Charlie Hebdo \u2013 live updates http://t.co/CDPVFv79w0\u201d", "in_reply_to_status_id": 552791578893619200, "id": 552794374950887425, "favorite_count": 1, "source": "<a href=\"http://twitter.com/#!/download/ipad\" rel=\"nofollow\">Twitter for iPad</a>", "retweeted": false, "coordinates": null, "entities": {"symbols": [], "user_mentions": [{"id": 87818409, "indices": [1, 10], "id_str": "87818409", "screen_name": "guardian", "name": "The Guardian"}], "hashtags": [], "urls": [{"url": "http://t.co/CDPVFv79w0", "indices": [104, 126], "expanded_url": "http://trib.al/tEfm9Sz", "display_url": "trib.al/tEfm9Sz"}]}, "in_reply_to_screen_name": "guardian", "id_str": "552794374950887425", "retweet_count": 0, "in_reply_to_user_id": 87818409, "favorited": false, "user": {"follow_request_sent": false, "profile_use_background_image": true, "profile_text_color": "D413B4", "default_profile_image": false, "id": 29209261, "profile_background_image_url_https": "https://pbs.twimg.com/profile_background_images/169155517/rio_onde_vou_morar.jpg", "verified": false, "profile_location": null, "profile_image_url_https": "https://pbs.twimg.com/profile_images/531638397350477824/-NsXBM1d_normal.jpeg", "profile_sidebar_fill_color": "7AC3EE", "entities": {"url": {"urls": [{"url": "http://t.co/yKLejuYsjX", "indices": [0, 22], "expanded_url": "http://www.facebook.com/pages/Ana-Paula-Rehbein/209554469179664?ref=hl", "display_url": "facebook.com/pages/Ana-Paul\u2026"}]}, "description": {"urls": []}}, "followers_count": 4594, "profile_sidebar_border_color": "65B0DA", "id_str": "29209261", "profile_background_color": "642D8B", "listed_count": 76, "is_translation_enabled": false, "utc_offset": -7200, "statuses_count": 21786, "description": "Ga\u00facha e gremista. Rep\u00f3rter da Tv Anhanguera em Palmas. Periodista de la televisi\u00f3n. Tv journalist.", "friends_count": 1034, "location": "Palmas - Tocantins, Brasil", "profile_link_color": "1D0EC7", "profile_image_url": "http://pbs.twimg.com/profile_images/531638397350477824/-NsXBM1d_normal.jpeg", "following": false, "geo_enabled": true, "profile_banner_url": "https://pbs.twimg.com/profile_banners/29209261/1400613814", "profile_background_image_url": "http://pbs.twimg.com/profile_background_images/169155517/rio_onde_vou_morar.jpg", "name": "ana paula rehbein", "lang": "pt", "profile_background_tile": true, "favourites_count": 4178, "screen_name": "anarehbein", "notifications": false, "url": "http://t.co/yKLejuYsjX", "created_at": "Mon Apr 06 14:26:21 +0000 2009", "contributors_enabled": false, "time_zone": "Brasilia", "protected": false, "default_profile": false, "is_translator": false}, "geo": null, "in_reply_to_user_id_str": "87818409", "possibly_sensitive": false, "lang": "en", "created_at": "Wed Jan 07 11:50:24 +0000 2015", "in_reply_to_status_id_str": "552791578893619200", "place": null}
