{"contributors":null,"truncated":false,"text":"@guardian disgusting","in_reply_to_status_id":552791578893619200,"id":552795888134144001,"favorite_count":0,"source":"<a href=\"http:\/\/twitter.com\/download\/android\" rel=\"nofollow\">Twitter for Android<\/a>","retweeted":false,"coordinates":null,"entities":{"symbols":[],"user_mentions":[{"id":87818409,"indices":[0,9],"id_str":"87818409","screen_name":"guardian","name":"The Guardian"}],"hashtags":[],"urls":[]},"in_reply_to_screen_name":"guardian","id_str":"552795888134144001","retweet_count":0,"in_reply_to_user_id":87818409,"favorited":false,"user":{"follow_request_sent":false,"profile_use_background_image":true,"profile_text_color":"333333","default_profile_image":false,"id":22414818,"profile_background_image_url_https":"https:\/\/abs.twimg.com\/images\/themes\/theme1\/bg.png","verified":false,"profile_location":null,"profile_image_url_https":"https:\/\/pbs.twimg.com\/profile_images\/575776834945679360\/XkV6ycX3_normal.jpeg","profile_sidebar_fill_color":"DDEEF6","entities":{"description":{"urls":[]}},"followers_count":157,"profile_sidebar_border_color":"C0DEED","id_str":"22414818","profile_background_color":"C0DEED","listed_count":0,"is_translation_enabled":false,"utc_offset":0,"statuses_count":909,"description":"Aeronautical engineer, domestic godess and all round superwoman!","friends_count":623,"location":"South Wales","profile_link_color":"0084B4","profile_image_url":"http:\/\/pbs.twimg.com\/profile_images\/575776834945679360\/XkV6ycX3_normal.jpeg","following":false,"geo_enabled":true,"profile_background_image_url":"http:\/\/abs.twimg.com\/images\/themes\/theme1\/bg.png","name":"Tara Morgan","lang":"en","profile_background_tile":false,"favourites_count":53,"screen_name":"taramorg23","notifications":false,"url":null,"created_at":"Sun Mar 01 22:21:20 +0000 2009","contributors_enabled":false,"time_zone":"London","protected":false,"default_profile":true,"is_translator":false},"geo":null,"in_reply_to_user_id_str":"87818409","lang":"en","created_at":"Wed Jan 07 11:56:24 +0000 2015","in_reply_to_status_id_str":"552791578893619200","place":null}