{"contributors": null, "truncated": false, "text": "@guardian Shocking news.", "in_reply_to_status_id": 552791578893619200, "id": 552796307627470848, "favorite_count": 0, "source": "<a href=\"http://twitter.com/download/android\" rel=\"nofollow\">Twitter for Android</a>", "retweeted": false, "coordinates": null, "entities": {"symbols": [], "user_mentions": [{"id": 87818409, "indices": [0, 9], "id_str": "87818409", "screen_name": "guardian", "name": "The Guardian"}], "hashtags": [], "urls": []}, "in_reply_to_screen_name": "guardian", "id_str": "552796307627470848", "retweet_count": 0, "in_reply_to_user_id": 87818409, "favorited": false, "user": {"follow_request_sent": false, "profile_use_background_image": true, "profile_text_color": "333333", "default_profile_image": false, "id": 51806835, "profile_background_image_url_https": "https://pbs.twimg.com/profile_background_images/545285755568795648/ABQOhsUb.jpeg", "verified": false, "profile_location": null, "profile_image_url_https": "https://pbs.twimg.com/profile_images/378800000679598879/ae37df87aee1cc8e53ad358e7f92ad40_normal.jpeg", "profile_sidebar_fill_color": "DDEEF6", "entities": {"url": {"urls": [{"url": "http://t.co/SpqupL54lV", "indices": [0, 22], "expanded_url": "http://www.danipics.com", "display_url": "danipics.com"}]}, "description": {"urls": []}}, "followers_count": 1390, "profile_sidebar_border_color": "C0DEED", "id_str": "51806835", "profile_background_color": "C0DEED", "listed_count": 51, "is_translation_enabled": false, "utc_offset": null, "statuses_count": 5829, "description": "#writer, #photographer, #PR, Brooklands Radio #presenter. #Rotarian, mother, love #charities, #wildlife, #ballooning, coffee & chocolate. #naturalburial fan.", "friends_count": 1966, "location": "Surrey, UK", "profile_link_color": "0084B4", "profile_image_url": "http://pbs.twimg.com/profile_images/378800000679598879/ae37df87aee1cc8e53ad358e7f92ad40_normal.jpeg", "following": false, "geo_enabled": false, "profile_banner_url": "https://pbs.twimg.com/profile_banners/51806835/1383439557", "profile_background_image_url": "http://pbs.twimg.com/profile_background_images/545285755568795648/ABQOhsUb.jpeg", "name": "Dani Maimone", "lang": "en", "profile_background_tile": true, "favourites_count": 284, "screen_name": "MamaBalloon", "notifications": false, "url": "http://t.co/SpqupL54lV", "created_at": "Sun Jun 28 18:54:23 +0000 2009", "contributors_enabled": false, "time_zone": null, "protected": false, "default_profile": false, "is_translator": false}, "geo": null, "in_reply_to_user_id_str": "87818409", "lang": "en", "created_at": "Wed Jan 07 11:58:04 +0000 2015", "in_reply_to_status_id_str": "552791578893619200", "place": null}
