{"contributors": null, "truncated": false, "text": "\u201c@guardian: Eleven dead in shooting at Paris offices of satirical magazine Charlie Hebdo live updates http://t.co/gdG7LUx7US\u201d how horrific!", "in_reply_to_status_id": 552791578893619200, "id": 552795831599120384, "favorite_count": 0, "source": "<a href=\"http://twitter.com/download/iphone\" rel=\"nofollow\">Twitter for iPhone</a>", "retweeted": false, "coordinates": null, "entities": {"symbols": [], "user_mentions": [{"id": 87818409, "indices": [1, 10], "id_str": "87818409", "screen_name": "guardian", "name": "The Guardian"}], "hashtags": [], "urls": [{"url": "http://t.co/gdG7LUx7US", "indices": [102, 124], "expanded_url": "http://trib.al/tEfm9Sz", "display_url": "trib.al/tEfm9Sz"}]}, "in_reply_to_screen_name": "guardian", "id_str": "552795831599120384", "retweet_count": 0, "in_reply_to_user_id": 87818409, "favorited": false, "user": {"follow_request_sent": false, "profile_use_background_image": true, "profile_text_color": "333333", "default_profile_image": false, "id": 322703767, "profile_background_image_url_https": "https://abs.twimg.com/images/themes/theme1/bg.png", "verified": false, "profile_location": null, "profile_image_url_https": "https://pbs.twimg.com/profile_images/1499890960/DSCF2297_-_Copy_-_Copy__537x1024__normal.jpg", "profile_sidebar_fill_color": "DDEEF6", "entities": {"description": {"urls": []}}, "followers_count": 48, "profile_sidebar_border_color": "C0DEED", "id_str": "322703767", "profile_background_color": "C0DEED", "listed_count": 1, "is_translation_enabled": false, "utc_offset": null, "statuses_count": 71, "description": "", "friends_count": 148, "location": "", "profile_link_color": "0084B4", "profile_image_url": "http://pbs.twimg.com/profile_images/1499890960/DSCF2297_-_Copy_-_Copy__537x1024__normal.jpg", "following": false, "geo_enabled": false, "profile_banner_url": "https://pbs.twimg.com/profile_banners/322703767/1398946493", "profile_background_image_url": "http://abs.twimg.com/images/themes/theme1/bg.png", "name": "Natalie Fitchett", "lang": "en", "profile_background_tile": false, "favourites_count": 4, "screen_name": "NatalieFitchett", "notifications": false, "url": null, "created_at": "Thu Jun 23 16:19:07 +0000 2011", "contributors_enabled": false, "time_zone": null, "protected": false, "default_profile": true, "is_translator": false}, "geo": null, "in_reply_to_user_id_str": "87818409", "possibly_sensitive": false, "lang": "en", "created_at": "Wed Jan 07 11:56:11 +0000 2015", "in_reply_to_status_id_str": "552791578893619200", "place": null}
