{"contributors": null, "truncated": false, "text": "\u201c@guardian: Eleven dead in shooting at Paris offices of satirical magazine Charlie Hebdo  http://t.co/6D2Z9UEwnx\u201d - just horrific", "in_reply_to_status_id": 552791578893619200, "id": 552792351413133312, "favorite_count": 0, "source": "<a href=\"http://twitter.com/download/iphone\" rel=\"nofollow\">Twitter for iPhone</a>", "retweeted": false, "coordinates": null, "entities": {"symbols": [], "user_mentions": [{"id": 87818409, "indices": [1, 10], "id_str": "87818409", "screen_name": "guardian", "name": "The Guardian"}], "hashtags": [], "urls": [{"url": "http://t.co/6D2Z9UEwnx", "indices": [90, 112], "expanded_url": "http://trib.al/tEfm9Sz", "display_url": "trib.al/tEfm9Sz"}]}, "in_reply_to_screen_name": "guardian", "id_str": "552792351413133312", "retweet_count": 0, "in_reply_to_user_id": 87818409, "favorited": false, "user": {"follow_request_sent": false, "profile_use_background_image": true, "profile_text_color": "333333", "default_profile_image": false, "id": 547651065, "profile_background_image_url_https": "https://abs.twimg.com/images/themes/theme1/bg.png", "verified": false, "profile_location": null, "profile_image_url_https": "https://pbs.twimg.com/profile_images/466978819044171777/-q8VdmQi_normal.jpeg", "profile_sidebar_fill_color": "DDEEF6", "entities": {"url": {"urls": [{"url": "http://t.co/WifkAonAzP", "indices": [0, 22], "expanded_url": "http://tomfoster75.wordpress.com/", "display_url": "tomfoster75.wordpress.com"}]}, "description": {"urls": []}}, "followers_count": 76, "profile_sidebar_border_color": "C0DEED", "id_str": "547651065", "profile_background_color": "C0DEED", "listed_count": 1, "is_translation_enabled": false, "utc_offset": 3600, "statuses_count": 1615, "description": "Work in B2B tech PR, tweet about a lot of things from politics to funny youtube videos, check my website for articles I've written", "friends_count": 311, "location": "", "profile_link_color": "0084B4", "profile_image_url": "http://pbs.twimg.com/profile_images/466978819044171777/-q8VdmQi_normal.jpeg", "following": false, "geo_enabled": false, "profile_banner_url": "https://pbs.twimg.com/profile_banners/547651065/1400171484", "profile_background_image_url": "http://abs.twimg.com/images/themes/theme1/bg.png", "name": "Tom Foster", "lang": "en", "profile_background_tile": false, "favourites_count": 6, "screen_name": "Tom_Foster75", "notifications": false, "url": "http://t.co/WifkAonAzP", "created_at": "Sat Apr 07 12:29:02 +0000 2012", "contributors_enabled": false, "time_zone": "Amsterdam", "protected": false, "default_profile": true, "is_translator": false}, "geo": null, "in_reply_to_user_id_str": "87818409", "possibly_sensitive": false, "lang": "en", "created_at": "Wed Jan 07 11:42:21 +0000 2015", "in_reply_to_status_id_str": "552791578893619200", "place": null}
