{"contributors": null, "truncated": false, "text": "Shit ...\u201c@guardian: Eleven dead in shooting at Paris offices of satirical magazine Charlie Hebdo \u2013 live updates http://t.co/ENXAuuRuyv\u201d", "in_reply_to_status_id": 552791578893619200, "id": 552792826216329217, "favorite_count": 0, "source": "<a href=\"http://twitter.com/download/iphone\" rel=\"nofollow\">Twitter for iPhone</a>", "retweeted": false, "coordinates": {"type": "Point", "coordinates": [85.33877712, 27.67328948]}, "entities": {"symbols": [], "user_mentions": [{"id": 87818409, "indices": [9, 18], "id_str": "87818409", "screen_name": "guardian", "name": "The Guardian"}], "hashtags": [], "urls": [{"url": "http://t.co/ENXAuuRuyv", "indices": [112, 134], "expanded_url": "http://trib.al/tEfm9Sz", "display_url": "trib.al/tEfm9Sz"}]}, "in_reply_to_screen_name": "guardian", "id_str": "552792826216329217", "retweet_count": 0, "in_reply_to_user_id": 87818409, "favorited": false, "user": {"follow_request_sent": false, "profile_use_background_image": true, "profile_text_color": "333333", "default_profile_image": false, "id": 70352340, "profile_background_image_url_https": "https://abs.twimg.com/images/themes/theme1/bg.png", "verified": false, "profile_location": null, "profile_image_url_https": "https://pbs.twimg.com/profile_images/487986937165131776/fRkLLUsF_normal.jpeg", "profile_sidebar_fill_color": "DDEEF6", "entities": {"description": {"urls": []}}, "followers_count": 9242, "profile_sidebar_border_color": "C0DEED", "id_str": "70352340", "profile_background_color": "C0DEED", "listed_count": 42, "is_translation_enabled": false, "utc_offset": 20700, "statuses_count": 8684, "description": "I am a journalist. Making documentary is my passion.", "friends_count": 536, "location": "Kathmandu", "profile_link_color": "0084B4", "profile_image_url": "http://pbs.twimg.com/profile_images/487986937165131776/fRkLLUsF_normal.jpeg", "following": false, "geo_enabled": true, "profile_banner_url": "https://pbs.twimg.com/profile_banners/70352340/1398336310", "profile_background_image_url": "http://abs.twimg.com/images/themes/theme1/bg.png", "name": "Girish Giri", "lang": "en", "profile_background_tile": false, "favourites_count": 1131, "screen_name": "Birgunj", "notifications": false, "url": null, "created_at": "Mon Aug 31 09:17:02 +0000 2009", "contributors_enabled": false, "time_zone": "Kathmandu", "protected": false, "default_profile": true, "is_translator": false}, "geo": {"type": "Point", "coordinates": [27.67328948, 85.33877712]}, "in_reply_to_user_id_str": "87818409", "possibly_sensitive": false, "lang": "en", "created_at": "Wed Jan 07 11:44:14 +0000 2015", "in_reply_to_status_id_str": "552791578893619200", "place": {"full_name": "Nepal", "url": "https://api.twitter.com/1.1/geo/id/f1d3a53f8a3cc7e9.json", "country": "Nepal", "place_type": "country", "bounding_box": {"type": "Polygon", "coordinates": [[[80.0633414, 26.3483092], [88.2026997, 26.3483092], [88.2026997, 30.4333897], [80.0633414, 30.4333897]]]}, "contained_within": [], "country_code": "NP", "attributes": {}, "id": "f1d3a53f8a3cc7e9", "name": "Nepal"}}
