{"contributors": null, "truncated": false, "text": "Appalling and so tragic. \u201c@guardian: 11 dead in shooting at Paris offices of satirical magazine Charlie Hebdo http://t.co/KJYnGV41fM\u201d", "in_reply_to_status_id": 552791578893619200, "id": 552810884314443776, "favorite_count": 0, "source": "<a href=\"http://twitter.com/download/iphone\" rel=\"nofollow\">Twitter for iPhone</a>", "retweeted": false, "coordinates": null, "entities": {"symbols": [], "user_mentions": [{"id": 87818409, "indices": [26, 35], "id_str": "87818409", "screen_name": "guardian", "name": "The Guardian"}], "hashtags": [], "urls": [{"url": "http://t.co/KJYnGV41fM", "indices": [110, 132], "expanded_url": "http://trib.al/tEfm9Sz", "display_url": "trib.al/tEfm9Sz"}]}, "in_reply_to_screen_name": "guardian", "id_str": "552810884314443776", "retweet_count": 0, "in_reply_to_user_id": 87818409, "favorited": false, "user": {"follow_request_sent": false, "profile_use_background_image": false, "profile_text_color": "362720", "default_profile_image": false, "id": 19921624, "profile_background_image_url_https": "https://pbs.twimg.com/profile_background_images/735224361/8d8b6cb32f01572388f17f26f91957b8.jpeg", "verified": false, "profile_location": null, "profile_image_url_https": "https://pbs.twimg.com/profile_images/472106636430295041/YjLl2WVQ_normal.jpeg", "profile_sidebar_fill_color": "E5507E", "entities": {"url": {"urls": [{"url": "http://t.co/ghrG274KVY", "indices": [0, 22], "expanded_url": "http://instagram.com/ishittheenot", "display_url": "instagram.com/ishittheenot"}]}, "description": {"urls": []}}, "followers_count": 790, "profile_sidebar_border_color": "FFFFFF", "id_str": "19921624", "profile_background_color": "F9FCFC", "listed_count": 8, "is_translation_enabled": false, "utc_offset": 3600, "statuses_count": 4167, "description": "I like monkeys, midgets, broccoli and penguins... Bookings Editor at ELLE UK, all views my own etc.", "friends_count": 1545, "location": "Hackney", "profile_link_color": "000000", "profile_image_url": "http://pbs.twimg.com/profile_images/472106636430295041/YjLl2WVQ_normal.jpeg", "following": false, "geo_enabled": false, "profile_banner_url": "https://pbs.twimg.com/profile_banners/19921624/1420626429", "profile_background_image_url": "http://pbs.twimg.com/profile_background_images/735224361/8d8b6cb32f01572388f17f26f91957b8.jpeg", "name": "Rosita Chiquita", "lang": "en", "profile_background_tile": false, "favourites_count": 402, "screen_name": "RosieBendandi", "notifications": false, "url": "http://t.co/ghrG274KVY", "created_at": "Mon Feb 02 18:38:43 +0000 2009", "contributors_enabled": false, "time_zone": "Amsterdam", "protected": false, "default_profile": false, "is_translator": false}, "geo": null, "in_reply_to_user_id_str": "87818409", "possibly_sensitive": false, "lang": "en", "created_at": "Wed Jan 07 12:56:00 +0000 2015", "in_reply_to_status_id_str": "552791578893619200", "place": null}
