{"contributors":null,"truncated":false,"text":"@galaturco @guardian Your prophet? Laughable your book is cut and pasted Torah and Christian translation. Scourge of the planet = ISLAM","in_reply_to_status_id":552791675379400705,"id":552824748879925248,"favorite_count":1,"source":"<a href=\"http:\/\/twitter.com\/download\/android\" rel=\"nofollow\">Twitter for Android<\/a>","retweeted":false,"coordinates":null,"entities":{"symbols":[],"user_mentions":[{"id":2464502209,"indices":[0,10],"id_str":"2464502209","screen_name":"galaturco","name":"GALA TURCO"},{"id":87818409,"indices":[11,20],"id_str":"87818409","screen_name":"guardian","name":"The Guardian"}],"hashtags":[],"urls":[]},"in_reply_to_screen_name":"galaturco","id_str":"552824748879925248","retweet_count":1,"in_reply_to_user_id":2464502209,"favorited":false,"user":{"follow_request_sent":false,"profile_use_background_image":true,"profile_text_color":"868383","default_profile_image":false,"id":18345755,"profile_background_image_url_https":"https:\/\/pbs.twimg.com\/profile_background_images\/58694120\/nvcloseup.jpg","verified":false,"profile_location":null,"profile_image_url_https":"https:\/\/pbs.twimg.com\/profile_images\/560845729426468865\/xF9HDDx6_normal.jpeg","profile_sidebar_fill_color":"1C2A36","entities":{"url":{"urls":[{"url":"http:\/\/t.co\/cdZQpZ7SVm","indices":[0,22],"expanded_url":"http:\/\/www.linkedin.com\/in\/realtimellc","display_url":"linkedin.com\/in\/realtimellc"}]},"description":{"urls":[]}},"followers_count":300,"profile_sidebar_border_color":"FFFFFF","id_str":"18345755","profile_background_color":"000000","listed_count":7,"is_translation_enabled":false,"utc_offset":-18000,"statuses_count":4212,"description":"empathy and education = the way","friends_count":297,"location":"(516) 487-3459","profile_link_color":"F5ABB5","profile_image_url":"http:\/\/pbs.twimg.com\/profile_images\/560845729426468865\/xF9HDDx6_normal.jpeg","following":false,"geo_enabled":true,"profile_banner_url":"https:\/\/pbs.twimg.com\/profile_banners\/18345755\/1421594299","profile_background_image_url":"http:\/\/pbs.twimg.com\/profile_background_images\/58694120\/nvcloseup.jpg","name":"mastergame","lang":"en","profile_background_tile":false,"favourites_count":225,"screen_name":"mastergame","notifications":false,"url":"http:\/\/t.co\/cdZQpZ7SVm","created_at":"Tue Dec 23 23:58:47 +0000 2008","contributors_enabled":false,"time_zone":"Eastern Time (US & Canada)","protected":false,"default_profile":false,"is_translator":false},"geo":null,"in_reply_to_user_id_str":"2464502209","lang":"en","created_at":"Wed Jan 07 13:51:05 +0000 2015","in_reply_to_status_id_str":"552791675379400705","place":null}