{"contributors": null, "truncated": false, "text": "@guardian it's painful and inhuman to kill innocent people, \nNo religion permits it.", "in_reply_to_status_id": 552791578893619200, "id": 552822387448631296, "favorite_count": 0, "source": "<a href=\"http://twitter.com/download/android\" rel=\"nofollow\">Twitter for Android</a>", "retweeted": false, "coordinates": null, "entities": {"symbols": [], "user_mentions": [{"id": 87818409, "indices": [0, 9], "id_str": "87818409", "screen_name": "guardian", "name": "The Guardian"}], "hashtags": [], "urls": []}, "in_reply_to_screen_name": "guardian", "id_str": "552822387448631296", "retweet_count": 0, "in_reply_to_user_id": 87818409, "favorited": false, "user": {"follow_request_sent": false, "profile_use_background_image": true, "profile_text_color": "333333", "default_profile_image": false, "id": 2496651422, "profile_background_image_url_https": "https://abs.twimg.com/images/themes/theme1/bg.png", "verified": false, "profile_location": null, "profile_image_url_https": "https://pbs.twimg.com/profile_images/469695640402796544/w5xXzCIf_normal.jpeg", "profile_sidebar_fill_color": "DDEEF6", "entities": {"description": {"urls": []}}, "followers_count": 25, "profile_sidebar_border_color": "C0DEED", "id_str": "2496651422", "profile_background_color": "C0DEED", "listed_count": 1, "is_translation_enabled": false, "utc_offset": null, "statuses_count": 40, "description": "i m a kv teacher n teach Economics, I b'long to Breilly(u.p)", "friends_count": 155, "location": "bareilly(u.p) India", "profile_link_color": "0084B4", "profile_image_url": "http://pbs.twimg.com/profile_images/469695640402796544/w5xXzCIf_normal.jpeg", "following": false, "geo_enabled": false, "profile_background_image_url": "http://abs.twimg.com/images/themes/theme1/bg.png", "name": "khan iqbal akhtar", "lang": "en", "profile_background_tile": false, "favourites_count": 49, "screen_name": "khaniqbalakhta1", "notifications": false, "url": null, "created_at": "Thu May 15 16:09:18 +0000 2014", "contributors_enabled": false, "time_zone": null, "protected": false, "default_profile": true, "is_translator": false}, "geo": null, "in_reply_to_user_id_str": "87818409", "lang": "en", "created_at": "Wed Jan 07 13:41:42 +0000 2015", "in_reply_to_status_id_str": "552791578893619200", "place": null}
