{"contributors": null, "truncated": false, "text": "\u201c@guardian: Eleven dead in shooting at Paris offices of satirical magazine Charlie Hebdo \u2013 live updates http://t.co/5aCd8u1xsY\u201d \ud83d\ude4f #Prayers", "in_reply_to_status_id": 552791578893619200, "id": 552808830598262785, "favorite_count": 0, "source": "<a href=\"http://twitter.com/download/iphone\" rel=\"nofollow\">Twitter for iPhone</a>", "retweeted": false, "coordinates": null, "entities": {"symbols": [], "user_mentions": [{"id": 87818409, "indices": [1, 10], "id_str": "87818409", "screen_name": "guardian", "name": "The Guardian"}], "hashtags": [{"indices": [130, 138], "text": "Prayers"}], "urls": [{"url": "http://t.co/5aCd8u1xsY", "indices": [104, 126], "expanded_url": "http://trib.al/tEfm9Sz", "display_url": "trib.al/tEfm9Sz"}]}, "in_reply_to_screen_name": "guardian", "id_str": "552808830598262785", "retweet_count": 0, "in_reply_to_user_id": 87818409, "favorited": false, "user": {"follow_request_sent": false, "profile_use_background_image": true, "profile_text_color": "261818", "default_profile_image": false, "id": 56917394, "profile_background_image_url_https": "https://pbs.twimg.com/profile_background_images/850072662/3f5aff9b79b7279c67c832f0aedc8bb9.jpeg", "verified": false, "profile_location": null, "profile_image_url_https": "https://pbs.twimg.com/profile_images/3150432269/035f4e9f7d6ccdfbba0197a4ec464cd0_normal.jpeg", "profile_sidebar_fill_color": "366B3D", "entities": {"url": {"urls": [{"url": "http://t.co/XeS5lO1NQP", "indices": [0, 22], "expanded_url": "http://www.fingerscrossedandfairydust.com", "display_url": "fingerscrossedandfairydust.com"}]}, "description": {"urls": []}}, "followers_count": 3022, "profile_sidebar_border_color": "FFFFFF", "id_str": "56917394", "profile_background_color": "067583", "listed_count": 35, "is_translation_enabled": false, "utc_offset": -21600, "statuses_count": 27354, "description": "ChangeUrThinkingChangeUrLife Shook up the #SnowGlobeOfMyLife #LadyBugsRock #Reiki #Entrepreneur #ChronicPain #Fibro #Linkedin #Instagramvjshordee", "friends_count": 2604, "location": "#StateOfTransition SK CA", "profile_link_color": "104047", "profile_image_url": "http://pbs.twimg.com/profile_images/3150432269/035f4e9f7d6ccdfbba0197a4ec464cd0_normal.jpeg", "following": false, "geo_enabled": false, "profile_banner_url": "https://pbs.twimg.com/profile_banners/56917394/1366679068", "profile_background_image_url": "http://pbs.twimg.com/profile_background_images/850072662/3f5aff9b79b7279c67c832f0aedc8bb9.jpeg", "name": "I AM _________", "lang": "en", "profile_background_tile": true, "favourites_count": 7026, "screen_name": "VJShordee444", "notifications": false, "url": "http://t.co/XeS5lO1NQP", "created_at": "Wed Jul 15 03:54:01 +0000 2009", "contributors_enabled": false, "time_zone": "Central Time (US & Canada)", "protected": false, "default_profile": false, "is_translator": false}, "geo": null, "in_reply_to_user_id_str": "87818409", "possibly_sensitive": false, "lang": "en", "created_at": "Wed Jan 07 12:47:50 +0000 2015", "in_reply_to_status_id_str": "552791578893619200", "place": null}
