{"contributors": null, "truncated": false, "text": "@guardian actually 12 dead #Charlie Hebdo", "in_reply_to_status_id": 552791578893619200, "id": 552818611015131136, "favorite_count": 0, "source": "<a href=\"http://twitter.com/download/iphone\" rel=\"nofollow\">Twitter for iPhone</a>", "retweeted": false, "coordinates": null, "entities": {"symbols": [], "user_mentions": [{"id": 87818409, "indices": [0, 9], "id_str": "87818409", "screen_name": "guardian", "name": "The Guardian"}], "hashtags": [{"indices": [27, 35], "text": "Charlie"}], "urls": []}, "in_reply_to_screen_name": "guardian", "id_str": "552818611015131136", "retweet_count": 0, "in_reply_to_user_id": 87818409, "favorited": false, "user": {"follow_request_sent": false, "profile_use_background_image": true, "profile_text_color": "333333", "default_profile_image": false, "id": 90181058, "profile_background_image_url_https": "https://abs.twimg.com/images/themes/theme1/bg.png", "verified": false, "profile_location": null, "profile_image_url_https": "https://pbs.twimg.com/profile_images/1653555217/image_normal.jpg", "profile_sidebar_fill_color": "DDEEF6", "entities": {"description": {"urls": []}}, "followers_count": 20, "profile_sidebar_border_color": "C0DEED", "id_str": "90181058", "profile_background_color": "C0DEED", "listed_count": 0, "is_translation_enabled": false, "utc_offset": null, "statuses_count": 293, "description": "Don't worry, be happy !!", "friends_count": 115, "location": "france", "profile_link_color": "0084B4", "profile_image_url": "http://pbs.twimg.com/profile_images/1653555217/image_normal.jpg", "following": false, "geo_enabled": false, "profile_banner_url": "https://pbs.twimg.com/profile_banners/90181058/1348410539", "profile_background_image_url": "http://abs.twimg.com/images/themes/theme1/bg.png", "name": "nelly gallois", "lang": "en", "profile_background_tile": false, "favourites_count": 11, "screen_name": "sensea30", "notifications": false, "url": null, "created_at": "Sun Nov 15 15:20:38 +0000 2009", "contributors_enabled": false, "time_zone": null, "protected": false, "default_profile": true, "is_translator": false}, "geo": null, "in_reply_to_user_id_str": "87818409", "lang": "en", "created_at": "Wed Jan 07 13:26:42 +0000 2015", "in_reply_to_status_id_str": "552791578893619200", "place": null}
