{"contributors":null,"truncated":false,"text":"@RT_com so aljazeera report on rocket launcher then edit link","in_reply_to_status_id":552834961762709505,"id":552836509074591748,"favorite_count":0,"source":"<a href=\"https:\/\/mobile.twitter.com\" rel=\"nofollow\">Mobile Web (M5)<\/a>","retweeted":false,"coordinates":null,"entities":{"symbols":[],"user_mentions":[{"id":64643056,"indices":[0,7],"id_str":"64643056","screen_name":"RT_com","name":"RT"}],"hashtags":[],"urls":[]},"in_reply_to_screen_name":"RT_com","id_str":"552836509074591748","retweet_count":0,"in_reply_to_user_id":64643056,"favorited":false,"user":{"follow_request_sent":false,"profile_use_background_image":true,"profile_text_color":"4A66C1","default_profile_image":false,"id":236684588,"profile_background_image_url_https":"https:\/\/pbs.twimg.com\/profile_background_images\/855541365\/0d0b9ded3ede183c30b139fe63bf6d05.jpeg","verified":false,"profile_location":null,"profile_image_url_https":"https:\/\/pbs.twimg.com\/profile_images\/575137824426557440\/IeOrUBO5_normal.jpeg","profile_sidebar_fill_color":"0E0E0E","entities":{"description":{"urls":[]}},"followers_count":166,"profile_sidebar_border_color":"4A66C1","id_str":"236684588","profile_background_color":"000000","listed_count":3,"is_translation_enabled":false,"utc_offset":-36000,"statuses_count":8205,"description":"Compiler of Evidence  Aspiring Humanoid  Listener  Speaker  Mother   Australian","friends_count":348,"location":"Warrundinji","profile_link_color":"B8C5C6","profile_image_url":"http:\/\/pbs.twimg.com\/profile_images\/575137824426557440\/IeOrUBO5_normal.jpeg","following":false,"geo_enabled":false,"profile_banner_url":"https:\/\/pbs.twimg.com\/profile_banners\/236684588\/1415242122","profile_background_image_url":"http:\/\/pbs.twimg.com\/profile_background_images\/855541365\/0d0b9ded3ede183c30b139fe63bf6d05.jpeg","name":"Maggie Pie","lang":"en","profile_background_tile":false,"favourites_count":652,"screen_name":"adlitammm","notifications":false,"url":null,"created_at":"Tue Jan 11 04:11:19 +0000 2011","contributors_enabled":false,"time_zone":"Hawaii","protected":false,"default_profile":false,"is_translator":false},"geo":null,"in_reply_to_user_id_str":"64643056","lang":"en","created_at":"Wed Jan 07 14:37:49 +0000 2015","in_reply_to_status_id_str":"552834961762709505","place":null}