{"contributors": null, "truncated": false, "text": "@RT_com I hope the French get all \"Foreign Legion\" on their ass and put the crosshairs where they should be....", "in_reply_to_status_id": 552834961762709505, "id": 552836259433828352, "favorite_count": 0, "source": "<a href=\"http://twitter.com/download/iphone\" rel=\"nofollow\">Twitter for iPhone</a>", "retweeted": false, "coordinates": null, "entities": {"symbols": [], "user_mentions": [{"id": 64643056, "indices": [0, 7], "id_str": "64643056", "screen_name": "RT_com", "name": "RT"}], "hashtags": [], "urls": []}, "in_reply_to_screen_name": "RT_com", "id_str": "552836259433828352", "retweet_count": 0, "in_reply_to_user_id": 64643056, "favorited": false, "user": {"follow_request_sent": false, "profile_use_background_image": true, "profile_text_color": "333333", "default_profile_image": false, "id": 1240917696, "profile_background_image_url_https": "https://abs.twimg.com/images/themes/theme1/bg.png", "verified": false, "profile_location": null, "profile_image_url_https": "https://pbs.twimg.com/profile_images/522331419381485569/JRgzHzue_normal.jpeg", "profile_sidebar_fill_color": "DDEEF6", "entities": {"description": {"urls": []}}, "followers_count": 1786, "profile_sidebar_border_color": "C0DEED", "id_str": "1240917696", "profile_background_color": "C0DEED", "listed_count": 24, "is_translation_enabled": false, "utc_offset": 39600, "statuses_count": 37819, "description": "Wordboarding, Trollslaying, Humourspreading, Foot-in-Mouth Specialist, Spade Calling Shovel Wrangler, Social Misfit, FairGo Believer. #DEXTERSMATES", "friends_count": 1962, "location": "Australia", "profile_link_color": "0084B4", "profile_image_url": "http://pbs.twimg.com/profile_images/522331419381485569/JRgzHzue_normal.jpeg", "following": false, "geo_enabled": false, "profile_banner_url": "https://pbs.twimg.com/profile_banners/1240917696/1378198672", "profile_background_image_url": "http://abs.twimg.com/images/themes/theme1/bg.png", "name": "Chedz", "lang": "en", "profile_background_tile": false, "favourites_count": 25140, "screen_name": "chedz007", "notifications": false, "url": null, "created_at": "Mon Mar 04 09:15:04 +0000 2013", "contributors_enabled": false, "time_zone": "Sydney", "protected": false, "default_profile": true, "is_translator": false}, "geo": null, "in_reply_to_user_id_str": "64643056", "lang": "en", "created_at": "Wed Jan 07 14:36:50 +0000 2015", "in_reply_to_status_id_str": "552834961762709505", "place": null}
