{"contributors":null,"truncated":false,"text":"@RT_com Means RPG.","in_reply_to_status_id":552834961762709505,"id":552835533009727488,"favorite_count":0,"source":"<a href=\"http:\/\/twitter.com\/download\/android\" rel=\"nofollow\">Twitter for Android<\/a>","retweeted":false,"coordinates":null,"entities":{"symbols":[],"user_mentions":[{"id":64643056,"indices":[0,7],"id_str":"64643056","screen_name":"RT_com","name":"RT"}],"hashtags":[],"urls":[]},"in_reply_to_screen_name":"RT_com","id_str":"552835533009727488","retweet_count":0,"in_reply_to_user_id":64643056,"favorited":false,"user":{"follow_request_sent":false,"profile_use_background_image":true,"profile_text_color":"333333","default_profile_image":false,"id":1215196814,"profile_background_image_url_https":"https:\/\/abs.twimg.com\/images\/themes\/theme15\/bg.png","verified":false,"profile_location":null,"profile_image_url_https":"https:\/\/pbs.twimg.com\/profile_images\/582557016276619264\/aozzRVCY_normal.jpg","profile_sidebar_fill_color":"C0DFEC","entities":{"description":{"urls":[]}},"followers_count":206,"profile_sidebar_border_color":"A8C7F7","id_str":"1215196814","profile_background_color":"022330","listed_count":5,"is_translation_enabled":false,"utc_offset":19800,"statuses_count":23906,"description":"Joined twitter late in the day.","friends_count":252,"location":"Hyderabad, India","profile_link_color":"0084B4","profile_image_url":"http:\/\/pbs.twimg.com\/profile_images\/582557016276619264\/aozzRVCY_normal.jpg","following":false,"geo_enabled":false,"profile_banner_url":"https:\/\/pbs.twimg.com\/profile_banners\/1215196814\/1419051301","profile_background_image_url":"http:\/\/abs.twimg.com\/images\/themes\/theme15\/bg.png","name":"Aijaz ","lang":"en","profile_background_tile":false,"favourites_count":1549,"screen_name":"aijazmoin","notifications":false,"url":null,"created_at":"Sun Feb 24 11:11:00 +0000 2013","contributors_enabled":false,"time_zone":"Chennai","protected":false,"default_profile":false,"is_translator":false},"geo":null,"in_reply_to_user_id_str":"64643056","lang":"en","created_at":"Wed Jan 07 14:33:56 +0000 2015","in_reply_to_status_id_str":"552834961762709505","place":null}