{"contributors":null,"truncated":false,"text":"Scary! @RT_com 3 #CharlieHebdo attackers with AK-47 rifles &amp; reportedly rocket-propelled grenade still at large http:\/\/t.co\/w1qvKefN2d","in_reply_to_status_id":552834961762709505,"id":552840744210161664,"favorite_count":3,"source":"<a href=\"http:\/\/twitter.com\" rel=\"nofollow\">Twitter Web Client<\/a>","retweeted":false,"coordinates":null,"entities":{"symbols":[],"user_mentions":[{"id":64643056,"indices":[7,14],"id_str":"64643056","screen_name":"RT_com","name":"RT"}],"hashtags":[{"indices":[17,30],"text":"CharlieHebdo"}],"urls":[{"url":"http:\/\/t.co\/w1qvKefN2d","indices":[116,138],"expanded_url":"http:\/\/on.rt.com\/k5ivya","display_url":"on.rt.com\/k5ivya"}]},"in_reply_to_screen_name":"RT_com","id_str":"552840744210161664","retweet_count":1,"in_reply_to_user_id":64643056,"favorited":false,"user":{"follow_request_sent":false,"profile_use_background_image":true,"profile_text_color":"333333","default_profile_image":false,"id":73043514,"profile_background_image_url_https":"https:\/\/abs.twimg.com\/images\/themes\/theme1\/bg.png","verified":true,"profile_location":null,"profile_image_url_https":"https:\/\/pbs.twimg.com\/profile_images\/580980421170585601\/t4B3resu_normal.jpg","profile_sidebar_fill_color":"DDEEF6","entities":{"description":{"urls":[]}},"followers_count":21288,"profile_sidebar_border_color":"C0DEED","id_str":"73043514","profile_background_color":"C0DEED","listed_count":230,"is_translation_enabled":false,"utc_offset":19800,"statuses_count":15984,"description":"Environment reporter\/News anchor with NDTV 24X7\r\nRetweets not endorsements. Twitter needs a sarcasm alert","friends_count":418,"location":"Delhi, India","profile_link_color":"0084B4","profile_image_url":"http:\/\/pbs.twimg.com\/profile_images\/580980421170585601\/t4B3resu_normal.jpg","following":false,"geo_enabled":false,"profile_banner_url":"https:\/\/pbs.twimg.com\/profile_banners\/73043514\/1393841892","profile_background_image_url":"http:\/\/abs.twimg.com\/images\/themes\/theme1\/bg.png","name":"Gargi Rawat","lang":"en","profile_background_tile":false,"favourites_count":1814,"screen_name":"GargiRawat","notifications":false,"url":null,"created_at":"Thu Sep 10 04:45:45 +0000 2009","contributors_enabled":false,"time_zone":"New Delhi","protected":false,"default_profile":true,"is_translator":false},"geo":null,"in_reply_to_user_id_str":"64643056","possibly_sensitive":false,"lang":"en","created_at":"Wed Jan 07 14:54:39 +0000 2015","in_reply_to_status_id_str":"552834961762709505","place":null}