{"contributors": null, "truncated": false, "text": "@RT_com now that is better grammar", "in_reply_to_status_id": 552834961762709505, "id": 552835091714416640, "favorite_count": 0, "source": "<a href=\"http://twitter.com\" rel=\"nofollow\">Twitter Web Client</a>", "retweeted": false, "coordinates": null, "entities": {"symbols": [], "user_mentions": [{"id": 64643056, "indices": [0, 7], "id_str": "64643056", "screen_name": "RT_com", "name": "RT"}], "hashtags": [], "urls": []}, "in_reply_to_screen_name": "RT_com", "id_str": "552835091714416640", "retweet_count": 0, "in_reply_to_user_id": 64643056, "favorited": false, "user": {"follow_request_sent": false, "profile_use_background_image": true, "profile_text_color": "333333", "default_profile_image": false, "id": 131395119, "profile_background_image_url_https": "https://pbs.twimg.com/profile_background_images/545981136757719040/uAy0umCX.jpeg", "verified": false, "profile_location": null, "profile_image_url_https": "https://pbs.twimg.com/profile_images/473026619183878146/ux3YG37K_normal.png", "profile_sidebar_fill_color": "EFEFEF", "entities": {"url": {"urls": [{"url": "https://t.co/2F0x5QXnuc", "indices": [0, 23], "expanded_url": "https://twitter.com/sampottorff/status/551910294339866624", "display_url": "twitter.com/sampottorff/st\u2026"}]}, "description": {"urls": []}}, "followers_count": 541, "profile_sidebar_border_color": "000000", "id_str": "131395119", "profile_background_color": "131516", "listed_count": 13, "is_translation_enabled": false, "utc_offset": 28800, "statuses_count": 26996, "description": "Toby Turner makes my ice cream melt , my doughnuts soggy and my steak well done.", "friends_count": 1040, "location": "", "profile_link_color": "880000", "profile_image_url": "http://pbs.twimg.com/profile_images/473026619183878146/ux3YG37K_normal.png", "following": false, "geo_enabled": true, "profile_banner_url": "https://pbs.twimg.com/profile_banners/131395119/1416527940", "profile_background_image_url": "http://pbs.twimg.com/profile_background_images/545981136757719040/uAy0umCX.jpeg", "name": "Sirfa", "lang": "en", "profile_background_tile": false, "favourites_count": 1724, "screen_name": "GoodnightO2L", "notifications": false, "url": "https://t.co/2F0x5QXnuc", "created_at": "Sat Apr 10 04:10:25 +0000 2010", "contributors_enabled": false, "time_zone": "Kuala Lumpur", "protected": false, "default_profile": false, "is_translator": false}, "geo": null, "in_reply_to_user_id_str": "64643056", "lang": "en", "created_at": "Wed Jan 07 14:32:11 +0000 2015", "in_reply_to_status_id_str": "552834961762709505", "place": null}
