{"contributors": null, "truncated": false, "text": "@RT_com The GIGN got there work cut out today lol", "in_reply_to_status_id": 552834961762709505, "id": 552843614389559296, "favorite_count": 0, "source": "<a href=\"http://twitter.com/download/android\" rel=\"nofollow\">Twitter for Android</a>", "retweeted": false, "coordinates": null, "entities": {"symbols": [], "user_mentions": [{"id": 64643056, "indices": [0, 7], "id_str": "64643056", "screen_name": "RT_com", "name": "RT"}], "hashtags": [], "urls": []}, "in_reply_to_screen_name": "RT_com", "id_str": "552843614389559296", "retweet_count": 0, "in_reply_to_user_id": 64643056, "favorited": false, "user": {"follow_request_sent": false, "profile_use_background_image": true, "profile_text_color": "333333", "default_profile_image": false, "id": 2453432296, "profile_background_image_url_https": "https://abs.twimg.com/images/themes/theme1/bg.png", "verified": false, "profile_location": null, "profile_image_url_https": "https://pbs.twimg.com/profile_images/451125210818052096/i1R9EGGY_normal.jpeg", "profile_sidebar_fill_color": "DDEEF6", "entities": {"description": {"urls": []}}, "followers_count": 60, "profile_sidebar_border_color": "C0DEED", "id_str": "2453432296", "profile_background_color": "C0DEED", "listed_count": 2, "is_translation_enabled": false, "utc_offset": null, "statuses_count": 336, "description": "", "friends_count": 398, "location": "", "profile_link_color": "0084B4", "profile_image_url": "http://pbs.twimg.com/profile_images/451125210818052096/i1R9EGGY_normal.jpeg", "following": false, "geo_enabled": false, "profile_banner_url": "https://pbs.twimg.com/profile_banners/2453432296/1396391605", "profile_background_image_url": "http://abs.twimg.com/images/themes/theme1/bg.png", "name": "Chris Robinson", "lang": "en", "profile_background_tile": false, "favourites_count": 866, "screen_name": "akcrusader47", "notifications": false, "url": null, "created_at": "Tue Apr 01 22:15:26 +0000 2014", "contributors_enabled": false, "time_zone": null, "protected": false, "default_profile": true, "is_translator": false}, "geo": null, "in_reply_to_user_id_str": "64643056", "lang": "en", "created_at": "Wed Jan 07 15:06:03 +0000 2015", "in_reply_to_status_id_str": "552834961762709505", "place": null}
