{"contributors":null,"truncated":false,"text":"@RT_com France is paying a big price for been a puppet of Americans","in_reply_to_status_id":552834961762709505,"id":552849852338831360,"favorite_count":1,"source":"<a href=\"http:\/\/www.twitter.com\" rel=\"nofollow\">Twitter for Windows Phone<\/a>","retweeted":false,"coordinates":null,"entities":{"symbols":[],"user_mentions":[{"id":64643056,"indices":[0,7],"id_str":"64643056","screen_name":"RT_com","name":"RT"}],"hashtags":[],"urls":[]},"in_reply_to_screen_name":"RT_com","id_str":"552849852338831360","retweet_count":1,"in_reply_to_user_id":64643056,"favorited":false,"user":{"follow_request_sent":false,"profile_use_background_image":true,"profile_text_color":"333333","default_profile_image":false,"id":2782190170,"profile_background_image_url_https":"https:\/\/abs.twimg.com\/images\/themes\/theme1\/bg.png","verified":false,"profile_location":null,"profile_image_url_https":"https:\/\/pbs.twimg.com\/profile_images\/572009148302417920\/GMEbUe7Y_normal.jpeg","profile_sidebar_fill_color":"DDEEF6","entities":{"description":{"urls":[]}},"followers_count":14,"profile_sidebar_border_color":"C0DEED","id_str":"2782190170","profile_background_color":"C0DEED","listed_count":0,"is_translation_enabled":false,"utc_offset":null,"statuses_count":629,"description":"The world of Hippocrates","friends_count":42,"location":"","profile_link_color":"0084B4","profile_image_url":"http:\/\/pbs.twimg.com\/profile_images\/572009148302417920\/GMEbUe7Y_normal.jpeg","following":false,"geo_enabled":false,"profile_banner_url":"https:\/\/pbs.twimg.com\/profile_banners\/2782190170\/1414138128","profile_background_image_url":"http:\/\/abs.twimg.com\/images\/themes\/theme1\/bg.png","name":"Palo Khaile","lang":"en","profile_background_tile":false,"favourites_count":94,"screen_name":"khaile_Palo","notifications":false,"url":null,"created_at":"Wed Sep 24 05:23:28 +0000 2014","contributors_enabled":false,"time_zone":null,"protected":false,"default_profile":true,"is_translator":false},"geo":null,"in_reply_to_user_id_str":"64643056","lang":"en","created_at":"Wed Jan 07 15:30:50 +0000 2015","in_reply_to_status_id_str":"552834961762709505","place":null}