{"contributors":null,"truncated":false,"text":"@RT_com \n#IslamIsPeace http:\/\/t.co\/lHhiXcsWt9","in_reply_to_status_id":552834961762709505,"id":552836375670562816,"favorite_count":0,"source":"<a href=\"http:\/\/twitter.com\/download\/android\" rel=\"nofollow\">Twitter for Android<\/a>","retweeted":false,"coordinates":null,"entities":{"symbols":[],"user_mentions":[{"id":64643056,"indices":[0,7],"id_str":"64643056","screen_name":"RT_com","name":"RT"}],"hashtags":[{"indices":[9,22],"text":"IslamIsPeace"}],"urls":[],"media":[{"source_user_id":2370908751,"source_status_id_str":"552834879256158208","expanded_url":"http:\/\/twitter.com\/genlady9\/status\/552834879256158208\/photo\/1","display_url":"pic.twitter.com\/lHhiXcsWt9","url":"http:\/\/t.co\/lHhiXcsWt9","media_url_https":"https:\/\/pbs.twimg.com\/media\/B6wQX7sCEAA7ibn.jpg","source_user_id_str":"2370908751","source_status_id":552834879256158208,"id_str":"552834857605140480","sizes":{"large":{"h":302,"resize":"fit","w":440},"small":{"h":233,"resize":"fit","w":340},"medium":{"h":302,"resize":"fit","w":440},"thumb":{"h":150,"resize":"crop","w":150}},"indices":[23,45],"type":"photo","id":552834857605140480,"media_url":"http:\/\/pbs.twimg.com\/media\/B6wQX7sCEAA7ibn.jpg"}]},"in_reply_to_screen_name":"RT_com","id_str":"552836375670562816","retweet_count":0,"in_reply_to_user_id":64643056,"favorited":false,"user":{"follow_request_sent":false,"profile_use_background_image":true,"profile_text_color":"333333","default_profile_image":false,"id":2370908751,"profile_background_image_url_https":"https:\/\/abs.twimg.com\/images\/themes\/theme1\/bg.png","verified":false,"profile_location":null,"profile_image_url_https":"https:\/\/pbs.twimg.com\/profile_images\/586520444863283201\/R1D9mcyC_normal.jpg","profile_sidebar_fill_color":"DDEEF6","entities":{"description":{"urls":[]}},"followers_count":70,"profile_sidebar_border_color":"C0DEED","id_str":"2370908751","profile_background_color":"C0DEED","listed_count":8,"is_translation_enabled":false,"utc_offset":null,"statuses_count":10114,"description":"","friends_count":293,"location":"","profile_link_color":"0084B4","profile_image_url":"http:\/\/pbs.twimg.com\/profile_images\/586520444863283201\/R1D9mcyC_normal.jpg","following":false,"geo_enabled":false,"profile_banner_url":"https:\/\/pbs.twimg.com\/profile_banners\/2370908751\/1394906057","profile_background_image_url":"http:\/\/abs.twimg.com\/images\/themes\/theme1\/bg.png","name":"Zein Brown","lang":"en","profile_background_tile":false,"favourites_count":1714,"screen_name":"genlady9","notifications":false,"url":null,"created_at":"Fri Feb 28 11:29:57 +0000 2014","contributors_enabled":false,"time_zone":null,"protected":false,"default_profile":true,"is_translator":false},"geo":null,"in_reply_to_user_id_str":"64643056","possibly_sensitive":false,"lang":"und","created_at":"Wed Jan 07 14:37:17 +0000 2015","in_reply_to_status_id_str":"552834961762709505","place":null,"extended_entities":{"media":[{"source_user_id":2370908751,"source_status_id_str":"552834879256158208","expanded_url":"http:\/\/twitter.com\/genlady9\/status\/552834879256158208\/photo\/1","display_url":"pic.twitter.com\/lHhiXcsWt9","url":"http:\/\/t.co\/lHhiXcsWt9","media_url_https":"https:\/\/pbs.twimg.com\/media\/B6wQX7sCEAA7ibn.jpg","source_user_id_str":"2370908751","source_status_id":552834879256158208,"id_str":"552834857605140480","sizes":{"large":{"h":302,"resize":"fit","w":440},"small":{"h":233,"resize":"fit","w":340},"medium":{"h":302,"resize":"fit","w":440},"thumb":{"h":150,"resize":"crop","w":150}},"indices":[23,45],"type":"photo","id":552834857605140480,"media_url":"http:\/\/pbs.twimg.com\/media\/B6wQX7sCEAA7ibn.jpg"},{"source_user_id":2370908751,"source_status_id_str":"552834879256158208","expanded_url":"http:\/\/twitter.com\/genlady9\/status\/552834879256158208\/photo\/1","display_url":"pic.twitter.com\/lHhiXcsWt9","url":"http:\/\/t.co\/lHhiXcsWt9","media_url_https":"https:\/\/pbs.twimg.com\/media\/B6wQYZgCAAAOKdw.jpg","source_user_id_str":"2370908751","source_status_id":552834879256158208,"id_str":"552834865607868416","sizes":{"large":{"h":400,"resize":"fit","w":703},"small":{"h":193,"resize":"fit","w":340},"medium":{"h":340,"resize":"fit","w":600},"thumb":{"h":150,"resize":"crop","w":150}},"indices":[23,45],"type":"photo","id":552834865607868416,"media_url":"http:\/\/pbs.twimg.com\/media\/B6wQYZgCAAAOKdw.jpg"},{"source_user_id":2370908751,"source_status_id_str":"552834879256158208","expanded_url":"http:\/\/twitter.com\/genlady9\/status\/552834879256158208\/photo\/1","display_url":"pic.twitter.com\/lHhiXcsWt9","url":"http:\/\/t.co\/lHhiXcsWt9","media_url_https":"https:\/\/pbs.twimg.com\/media\/B6wQYnRCEAAitCB.jpg","source_user_id_str":"2370908751","source_status_id":552834879256158208,"id_str":"552834869303054336","sizes":{"large":{"h":236,"resize":"fit","w":236},"small":{"h":236,"resize":"fit","w":236},"medium":{"h":236,"resize":"fit","w":236},"thumb":{"h":150,"resize":"crop","w":150}},"indices":[23,45],"type":"photo","id":552834869303054336,"media_url":"http:\/\/pbs.twimg.com\/media\/B6wQYnRCEAAitCB.jpg"},{"source_user_id":2370908751,"source_status_id_str":"552834879256158208","expanded_url":"http:\/\/twitter.com\/genlady9\/status\/552834879256158208\/photo\/1","display_url":"pic.twitter.com\/lHhiXcsWt9","url":"http:\/\/t.co\/lHhiXcsWt9","media_url_https":"https:\/\/pbs.twimg.com\/media\/B6wQY-8CYAAKsAb.jpg","source_user_id_str":"2370908751","source_status_id":552834879256158208,"id_str":"552834875657445376","sizes":{"small":{"h":203,"resize":"fit","w":340},"large":{"h":502,"resize":"fit","w":839},"medium":{"h":358,"resize":"fit","w":600},"thumb":{"h":150,"resize":"crop","w":150}},"indices":[23,45],"type":"photo","id":552834875657445376,"media_url":"http:\/\/pbs.twimg.com\/media\/B6wQY-8CYAAKsAb.jpg"}]}}