{"contributors":null,"truncated":false,"text":"@GargiRawat Mam, Can I get DM from you with @NoopurTiwari Mam's contact number for a telephonic reaction on News 24. Would really appreciate","in_reply_to_status_id":552840744210161664,"id":552841806245679104,"favorite_count":0,"source":"<a href=\"https:\/\/about.twitter.com\/products\/tweetdeck\" rel=\"nofollow\">TweetDeck<\/a>","retweeted":false,"coordinates":null,"entities":{"symbols":[],"user_mentions":[{"id":73043514,"indices":[0,11],"id_str":"73043514","screen_name":"GargiRawat","name":"Gargi Rawat"},{"id":94532626,"indices":[44,57],"id_str":"94532626","screen_name":"NoopurTiwari","name":"Noopur Tiwari"}],"hashtags":[],"urls":[]},"in_reply_to_screen_name":"GargiRawat","id_str":"552841806245679104","retweet_count":0,"in_reply_to_user_id":73043514,"favorited":false,"user":{"follow_request_sent":false,"profile_use_background_image":true,"profile_text_color":"333333","default_profile_image":false,"id":1662150878,"profile_background_image_url_https":"https:\/\/abs.twimg.com\/images\/themes\/theme1\/bg.png","verified":false,"profile_location":null,"profile_image_url_https":"https:\/\/pbs.twimg.com\/profile_images\/588570524638257152\/raTZU1Y6_normal.jpg","profile_sidebar_fill_color":"DDEEF6","entities":{"url":{"urls":[{"url":"http:\/\/t.co\/6cdmeBGnl2","indices":[0,22],"expanded_url":"http:\/\/bhavdeepnama.blogspot.com","display_url":"bhavdeepnama.blogspot.com"}]},"description":{"urls":[]}},"followers_count":91,"profile_sidebar_border_color":"C0DEED","id_str":"1662150878","profile_background_color":"C0DEED","listed_count":2,"is_translation_enabled":false,"utc_offset":19800,"statuses_count":2047,"description":"Trainee Editorial Assignment News24. Political Observer. Academy Award\u00ae Watcher. Proud Surd. Gleek. Believer. Dreamer. Sinner turning Saint.","friends_count":1028,"location":"Delhi\/ Noida (INDIA)","profile_link_color":"0B95B8","profile_image_url":"http:\/\/pbs.twimg.com\/profile_images\/588570524638257152\/raTZU1Y6_normal.jpg","following":false,"geo_enabled":true,"profile_background_image_url":"http:\/\/abs.twimg.com\/images\/themes\/theme1\/bg.png","name":"Bhavdeep S Chadha","lang":"en-gb","profile_background_tile":false,"favourites_count":92,"screen_name":"Bhavdeepnama","notifications":false,"url":"http:\/\/t.co\/6cdmeBGnl2","created_at":"Sun Aug 11 09:45:12 +0000 2013","contributors_enabled":false,"time_zone":"New Delhi","protected":false,"default_profile":false,"is_translator":false},"geo":null,"in_reply_to_user_id_str":"73043514","lang":"en","created_at":"Wed Jan 07 14:58:52 +0000 2015","in_reply_to_status_id_str":"552840744210161664","place":null}