{"contributors": null, "truncated": false, "text": "@GargiRawat the ease with these weapons are brandished is a threatening scenario", "in_reply_to_status_id": 552840744210161664, "id": 552860931026604032, "favorite_count": 0, "source": "<a href=\"http://blackberry.com/twitter\" rel=\"nofollow\">Twitter for BlackBerry\u00ae</a>", "retweeted": false, "coordinates": null, "entities": {"symbols": [], "user_mentions": [{"id": 73043514, "indices": [0, 11], "id_str": "73043514", "screen_name": "GargiRawat", "name": "Gargi Rawat"}], "hashtags": [], "urls": []}, "in_reply_to_screen_name": "GargiRawat", "id_str": "552860931026604032", "retweet_count": 0, "in_reply_to_user_id": 73043514, "favorited": false, "user": {"follow_request_sent": false, "profile_use_background_image": true, "profile_text_color": "333333", "default_profile_image": false, "id": 136909997, "profile_background_image_url_https": "https://abs.twimg.com/images/themes/theme1/bg.png", "verified": false, "profile_location": null, "profile_image_url_https": "https://pbs.twimg.com/profile_images/1289266862/vvs_normal.jpg", "profile_sidebar_fill_color": "DDEEF6", "entities": {"description": {"urls": []}}, "followers_count": 280, "profile_sidebar_border_color": "C0DEED", "id_str": "136909997", "profile_background_color": "C0DEED", "listed_count": 3, "is_translation_enabled": false, "utc_offset": 19800, "statuses_count": 1071, "description": "Special Correspondent \r\nSports\r\nThe Hindu", "friends_count": 191, "location": "Hyderabad,India", "profile_link_color": "0084B4", "profile_image_url": "http://pbs.twimg.com/profile_images/1289266862/vvs_normal.jpg", "following": false, "geo_enabled": false, "profile_background_image_url": "http://abs.twimg.com/images/themes/theme1/bg.png", "name": "V V Subrahmanyam", "lang": "en", "profile_background_tile": false, "favourites_count": 1, "screen_name": "hydvvs", "notifications": false, "url": null, "created_at": "Sun Apr 25 07:13:40 +0000 2010", "contributors_enabled": false, "time_zone": "Chennai", "protected": false, "default_profile": true, "is_translator": false}, "geo": null, "in_reply_to_user_id_str": "73043514", "lang": "en", "created_at": "Wed Jan 07 16:14:52 +0000 2015", "in_reply_to_status_id_str": "552840744210161664", "place": null}
