{"contributors":null,"truncated":false,"text":".@GargiRawat @RT_com come on! Surely not as scary as RSS Hindus at large with laathis, right?","in_reply_to_status_id":552840744210161664,"id":552845561896771585,"favorite_count":0,"source":"<a href=\"http:\/\/twitter.com\/download\/iphone\" rel=\"nofollow\">Twitter for iPhone<\/a>","retweeted":false,"coordinates":null,"entities":{"symbols":[],"user_mentions":[{"id":73043514,"indices":[1,12],"id_str":"73043514","screen_name":"GargiRawat","name":"Gargi Rawat"},{"id":64643056,"indices":[13,20],"id_str":"64643056","screen_name":"RT_com","name":"RT"}],"hashtags":[],"urls":[]},"in_reply_to_screen_name":"GargiRawat","id_str":"552845561896771585","retweet_count":0,"in_reply_to_user_id":73043514,"favorited":false,"user":{"follow_request_sent":false,"profile_use_background_image":true,"profile_text_color":"333333","default_profile_image":false,"id":74747435,"profile_background_image_url_https":"https:\/\/abs.twimg.com\/images\/themes\/theme7\/bg.gif","verified":false,"profile_location":null,"profile_image_url_https":"https:\/\/pbs.twimg.com\/profile_images\/583596969160912896\/FP4y5eOh_normal.jpg","profile_sidebar_fill_color":"F3F3F3","entities":{"description":{"urls":[]}},"followers_count":156,"profile_sidebar_border_color":"DFDFDF","id_str":"74747435","profile_background_color":"EBEBEB","listed_count":5,"is_translation_enabled":false,"utc_offset":19800,"statuses_count":3826,"description":"Looking forward to a better India under Mr. Narendra Modi as PM","friends_count":599,"location":"Gurgaon,India","profile_link_color":"990000","profile_image_url":"http:\/\/pbs.twimg.com\/profile_images\/583596969160912896\/FP4y5eOh_normal.jpg","following":false,"geo_enabled":false,"profile_banner_url":"https:\/\/pbs.twimg.com\/profile_banners\/74747435\/1400305957","profile_background_image_url":"http:\/\/abs.twimg.com\/images\/themes\/theme7\/bg.gif","name":"sandeep","lang":"en","profile_background_tile":false,"favourites_count":4628,"screen_name":"sandeepc3","notifications":false,"url":null,"created_at":"Wed Sep 16 14:47:15 +0000 2009","contributors_enabled":false,"time_zone":"Chennai","protected":false,"default_profile":false,"is_translator":false},"geo":null,"in_reply_to_user_id_str":"73043514","lang":"en","created_at":"Wed Jan 07 15:13:47 +0000 2015","in_reply_to_status_id_str":"552840744210161664","place":null}