{"contributors": null, "truncated": false, "text": "@RT_com Crazy Jews! #sarcasm", "in_reply_to_status_id": 552834961762709505, "id": 552835146844737537, "favorite_count": 0, "source": "<a href=\"http://twitter.com\" rel=\"nofollow\">Twitter Web Client</a>", "retweeted": false, "coordinates": null, "entities": {"symbols": [], "user_mentions": [{"id": 64643056, "indices": [0, 7], "id_str": "64643056", "screen_name": "RT_com", "name": "RT"}], "hashtags": [{"indices": [20, 28], "text": "sarcasm"}], "urls": []}, "in_reply_to_screen_name": "RT_com", "id_str": "552835146844737537", "retweet_count": 0, "in_reply_to_user_id": 64643056, "favorited": false, "user": {"follow_request_sent": false, "profile_use_background_image": true, "profile_text_color": "333333", "default_profile_image": false, "id": 21497824, "profile_background_image_url_https": "https://pbs.twimg.com/profile_background_images/284850016/hubble-deep-field-new-1024x890.jpg", "verified": false, "profile_location": null, "profile_image_url_https": "https://pbs.twimg.com/profile_images/426769646629289984/eQ1K-npB_normal.jpeg", "profile_sidebar_fill_color": "EFEFEF", "entities": {"description": {"urls": []}}, "followers_count": 48, "profile_sidebar_border_color": "EEEEEE", "id_str": "21497824", "profile_background_color": "131516", "listed_count": 1, "is_translation_enabled": false, "utc_offset": -18000, "statuses_count": 835, "description": "", "friends_count": 364, "location": "brooklyn", "profile_link_color": "009999", "profile_image_url": "http://pbs.twimg.com/profile_images/426769646629289984/eQ1K-npB_normal.jpeg", "following": false, "geo_enabled": true, "profile_banner_url": "https://pbs.twimg.com/profile_banners/21497824/1390584869", "profile_background_image_url": "http://pbs.twimg.com/profile_background_images/284850016/hubble-deep-field-new-1024x890.jpg", "name": "Steve B", "lang": "en", "profile_background_tile": true, "favourites_count": 36, "screen_name": "mista_be", "notifications": false, "url": null, "created_at": "Sat Feb 21 16:44:45 +0000 2009", "contributors_enabled": false, "time_zone": "Eastern Time (US & Canada)", "protected": false, "default_profile": false, "is_translator": false}, "geo": null, "in_reply_to_user_id_str": "64643056", "lang": "en", "created_at": "Wed Jan 07 14:32:24 +0000 2015", "in_reply_to_status_id_str": "552834961762709505", "place": null}
