{"contributors":null,"truncated":false,"text":"@RT_com  07.01. \u0420\u0435\u0436\u0438\u043c \u0421\u0428\u0410  \u043d\u0430\u043a\u0430\u0437\u0430\u043b \u0424\u0440\u0430\u043d\u0446\u0438\u044e \u0437\u0430 \u0441\u043b\u043e\u0432\u0430 \u041e\u043b\u0430\u043d\u0434\u0430 \u043e \u0441\u043d\u044f\u0442\u0438\u0438 \u0441\u0430\u043d\u043a\u0446\u0438\u0439 \u0441 \u0420\u043e\u0441\u0441\u0438\u0438.","in_reply_to_status_id":552834961762709505,"id":552835235982090241,"favorite_count":0,"source":"<a href=\"http:\/\/twitter.com\" rel=\"nofollow\">Twitter Web Client<\/a>","retweeted":false,"coordinates":null,"entities":{"symbols":[],"user_mentions":[{"id":64643056,"indices":[0,7],"id_str":"64643056","screen_name":"RT_com","name":"RT"}],"hashtags":[],"urls":[]},"in_reply_to_screen_name":"RT_com","id_str":"552835235982090241","retweet_count":0,"in_reply_to_user_id":64643056,"favorited":false,"user":{"follow_request_sent":false,"profile_use_background_image":true,"profile_text_color":"333333","default_profile_image":false,"id":2409045720,"profile_background_image_url_https":"https:\/\/pbs.twimg.com\/profile_background_images\/448169207897669632\/-5TfYmHU.jpeg","verified":false,"profile_location":null,"profile_image_url_https":"https:\/\/pbs.twimg.com\/profile_images\/577482096068820992\/R_-fITAO_normal.jpeg","profile_sidebar_fill_color":"DDEEF6","entities":{"description":{"urls":[]}},"followers_count":25,"profile_sidebar_border_color":"000000","id_str":"2409045720","profile_background_color":"C0DEED","listed_count":1,"is_translation_enabled":false,"utc_offset":14400,"statuses_count":1440,"description":"\u0421\u0432\u043e\u044e \u0436\u0438\u0437\u043d\u044c \u2013 \u043d\u0430\u0434\u043e \u0443\u0441\u0442\u0440\u0430\u0438\u0432\u0430\u0442\u044c \u0434\u043e \u0442\u0435\u0445 \u043f\u043e\u0440, \u043f\u043e\u043a\u0430 \u043e\u043d\u0430 \u043d\u0435 \u043d\u0430\u0447\u043d\u0435\u0442 \u0443\u0441\u0442\u0440\u0430\u0438\u0432\u0430\u0442\u044c \u0412\u0430\u0441.","friends_count":90,"location":"","profile_link_color":"0084B4","profile_image_url":"http:\/\/pbs.twimg.com\/profile_images\/577482096068820992\/R_-fITAO_normal.jpeg","following":false,"geo_enabled":false,"profile_banner_url":"https:\/\/pbs.twimg.com\/profile_banners\/2409045720\/1395686789","profile_background_image_url":"http:\/\/pbs.twimg.com\/profile_background_images\/448169207897669632\/-5TfYmHU.jpeg","name":"Tony Strayker","lang":"ru","profile_background_tile":false,"favourites_count":4,"screen_name":"tonystrayker","notifications":false,"url":null,"created_at":"Mon Mar 24 13:54:38 +0000 2014","contributors_enabled":false,"time_zone":"Abu Dhabi","protected":false,"default_profile":false,"is_translator":false},"geo":null,"in_reply_to_user_id_str":"64643056","lang":"ru","created_at":"Wed Jan 07 14:32:46 +0000 2015","in_reply_to_status_id_str":"552834961762709505","place":null}