{"contributors":null,"truncated":false,"text":"@Bhavdeepnama I don't have it.. why don't you try her here @NoopurTiwari","in_reply_to_status_id":552841806245679104,"id":552844369649098754,"favorite_count":0,"source":"<a href=\"http:\/\/twitter.com\" rel=\"nofollow\">Twitter Web Client<\/a>","retweeted":false,"coordinates":null,"entities":{"symbols":[],"user_mentions":[{"id":1662150878,"indices":[0,13],"id_str":"1662150878","screen_name":"Bhavdeepnama","name":"Bhavdeep S Chadha"},{"id":94532626,"indices":[59,72],"id_str":"94532626","screen_name":"NoopurTiwari","name":"Noopur Tiwari"}],"hashtags":[],"urls":[]},"in_reply_to_screen_name":"Bhavdeepnama","id_str":"552844369649098754","retweet_count":0,"in_reply_to_user_id":1662150878,"favorited":false,"user":{"follow_request_sent":false,"profile_use_background_image":true,"profile_text_color":"333333","default_profile_image":false,"id":73043514,"profile_background_image_url_https":"https:\/\/abs.twimg.com\/images\/themes\/theme1\/bg.png","verified":true,"profile_location":null,"profile_image_url_https":"https:\/\/pbs.twimg.com\/profile_images\/580980421170585601\/t4B3resu_normal.jpg","profile_sidebar_fill_color":"DDEEF6","entities":{"description":{"urls":[]}},"followers_count":21288,"profile_sidebar_border_color":"C0DEED","id_str":"73043514","profile_background_color":"C0DEED","listed_count":230,"is_translation_enabled":false,"utc_offset":19800,"statuses_count":15984,"description":"Environment reporter\/News anchor with NDTV 24X7\r\nRetweets not endorsements. Twitter needs a sarcasm alert","friends_count":418,"location":"Delhi, India","profile_link_color":"0084B4","profile_image_url":"http:\/\/pbs.twimg.com\/profile_images\/580980421170585601\/t4B3resu_normal.jpg","following":false,"geo_enabled":false,"profile_banner_url":"https:\/\/pbs.twimg.com\/profile_banners\/73043514\/1393841892","profile_background_image_url":"http:\/\/abs.twimg.com\/images\/themes\/theme1\/bg.png","name":"Gargi Rawat","lang":"en","profile_background_tile":false,"favourites_count":1814,"screen_name":"GargiRawat","notifications":false,"url":null,"created_at":"Thu Sep 10 04:45:45 +0000 2009","contributors_enabled":false,"time_zone":"New Delhi","protected":false,"default_profile":true,"is_translator":false},"geo":null,"in_reply_to_user_id_str":"1662150878","lang":"en","created_at":"Wed Jan 07 15:09:03 +0000 2015","in_reply_to_status_id_str":"552841806245679104","place":null}