{"contributors":null,"truncated":false,"text":"@RT_com islam is a barbaric heinous \"religion\" I can't recall 1 good thing it has contributed to anyone. It's a violent cult, nothing more.","in_reply_to_status_id":552834961762709505,"id":552837270953529345,"favorite_count":0,"source":"<a href=\"http:\/\/twitter.com\/download\/iphone\" rel=\"nofollow\">Twitter for iPhone<\/a>","retweeted":false,"coordinates":null,"entities":{"symbols":[],"user_mentions":[{"id":64643056,"indices":[0,7],"id_str":"64643056","screen_name":"RT_com","name":"RT"}],"hashtags":[],"urls":[]},"in_reply_to_screen_name":"RT_com","id_str":"552837270953529345","retweet_count":1,"in_reply_to_user_id":64643056,"favorited":false,"user":{"follow_request_sent":false,"profile_use_background_image":true,"profile_text_color":"333333","default_profile_image":false,"id":1093360003,"profile_background_image_url_https":"https:\/\/abs.twimg.com\/images\/themes\/theme1\/bg.png","verified":false,"profile_location":null,"profile_image_url_https":"https:\/\/pbs.twimg.com\/profile_images\/580876690735300608\/UmYnvCAh_normal.jpg","profile_sidebar_fill_color":"DDEEF6","entities":{"url":{"urls":[{"url":"http:\/\/t.co\/PdRiIJqN62","indices":[0,22],"expanded_url":"http:\/\/thinkprogress.com","display_url":"thinkprogress.com"}]},"description":{"urls":[]}},"followers_count":201,"profile_sidebar_border_color":"C0DEED","id_str":"1093360003","profile_background_color":"C0DEED","listed_count":2,"is_translation_enabled":false,"utc_offset":-25200,"statuses_count":1314,"description":"EX military. UC Berkeley alum","friends_count":111,"location":"","profile_link_color":"0084B4","profile_image_url":"http:\/\/pbs.twimg.com\/profile_images\/580876690735300608\/UmYnvCAh_normal.jpg","following":false,"geo_enabled":true,"profile_banner_url":"https:\/\/pbs.twimg.com\/profile_banners\/1093360003\/1378138076","profile_background_image_url":"http:\/\/abs.twimg.com\/images\/themes\/theme1\/bg.png","name":"dopamine","lang":"en","profile_background_tile":false,"favourites_count":982,"screen_name":"LeavesOfGrass_","notifications":false,"url":"http:\/\/t.co\/PdRiIJqN62","created_at":"Tue Jan 15 21:57:57 +0000 2013","contributors_enabled":false,"time_zone":"Mountain Time (US & Canada)","protected":false,"default_profile":true,"is_translator":false},"geo":null,"in_reply_to_user_id_str":"64643056","lang":"en","created_at":"Wed Jan 07 14:40:51 +0000 2015","in_reply_to_status_id_str":"552834961762709505","place":null}