{"contributors": null, "truncated": false, "text": "@RT_com @cnn @msnbc @FoxNews Their hiding at MSNBC  or CNN office", "in_reply_to_status_id": 552834961762709505, "id": 552838224981553153, "favorite_count": 0, "source": "<a href=\"http://twitter.com\" rel=\"nofollow\">Twitter Web Client</a>", "retweeted": false, "coordinates": null, "entities": {"symbols": [], "user_mentions": [{"id": 64643056, "indices": [0, 7], "id_str": "64643056", "screen_name": "RT_com", "name": "RT"}, {"id": 759251, "indices": [8, 12], "id_str": "759251", "screen_name": "CNN", "name": "CNN"}, {"id": 2836421, "indices": [13, 19], "id_str": "2836421", "screen_name": "msnbc", "name": "msnbc"}, {"id": 1367531, "indices": [20, 28], "id_str": "1367531", "screen_name": "FoxNews", "name": "Fox News"}], "hashtags": [], "urls": []}, "in_reply_to_screen_name": "RT_com", "id_str": "552838224981553153", "retweet_count": 0, "in_reply_to_user_id": 64643056, "favorited": false, "user": {"follow_request_sent": false, "profile_use_background_image": true, "profile_text_color": "333333", "default_profile_image": false, "id": 274955258, "profile_background_image_url_https": "https://abs.twimg.com/images/themes/theme1/bg.png", "verified": false, "profile_location": null, "profile_image_url_https": "https://pbs.twimg.com/profile_images/378800000846290939/fef314201919ce19dd9229451430f9e7_normal.png", "profile_sidebar_fill_color": "DDEEF6", "entities": {"description": {"urls": []}}, "followers_count": 364, "profile_sidebar_border_color": "C0DEED", "id_str": "274955258", "profile_background_color": "C0DEED", "listed_count": 1, "is_translation_enabled": false, "utc_offset": null, "statuses_count": 8344, "description": "Libra Justice and Love for All", "friends_count": 721, "location": "", "profile_link_color": "0084B4", "profile_image_url": "http://pbs.twimg.com/profile_images/378800000846290939/fef314201919ce19dd9229451430f9e7_normal.png", "following": false, "geo_enabled": true, "profile_background_image_url": "http://abs.twimg.com/images/themes/theme1/bg.png", "name": "Thomas Walsh", "lang": "en", "profile_background_tile": false, "favourites_count": 147, "screen_name": "twalsh3708", "notifications": false, "url": null, "created_at": "Thu Mar 31 10:37:31 +0000 2011", "contributors_enabled": false, "time_zone": null, "protected": false, "default_profile": true, "is_translator": false}, "geo": null, "in_reply_to_user_id_str": "64643056", "lang": "en", "created_at": "Wed Jan 07 14:44:38 +0000 2015", "in_reply_to_status_id_str": "552834961762709505", "place": {"full_name": "Laurel, VA", "url": "https://api.twitter.com/1.1/geo/id/006654ca2b4e27c5.json", "country": "United States", "place_type": "city", "bounding_box": {"type": "Polygon", "coordinates": [[[-77.569305, 37.606827], [-77.475442, 37.606827], [-77.475442, 37.680986], [-77.569305, 37.680986]]]}, "contained_within": [], "country_code": "US", "attributes": {}, "id": "006654ca2b4e27c5", "name": "Laurel"}}
