{"contributors": null, "truncated": false, "text": "\u201c@AFP: #UPDATE Three men including two brothers identified in France newspaper attack: source http://t.co/sXtqLIsrW4 #CharlieHebdo\u201d", "in_reply_to_status_id": 552984502063337472, "id": 552989544589430784, "favorite_count": 0, "source": "<a href=\"http://twitter.com/download/iphone\" rel=\"nofollow\">Twitter for iPhone</a>", "retweeted": false, "coordinates": null, "entities": {"symbols": [], "user_mentions": [{"id": 380648579, "indices": [1, 5], "id_str": "380648579", "screen_name": "AFP", "name": "Agence France-Presse"}], "hashtags": [{"indices": [7, 14], "text": "UPDATE"}, {"indices": [117, 130], "text": "CharlieHebdo"}], "urls": [{"url": "http://t.co/sXtqLIsrW4", "indices": [94, 116], "expanded_url": "http://u.afp.com/Rhs", "display_url": "u.afp.com/Rhs"}]}, "in_reply_to_screen_name": "AFP", "id_str": "552989544589430784", "retweet_count": 0, "in_reply_to_user_id": 380648579, "favorited": false, "user": {"follow_request_sent": false, "profile_use_background_image": true, "profile_text_color": "333333", "default_profile_image": false, "id": 102452887, "profile_background_image_url_https": "https://abs.twimg.com/images/themes/theme18/bg.gif", "verified": false, "profile_location": null, "profile_image_url_https": "https://pbs.twimg.com/profile_images/525370966550282240/8mPja8a9_normal.jpeg", "profile_sidebar_fill_color": "DDFFCC", "entities": {"url": {"urls": [{"url": "http://t.co/U5f4jG4u0q", "indices": [0, 22], "expanded_url": "http://www.broadcom.org.mv/home/", "display_url": "broadcom.org.mv/home/"}]}, "description": {"urls": []}}, "followers_count": 1046, "profile_sidebar_border_color": "000000", "id_str": "102452887", "profile_background_color": "B0DEAD", "listed_count": 7, "is_translation_enabled": false, "utc_offset": -36000, "statuses_count": 3432, "description": "Commissioner-Maldives Broadcasting Commission, Former (Anchor, IO, Lecturer, Principal)\r\n Masters-Media, Post Graduate-Education, Bachelors-Accounting, DipTEFL", "friends_count": 406, "location": "Maldives", "profile_link_color": "038543", "profile_image_url": "http://pbs.twimg.com/profile_images/525370966550282240/8mPja8a9_normal.jpeg", "following": false, "geo_enabled": true, "profile_banner_url": "https://pbs.twimg.com/profile_banners/102452887/1395645502", "profile_background_image_url": "http://abs.twimg.com/images/themes/theme18/bg.gif", "name": "Mohamed Aslam", "lang": "en", "profile_background_tile": false, "favourites_count": 599, "screen_name": "aslam2020", "notifications": false, "url": "http://t.co/U5f4jG4u0q", "created_at": "Wed Jan 06 19:11:42 +0000 2010", "contributors_enabled": false, "time_zone": "Hawaii", "protected": false, "default_profile": false, "is_translator": false}, "geo": null, "in_reply_to_user_id_str": "380648579", "possibly_sensitive": false, "lang": "en", "created_at": "Thu Jan 08 00:45:56 +0000 2015", "in_reply_to_status_id_str": "552984502063337472", "place": null}
