{"contributors": null, "truncated": false, "text": "@AFP Protestamos com Arte tamb\u00e9m aqui no Brasil http://t.co/vz33IStpj6 #CharlieHebdo  http://t.co/eid1oMMmjb", "in_reply_to_status_id": 552984502063337472, "id": 552998100764491776, "favorite_count": 0, "source": "<a href=\"http://twitter.com/download/iphone\" rel=\"nofollow\">Twitter for iPhone</a>", "retweeted": false, "coordinates": null, "entities": {"symbols": [], "user_mentions": [{"id": 380648579, "indices": [0, 4], "id_str": "380648579", "screen_name": "AFP", "name": "Agence France-Presse"}], "hashtags": [{"indices": [71, 84], "text": "CharlieHebdo"}], "urls": [{"url": "http://t.co/vz33IStpj6", "indices": [48, 70], "expanded_url": "http://www.studioarte1.com.br", "display_url": "studioarte1.com.br"}], "media": [{"source_user_id": 579504493, "source_status_id_str": "552990652381003777", "expanded_url": "http://twitter.com/StudioArte01/status/552990652381003777/photo/1", "display_url": "pic.twitter.com/eid1oMMmjb", "url": "http://t.co/eid1oMMmjb", "media_url_https": "https://pbs.twimg.com/media/B6yeENqIcAANivr.jpg", "source_user_id_str": "579504493", "source_status_id": 552990652381003777, "id_str": "552990649482768384", "sizes": {"small": {"h": 340, "resize": "fit", "w": 340}, "large": {"h": 1024, "resize": "fit", "w": 1024}, "medium": {"h": 600, "resize": "fit", "w": 600}, "thumb": {"h": 150, "resize": "crop", "w": 150}}, "indices": [86, 108], "type": "photo", "id": 552990649482768384, "media_url": "http://pbs.twimg.com/media/B6yeENqIcAANivr.jpg"}]}, "in_reply_to_screen_name": "AFP", "id_str": "552998100764491776", "retweet_count": 0, "in_reply_to_user_id": 380648579, "favorited": false, "user": {"follow_request_sent": false, "profile_use_background_image": true, "profile_text_color": "333333", "default_profile_image": false, "id": 579504493, "profile_background_image_url_https": "https://pbs.twimg.com/profile_background_images/553373888004882433/Ipy7aZfX.jpeg", "verified": false, "profile_location": null, "profile_image_url_https": "https://pbs.twimg.com/profile_images/378800000378242072/aa0f50effc0e5d5d5951f44414074091_normal.jpeg", "profile_sidebar_fill_color": "EFEFEF", "entities": {"url": {"urls": [{"url": "http://t.co/Qfcu87Z5M3", "indices": [0, 22], "expanded_url": "http://www.studioarte1.com.br", "display_url": "studioarte1.com.br"}]}, "description": {"urls": []}}, "followers_count": 422, "profile_sidebar_border_color": "000000", "id_str": "579504493", "profile_background_color": "131516", "listed_count": 1, "is_translation_enabled": false, "utc_offset": -7200, "statuses_count": 19679, "description": "Camisetas e Arte Sustent\u00e1vel", "friends_count": 1958, "location": "S\u00e3o Paulo", "profile_link_color": "009999", "profile_image_url": "http://pbs.twimg.com/profile_images/378800000378242072/aa0f50effc0e5d5d5951f44414074091_normal.jpeg", "following": false, "geo_enabled": true, "profile_banner_url": "https://pbs.twimg.com/profile_banners/579504493/1420769157", "profile_background_image_url": "http://pbs.twimg.com/profile_background_images/553373888004882433/Ipy7aZfX.jpeg", "name": "STUDIO ARTE1", "lang": "pt", "profile_background_tile": true, "favourites_count": 3137, "screen_name": "StudioArte01", "notifications": false, "url": "http://t.co/Qfcu87Z5M3", "created_at": "Mon May 14 03:16:39 +0000 2012", "contributors_enabled": false, "time_zone": "Brasilia", "protected": false, "default_profile": false, "is_translator": false}, "geo": null, "in_reply_to_user_id_str": "380648579", "possibly_sensitive": false, "lang": "pt", "created_at": "Thu Jan 08 01:19:56 +0000 2015", "in_reply_to_status_id_str": "552984502063337472", "place": null, "extended_entities": {"media": [{"source_user_id": 579504493, "source_status_id_str": "552990652381003777", "expanded_url": "http://twitter.com/StudioArte01/status/552990652381003777/photo/1", "display_url": "pic.twitter.com/eid1oMMmjb", "url": "http://t.co/eid1oMMmjb", "media_url_https": "https://pbs.twimg.com/media/B6yeENqIcAANivr.jpg", "source_user_id_str": "579504493", "source_status_id": 552990652381003777, "id_str": "552990649482768384", "sizes": {"small": {"h": 340, "resize": "fit", "w": 340}, "large": {"h": 1024, "resize": "fit", "w": 1024}, "medium": {"h": 600, "resize": "fit", "w": 600}, "thumb": {"h": 150, "resize": "crop", "w": 150}}, "indices": [86, 108], "type": "photo", "id": 552990649482768384, "media_url": "http://pbs.twimg.com/media/B6yeENqIcAANivr.jpg"}]}}
