{"contributors":null,"truncated":false,"text":"@AFP Go to hell #CharlieHebdo","in_reply_to_status_id":552984502063337472,"id":553091815218237440,"favorite_count":0,"source":"<a href=\"http:\/\/twitter.com\/download\/android\" rel=\"nofollow\">Twitter for Android<\/a>","retweeted":false,"coordinates":null,"entities":{"symbols":[],"user_mentions":[{"id":380648579,"indices":[0,4],"id_str":"380648579","screen_name":"AFP","name":"Agence France-Presse"}],"hashtags":[{"indices":[16,29],"text":"CharlieHebdo"}],"urls":[]},"in_reply_to_screen_name":"AFP","id_str":"553091815218237440","retweet_count":0,"in_reply_to_user_id":380648579,"favorited":false,"user":{"follow_request_sent":false,"profile_use_background_image":true,"profile_text_color":"3D1957","default_profile_image":false,"id":1150376528,"profile_background_image_url_https":"https:\/\/abs.twimg.com\/images\/themes\/theme10\/bg.gif","verified":false,"profile_location":null,"profile_image_url_https":"https:\/\/pbs.twimg.com\/profile_images\/584418048112664577\/2aLLZrj8_normal.jpg","profile_sidebar_fill_color":"7AC3EE","entities":{"description":{"urls":[]}},"followers_count":56,"profile_sidebar_border_color":"FFFFFF","id_str":"1150376528","profile_background_color":"435C99","listed_count":1,"is_translation_enabled":false,"utc_offset":null,"statuses_count":690,"description":"doing Bachelors Of Computer Science From \r\nCOMSATS Institute Of Information Technology..","friends_count":168,"location":"Lahore, Pakistan","profile_link_color":"423BA8","profile_image_url":"http:\/\/pbs.twimg.com\/profile_images\/584418048112664577\/2aLLZrj8_normal.jpg","following":false,"geo_enabled":false,"profile_banner_url":"https:\/\/pbs.twimg.com\/profile_banners\/1150376528\/1405547001","profile_background_image_url":"http:\/\/abs.twimg.com\/images\/themes\/theme10\/bg.gif","name":"Hamza Idrees","lang":"en","profile_background_tile":true,"favourites_count":88,"screen_name":"HamzaIdrees100","notifications":false,"url":null,"created_at":"Tue Feb 05 08:43:13 +0000 2013","contributors_enabled":false,"time_zone":null,"protected":false,"default_profile":false,"is_translator":false},"geo":null,"in_reply_to_user_id_str":"380648579","lang":"en","created_at":"Thu Jan 08 07:32:19 +0000 2015","in_reply_to_status_id_str":"552984502063337472","place":null}