{"contributors": null, "truncated": false, "text": "\u201c@USATODAY: 12 now confirmed dead in #CharlieHebdo attack in Paris, @AP is reporting. Story: http://t.co/m7vX571QiQ (AP) Islam as usual.", "in_reply_to_status_id": 552806757672964097, "id": 552807298192510977, "favorite_count": 0, "source": "<a href=\"http://twitter.com/download/iphone\" rel=\"nofollow\">Twitter for iPhone</a>", "retweeted": false, "coordinates": null, "entities": {"symbols": [], "user_mentions": [{"id": 15754281, "indices": [1, 10], "id_str": "15754281", "screen_name": "USATODAY", "name": "USA TODAY"}, {"id": 51241574, "indices": [68, 71], "id_str": "51241574", "screen_name": "AP", "name": "The Associated Press"}], "hashtags": [{"indices": [37, 50], "text": "CharlieHebdo"}], "urls": [{"url": "http://t.co/m7vX571QiQ", "indices": [93, 115], "expanded_url": "http://usat.ly/1IpqNci", "display_url": "usat.ly/1IpqNci"}]}, "in_reply_to_screen_name": "USATODAY", "id_str": "552807298192510977", "retweet_count": 0, "in_reply_to_user_id": 15754281, "favorited": false, "user": {"follow_request_sent": false, "profile_use_background_image": true, "profile_text_color": "333333", "default_profile_image": false, "id": 1596060386, "profile_background_image_url_https": "https://abs.twimg.com/images/themes/theme1/bg.png", "verified": false, "profile_location": null, "profile_image_url_https": "https://pbs.twimg.com/profile_images/528883661513297920/2-PqLopi_normal.jpeg", "profile_sidebar_fill_color": "DDEEF6", "entities": {"url": {"urls": [{"url": "https://t.co/38hVXjhf6Y", "indices": [0, 23], "expanded_url": "https://m.facebook.com/home.php?refsrc=https%3A%2F%2Fwww.facebook.com/ken.yarmosh", "display_url": "m.facebook.com/home.php?refsr\u2026"}]}, "description": {"urls": []}}, "followers_count": 590, "profile_sidebar_border_color": "C0DEED", "id_str": "1596060386", "profile_background_color": "C0DEED", "listed_count": 2, "is_translation_enabled": false, "utc_offset": null, "statuses_count": 633, "description": "Elect sinner saved by a sovereign God's predestined redemptive grace in Messiah Yeshua. Reformed & Messianic. IT network strategist & consultant.", "friends_count": 923, "location": "Charlotte, NC", "profile_link_color": "0084B4", "profile_image_url": "http://pbs.twimg.com/profile_images/528883661513297920/2-PqLopi_normal.jpeg", "following": false, "geo_enabled": false, "profile_banner_url": "https://pbs.twimg.com/profile_banners/1596060386/1414931841", "profile_background_image_url": "http://abs.twimg.com/images/themes/theme1/bg.png", "name": "KCYSr", "lang": "en", "profile_background_tile": false, "favourites_count": 24, "screen_name": "datakcy", "notifications": false, "url": "https://t.co/38hVXjhf6Y", "created_at": "Mon Jul 15 15:08:17 +0000 2013", "contributors_enabled": false, "time_zone": null, "protected": false, "default_profile": true, "is_translator": false}, "geo": null, "in_reply_to_user_id_str": "15754281", "possibly_sensitive": false, "lang": "en", "created_at": "Wed Jan 07 12:41:45 +0000 2015", "in_reply_to_status_id_str": "552806757672964097", "place": null}
