{"contributors": null, "truncated": false, "text": "@seb746138 @USATODAY @AP seb746138 SEE that -&gt; https://t.co/3SkVXHFiEi", "in_reply_to_status_id": 552810796884189184, "id": 552810800164139008, "favorite_count": 0, "source": "<a href=\"http://www.bbotmaker.com/\" rel=\"nofollow\">BBotMaker - Bot \u00e0 mots-cl\u00e9s</a>", "retweeted": false, "coordinates": null, "entities": {"symbols": [], "user_mentions": [{"id": 473009843, "indices": [0, 10], "id_str": "473009843", "screen_name": "seb746138", "name": "Lulu Berlu"}, {"id": 15754281, "indices": [11, 20], "id_str": "15754281", "screen_name": "USATODAY", "name": "USA TODAY"}, {"id": 51241574, "indices": [21, 24], "id_str": "51241574", "screen_name": "AP", "name": "The Associated Press"}], "hashtags": [], "urls": [{"url": "https://t.co/3SkVXHFiEi", "indices": [50, 73], "expanded_url": "https://www.facebook.com/ClashHackTool/likes", "display_url": "facebook.com/ClashHackTool/\u2026"}]}, "in_reply_to_screen_name": "seb746138", "id_str": "552810800164139008", "retweet_count": 0, "in_reply_to_user_id": 473009843, "favorited": false, "user": {"follow_request_sent": false, "profile_use_background_image": false, "profile_text_color": "000000", "default_profile_image": false, "id": 2846816373, "profile_background_image_url_https": "https://abs.twimg.com/images/themes/theme1/bg.png", "verified": false, "profile_location": null, "profile_image_url_https": "https://pbs.twimg.com/profile_images/526757871837384704/t_b92029_normal.jpeg", "profile_sidebar_fill_color": "000000", "entities": {"description": {"urls": []}}, "followers_count": 234, "profile_sidebar_border_color": "000000", "id_str": "2846816373", "profile_background_color": "000000", "listed_count": 3, "is_translation_enabled": false, "utc_offset": null, "statuses_count": 20030, "description": "", "friends_count": 1999, "location": "", "profile_link_color": "FA743E", "profile_image_url": "http://pbs.twimg.com/profile_images/526757871837384704/t_b92029_normal.jpeg", "following": false, "geo_enabled": false, "profile_banner_url": "https://pbs.twimg.com/profile_banners/2846816373/1414802453", "profile_background_image_url": "http://abs.twimg.com/images/themes/theme1/bg.png", "name": "HackClashTool BOT", "lang": "fr", "profile_background_tile": false, "favourites_count": 0, "screen_name": "HackClashTool", "notifications": false, "url": null, "created_at": "Mon Oct 27 15:28:09 +0000 2014", "contributors_enabled": false, "time_zone": null, "protected": false, "default_profile": false, "is_translator": false}, "geo": null, "in_reply_to_user_id_str": "473009843", "possibly_sensitive": false, "lang": "en", "created_at": "Wed Jan 07 12:55:40 +0000 2015", "in_reply_to_status_id_str": "552810796884189184", "place": null}
