{"contributors": null, "truncated": false, "text": "@USATODAY @usmanmanzoor @AP Very sad.\n\nAmazing QTablet\nhttp://t.co/C6ux2iB3Mb", "in_reply_to_status_id": 552806757672964097, "id": 552812110678196224, "favorite_count": 0, "source": "<a href=\"http://twitter.com\" rel=\"nofollow\">Twitter Web Client</a>", "retweeted": false, "coordinates": null, "entities": {"symbols": [], "user_mentions": [{"id": 15754281, "indices": [0, 9], "id_str": "15754281", "screen_name": "USATODAY", "name": "USA TODAY"}, {"id": 60077976, "indices": [10, 23], "id_str": "60077976", "screen_name": "usmanmanzoor", "name": "Usman Manzoor"}, {"id": 51241574, "indices": [24, 27], "id_str": "51241574", "screen_name": "AP", "name": "The Associated Press"}], "hashtags": [], "urls": [{"url": "http://t.co/C6ux2iB3Mb", "indices": [55, 77], "expanded_url": "http://www.websken.com/qmobile-qtab-q1000-price-specs/", "display_url": "websken.com/qmobile-qtab-q\u2026"}]}, "in_reply_to_screen_name": "USATODAY", "id_str": "552812110678196224", "retweet_count": 0, "in_reply_to_user_id": 15754281, "favorited": false, "user": {"follow_request_sent": false, "profile_use_background_image": false, "profile_text_color": "000000", "default_profile_image": false, "id": 2311197780, "profile_background_image_url_https": "https://abs.twimg.com/images/themes/theme1/bg.png", "verified": false, "profile_location": null, "profile_image_url_https": "https://pbs.twimg.com/profile_images/427668365126033408/AjVVgYBh_normal.jpeg", "profile_sidebar_fill_color": "000000", "entities": {"url": {"urls": [{"url": "http://t.co/lDTMhrtmC5", "indices": [0, 22], "expanded_url": "http://www.websken.com", "display_url": "websken.com"}]}, "description": {"urls": []}}, "followers_count": 25, "profile_sidebar_border_color": "000000", "id_str": "2311197780", "profile_background_color": "000000", "listed_count": 0, "is_translation_enabled": false, "utc_offset": 18000, "statuses_count": 425, "description": "", "friends_count": 375, "location": "Pakistan", "profile_link_color": "9266CC", "profile_image_url": "http://pbs.twimg.com/profile_images/427668365126033408/AjVVgYBh_normal.jpeg", "following": false, "geo_enabled": false, "profile_background_image_url": "http://abs.twimg.com/images/themes/theme1/bg.png", "name": "Shifa Ullah Tanvir ", "lang": "en", "profile_background_tile": false, "favourites_count": 0, "screen_name": "shifaullah1970", "notifications": false, "url": "http://t.co/lDTMhrtmC5", "created_at": "Sun Jan 26 04:51:34 +0000 2014", "contributors_enabled": false, "time_zone": "Islamabad", "protected": false, "default_profile": false, "is_translator": false}, "geo": null, "in_reply_to_user_id_str": "15754281", "possibly_sensitive": false, "lang": "en", "created_at": "Wed Jan 07 13:00:52 +0000 2015", "in_reply_to_status_id_str": "552806757672964097", "place": null}
