{"contributors": null, "truncated": false, "text": "@USATODAY @AP\n US Citizens!!\n2015:Fbruary 5. health insurance deadline\nObamaCare Register and\nGo to the hospital to get sick,your health!!", "in_reply_to_status_id": 552806757672964097, "id": 552823438457311232, "favorite_count": 1, "source": "<a href=\"http://twitter.com\" rel=\"nofollow\">Twitter Web Client</a>", "retweeted": false, "coordinates": null, "entities": {"symbols": [], "user_mentions": [{"id": 15754281, "indices": [0, 9], "id_str": "15754281", "screen_name": "USATODAY", "name": "USA TODAY"}, {"id": 51241574, "indices": [10, 13], "id_str": "51241574", "screen_name": "AP", "name": "The Associated Press"}], "hashtags": [], "urls": []}, "in_reply_to_screen_name": "USATODAY", "id_str": "552823438457311232", "retweet_count": 0, "in_reply_to_user_id": 15754281, "favorited": false, "user": {"follow_request_sent": false, "profile_use_background_image": true, "profile_text_color": "333333", "default_profile_image": false, "id": 592214012, "profile_background_image_url_https": "https://abs.twimg.com/images/themes/theme1/bg.png", "verified": false, "profile_location": null, "profile_image_url_https": "https://pbs.twimg.com/profile_images/474810756005769217/FOMemcfD_normal.jpeg", "profile_sidebar_fill_color": "DDEEF6", "entities": {"description": {"urls": []}}, "followers_count": 614, "profile_sidebar_border_color": "C0DEED", "id_str": "592214012", "profile_background_color": "C0DEED", "listed_count": 9, "is_translation_enabled": false, "utc_offset": null, "statuses_count": 11881, "description": "&.we are in a country without war \r\n    I hope to be happy..", "friends_count": 525, "location": "us", "profile_link_color": "0084B4", "profile_image_url": "http://pbs.twimg.com/profile_images/474810756005769217/FOMemcfD_normal.jpeg", "following": false, "geo_enabled": true, "profile_background_image_url": "http://abs.twimg.com/images/themes/theme1/bg.png", "name": "Bell Chime", "lang": "ko", "profile_background_tile": false, "favourites_count": 28, "screen_name": "skollbuddy51", "notifications": false, "url": null, "created_at": "Sun May 27 23:06:17 +0000 2012", "contributors_enabled": false, "time_zone": null, "protected": false, "default_profile": true, "is_translator": false}, "geo": null, "in_reply_to_user_id_str": "15754281", "lang": "en", "created_at": "Wed Jan 07 13:45:53 +0000 2015", "in_reply_to_status_id_str": "552806757672964097", "place": null}
