{"contributors": null, "truncated": false, "text": "@USATODAY the drawer Cabu was killed during the attack", "in_reply_to_status_id": 552806757672964097, "id": 552807311191048193, "favorite_count": 0, "source": "<a href=\"http://www.twitter.com\" rel=\"nofollow\">Twitter for Windows Phone</a>", "retweeted": false, "coordinates": null, "entities": {"symbols": [], "user_mentions": [{"id": 15754281, "indices": [0, 9], "id_str": "15754281", "screen_name": "USATODAY", "name": "USA TODAY"}], "hashtags": [], "urls": []}, "in_reply_to_screen_name": "USATODAY", "id_str": "552807311191048193", "retweet_count": 0, "in_reply_to_user_id": 15754281, "favorited": false, "user": {"follow_request_sent": false, "profile_use_background_image": true, "profile_text_color": "333333", "default_profile_image": false, "id": 215794445, "profile_background_image_url_https": "https://abs.twimg.com/images/themes/theme1/bg.png", "verified": false, "profile_location": null, "profile_image_url_https": "https://pbs.twimg.com/profile_images/477871861347659776/-euz1QJa_normal.jpeg", "profile_sidebar_fill_color": "DDEEF6", "entities": {"url": {"urls": [{"url": "http://t.co/h1opkQ2R5O", "indices": [0, 22], "expanded_url": "http://www.facebook.com/WaickRedBoom", "display_url": "facebook.com/WaickRedBoom"}]}, "description": {"urls": []}}, "followers_count": 255, "profile_sidebar_border_color": "C0DEED", "id_str": "215794445", "profile_background_color": "C0DEED", "listed_count": 5, "is_translation_enabled": false, "utc_offset": 7200, "statuses_count": 9219, "description": "MMA journalist for ikusa.fr / Rappeur du groupe #RBS", "friends_count": 775, "location": "", "profile_link_color": "0084B4", "profile_image_url": "http://pbs.twimg.com/profile_images/477871861347659776/-euz1QJa_normal.jpeg", "following": false, "geo_enabled": false, "profile_banner_url": "https://pbs.twimg.com/profile_banners/215794445/1402768505", "profile_background_image_url": "http://abs.twimg.com/images/themes/theme1/bg.png", "name": "Waick Di Teacha", "lang": "fr", "profile_background_tile": false, "favourites_count": 99, "screen_name": "WaickRBS", "notifications": false, "url": "http://t.co/h1opkQ2R5O", "created_at": "Sun Nov 14 22:57:06 +0000 2010", "contributors_enabled": false, "time_zone": "Athens", "protected": false, "default_profile": true, "is_translator": false}, "geo": null, "in_reply_to_user_id_str": "15754281", "lang": "en", "created_at": "Wed Jan 07 12:41:48 +0000 2015", "in_reply_to_status_id_str": "552806757672964097", "place": null}
