{"contributors": null, "truncated": false, "text": "@USATODAY @GovtsTheProblem @AP And Francistan will just roll over and do nothing. French Jews, get out while you can!", "in_reply_to_status_id": 552806757672964097, "id": 552808137737383936, "favorite_count": 0, "source": "<a href=\"http://twitter.com\" rel=\"nofollow\">Twitter Web Client</a>", "retweeted": false, "coordinates": null, "entities": {"symbols": [], "user_mentions": [{"id": 15754281, "indices": [0, 9], "id_str": "15754281", "screen_name": "USATODAY", "name": "USA TODAY"}, {"id": 937704163, "indices": [10, 26], "id_str": "937704163", "screen_name": "GovtsTheProblem", "name": "Mr T 2"}, {"id": 51241574, "indices": [27, 30], "id_str": "51241574", "screen_name": "AP", "name": "The Associated Press"}], "hashtags": [], "urls": []}, "in_reply_to_screen_name": "USATODAY", "id_str": "552808137737383936", "retweet_count": 0, "in_reply_to_user_id": 15754281, "favorited": false, "user": {"follow_request_sent": false, "profile_use_background_image": true, "profile_text_color": "362720", "default_profile_image": false, "id": 575857218, "profile_background_image_url_https": "https://abs.twimg.com/images/themes/theme11/bg.gif", "verified": false, "profile_location": null, "profile_image_url_https": "https://pbs.twimg.com/profile_images/3578734556/fb93341e127a2b5abafcb48c6e1ee900_normal.jpeg", "profile_sidebar_fill_color": "E5507E", "entities": {"description": {"urls": []}}, "followers_count": 2510, "profile_sidebar_border_color": "CC3366", "id_str": "575857218", "profile_background_color": "FF6699", "listed_count": 50, "is_translation_enabled": false, "utc_offset": -18000, "statuses_count": 26966, "description": "A Jewish American Patriot, Mom & breast cancer survivor, whose support for the US and Israel is as strong as my opinions! #TCOT", "friends_count": 2381, "location": "Most corrupt city in US, IL", "profile_link_color": "B40B43", "profile_image_url": "http://pbs.twimg.com/profile_images/3578734556/fb93341e127a2b5abafcb48c6e1ee900_normal.jpeg", "following": false, "geo_enabled": true, "profile_banner_url": "https://pbs.twimg.com/profile_banners/575857218/1396879092", "profile_background_image_url": "http://abs.twimg.com/images/themes/theme11/bg.gif", "name": "Jacki Barron", "lang": "en", "profile_background_tile": true, "favourites_count": 2434, "screen_name": "PatriotJackiB", "notifications": false, "url": null, "created_at": "Wed May 09 23:58:22 +0000 2012", "contributors_enabled": false, "time_zone": "Eastern Time (US & Canada)", "protected": false, "default_profile": false, "is_translator": false}, "geo": null, "in_reply_to_user_id_str": "15754281", "lang": "en", "created_at": "Wed Jan 07 12:45:05 +0000 2015", "in_reply_to_status_id_str": "552806757672964097", "place": null}
