{"contributors":null,"truncated":false,"text":"@USATODAY @AP in deaths, there are 4 of more french illustrators! cabu, wolinsky, charb and tignous","in_reply_to_status_id":552806757672964097,"id":552810796884189184,"favorite_count":0,"source":"<a href=\"http:\/\/twitter.com\" rel=\"nofollow\">Twitter Web Client<\/a>","retweeted":false,"coordinates":null,"entities":{"symbols":[],"user_mentions":[{"id":15754281,"indices":[0,9],"id_str":"15754281","screen_name":"USATODAY","name":"USA TODAY"},{"id":51241574,"indices":[10,13],"id_str":"51241574","screen_name":"AP","name":"The Associated Press"}],"hashtags":[],"urls":[]},"in_reply_to_screen_name":"USATODAY","id_str":"552810796884189184","retweet_count":0,"in_reply_to_user_id":15754281,"favorited":false,"user":{"follow_request_sent":false,"profile_use_background_image":true,"profile_text_color":"333333","default_profile_image":false,"id":473009843,"profile_background_image_url_https":"https:\/\/pbs.twimg.com\/profile_background_images\/494781359043256320\/abWQGIkm.jpeg","verified":false,"profile_location":null,"profile_image_url_https":"https:\/\/pbs.twimg.com\/profile_images\/582885606012882944\/GPjT0edv_normal.jpg","profile_sidebar_fill_color":"F6F6F6","entities":{"description":{"urls":[]}},"followers_count":186,"profile_sidebar_border_color":"FFFFFF","id_str":"473009843","profile_background_color":"ADCADE","listed_count":0,"is_translation_enabled":false,"utc_offset":3600,"statuses_count":12258,"description":"nostalgique de la France de mon enfance!","friends_count":262,"location":"France( ce qu'il en reste ! )","profile_link_color":"A411DE","profile_image_url":"http:\/\/pbs.twimg.com\/profile_images\/582885606012882944\/GPjT0edv_normal.jpg","following":false,"geo_enabled":false,"profile_banner_url":"https:\/\/pbs.twimg.com\/profile_banners\/473009843\/1406799027","profile_background_image_url":"http:\/\/pbs.twimg.com\/profile_background_images\/494781359043256320\/abWQGIkm.jpeg","name":"Lulu Berlu","lang":"fr","profile_background_tile":true,"favourites_count":256,"screen_name":"seb746138","notifications":false,"url":null,"created_at":"Tue Jan 24 15:00:44 +0000 2012","contributors_enabled":false,"time_zone":"Paris","protected":false,"default_profile":false,"is_translator":false},"geo":null,"in_reply_to_user_id_str":"15754281","lang":"en","created_at":"Wed Jan 07 12:55:39 +0000 2015","in_reply_to_status_id_str":"552806757672964097","place":null}