{"contributors":null,"truncated":false,"text":"\u201c@USATODAY: 12 now confirmed dead in #CharlieHebdo attack in Paris, @AP is reporting: http:\/\/t.co\/12N9CSHS8k (AP) http:\/\/t.co\/oAxuw70c9e\u201d","in_reply_to_status_id":552806757672964097,"id":552808047643729920,"favorite_count":1,"source":"<a href=\"http:\/\/twitter.com\/download\/iphone\" rel=\"nofollow\">Twitter for iPhone<\/a>","retweeted":false,"coordinates":null,"entities":{"symbols":[],"user_mentions":[{"id":15754281,"indices":[1,10],"id_str":"15754281","screen_name":"USATODAY","name":"USA TODAY"},{"id":51241574,"indices":[68,71],"id_str":"51241574","screen_name":"AP","name":"The Associated Press"}],"hashtags":[{"indices":[37,50],"text":"CharlieHebdo"}],"urls":[{"url":"http:\/\/t.co\/12N9CSHS8k","indices":[86,108],"expanded_url":"http:\/\/usat.ly\/1IpqNci","display_url":"usat.ly\/1IpqNci"}],"media":[{"source_user_id":15754281,"source_status_id_str":"552806757672964097","expanded_url":"http:\/\/twitter.com\/USATODAY\/status\/552806757672964097\/photo\/1","display_url":"pic.twitter.com\/oAxuw70c9e","url":"http:\/\/t.co\/oAxuw70c9e","media_url_https":"https:\/\/pbs.twimg.com\/media\/B6v2u81CMAAtiar.jpg","source_user_id_str":"15754281","source_status_id":552806757672964097,"id_str":"552806665746001920","sizes":{"small":{"h":255,"resize":"fit","w":340},"large":{"h":510,"resize":"fit","w":680},"medium":{"h":450,"resize":"fit","w":600},"thumb":{"h":150,"resize":"crop","w":150}},"indices":[114,136],"type":"photo","id":552806665746001920,"media_url":"http:\/\/pbs.twimg.com\/media\/B6v2u81CMAAtiar.jpg"}]},"in_reply_to_screen_name":"USATODAY","id_str":"552808047643729920","retweet_count":2,"in_reply_to_user_id":15754281,"favorited":false,"user":{"follow_request_sent":false,"profile_use_background_image":true,"profile_text_color":"333333","default_profile_image":false,"id":16538186,"profile_background_image_url_https":"https:\/\/pbs.twimg.com\/profile_background_images\/852410553\/e2d9b41d154c16fca62dc94e84678be7.jpeg","verified":true,"profile_location":null,"profile_image_url_https":"https:\/\/pbs.twimg.com\/profile_images\/573582172176568320\/Uo7-oLTg_normal.png","profile_sidebar_fill_color":"D3D2CF","entities":{"url":{"urls":[{"url":"http:\/\/t.co\/tDEHwuCOG4","indices":[0,22],"expanded_url":"http:\/\/www.wcsh6.com","display_url":"wcsh6.com"}]},"description":{"urls":[]}},"followers_count":30962,"profile_sidebar_border_color":"FFFFFF","id_str":"16538186","profile_background_color":"242B64","listed_count":713,"is_translation_enabled":false,"utc_offset":-18000,"statuses_count":53826,"description":"Headlines and breaking news from NBC affiliate WCSH in Portland, Maine. Start your tweet with @WCSH6 to say hi!","friends_count":3981,"location":"Portland, ME","profile_link_color":"C9262E","profile_image_url":"http:\/\/pbs.twimg.com\/profile_images\/573582172176568320\/Uo7-oLTg_normal.png","following":false,"geo_enabled":true,"profile_banner_url":"https:\/\/pbs.twimg.com\/profile_banners\/16538186\/1407791315","profile_background_image_url":"http:\/\/pbs.twimg.com\/profile_background_images\/852410553\/e2d9b41d154c16fca62dc94e84678be7.jpeg","name":"WCSH 6","lang":"en","profile_background_tile":false,"favourites_count":696,"screen_name":"WCSH6","notifications":false,"url":"http:\/\/t.co\/tDEHwuCOG4","created_at":"Wed Oct 01 01:17:26 +0000 2008","contributors_enabled":false,"time_zone":"Eastern Time (US & Canada)","protected":false,"default_profile":false,"is_translator":false},"geo":null,"in_reply_to_user_id_str":"15754281","possibly_sensitive":false,"lang":"en","created_at":"Wed Jan 07 12:44:43 +0000 2015","in_reply_to_status_id_str":"552806757672964097","place":null,"extended_entities":{"media":[{"source_user_id":15754281,"source_status_id_str":"552806757672964097","expanded_url":"http:\/\/twitter.com\/USATODAY\/status\/552806757672964097\/photo\/1","display_url":"pic.twitter.com\/oAxuw70c9e","url":"http:\/\/t.co\/oAxuw70c9e","media_url_https":"https:\/\/pbs.twimg.com\/media\/B6v2u81CMAAtiar.jpg","source_user_id_str":"15754281","source_status_id":552806757672964097,"id_str":"552806665746001920","sizes":{"small":{"h":255,"resize":"fit","w":340},"large":{"h":510,"resize":"fit","w":680},"medium":{"h":450,"resize":"fit","w":600},"thumb":{"h":150,"resize":"crop","w":150}},"indices":[114,136],"type":"photo","id":552806665746001920,"media_url":"http:\/\/pbs.twimg.com\/media\/B6v2u81CMAAtiar.jpg"}]}}