{"contributors": null, "truncated": false, "text": "@USATODAY @12News @AP This is not about political correctness. These medieval assholes want to destroy fee speech &amp; western values: War.", "in_reply_to_status_id": 552806757672964097, "id": 552812322075729920, "favorite_count": 0, "source": "<a href=\"http://twitter.com/download/iphone\" rel=\"nofollow\">Twitter for iPhone</a>", "retweeted": false, "coordinates": null, "entities": {"symbols": [], "user_mentions": [{"id": 15754281, "indices": [0, 9], "id_str": "15754281", "screen_name": "USATODAY", "name": "USA TODAY"}, {"id": 17187236, "indices": [10, 17], "id_str": "17187236", "screen_name": "12News", "name": "12News"}, {"id": 51241574, "indices": [18, 21], "id_str": "51241574", "screen_name": "AP", "name": "The Associated Press"}], "hashtags": [], "urls": []}, "in_reply_to_screen_name": "USATODAY", "id_str": "552812322075729920", "retweet_count": 0, "in_reply_to_user_id": 15754281, "favorited": false, "user": {"follow_request_sent": false, "profile_use_background_image": false, "profile_text_color": "000000", "default_profile_image": false, "id": 139238453, "profile_background_image_url_https": "https://abs.twimg.com/images/themes/theme1/bg.png", "verified": false, "profile_location": null, "profile_image_url_https": "https://pbs.twimg.com/profile_images/1466713302/065__4__normal.jpg", "profile_sidebar_fill_color": "000000", "entities": {"url": {"urls": [{"url": "http://t.co/Su8GPAQkaA", "indices": [0, 22], "expanded_url": "http://www.360guy.org", "display_url": "360guy.org"}]}, "description": {"urls": [{"url": "http://t.co/80gkFVJA4B", "indices": [74, 96], "expanded_url": "http://www.strohmlaw.com", "display_url": "strohmlaw.com"}, {"url": "http://t.co/Su8GPAQkaA", "indices": [112, 134], "expanded_url": "http://www.360guy.org", "display_url": "360guy.org"}]}}, "followers_count": 179, "profile_sidebar_border_color": "000000", "id_str": "139238453", "profile_background_color": "000000", "listed_count": 5, "is_translation_enabled": false, "utc_offset": -28800, "statuses_count": 2346, "description": "Anti-establishment trial lawyer, amateur triathlete, world traveler, dad. http://t.co/80gkFVJA4B (law website); http://t.co/Su8GPAQkaA (travel website)", "friends_count": 99, "location": "Phoenix, AZ", "profile_link_color": "3B94D9", "profile_image_url": "http://pbs.twimg.com/profile_images/1466713302/065__4__normal.jpg", "following": false, "geo_enabled": true, "profile_background_image_url": "http://abs.twimg.com/images/themes/theme1/bg.png", "name": "Richard L. Strohm", "lang": "en", "profile_background_tile": false, "favourites_count": 133, "screen_name": "malibu_tri", "notifications": false, "url": "http://t.co/Su8GPAQkaA", "created_at": "Sun May 02 00:47:18 +0000 2010", "contributors_enabled": false, "time_zone": "Pacific Time (US & Canada)", "protected": false, "default_profile": false, "is_translator": false}, "geo": null, "in_reply_to_user_id_str": "15754281", "lang": "en", "created_at": "Wed Jan 07 13:01:42 +0000 2015", "in_reply_to_status_id_str": "552806757672964097", "place": null}
