{"contributors": null, "truncated": false, "text": "@USATODAY @AP :( #justice", "in_reply_to_status_id": 552806757672964097, "id": 552819464711184384, "favorite_count": 0, "source": "<a href=\"http://twitter.com/download/android\" rel=\"nofollow\">Twitter for Android</a>", "retweeted": false, "coordinates": null, "entities": {"symbols": [], "user_mentions": [{"id": 15754281, "indices": [0, 9], "id_str": "15754281", "screen_name": "USATODAY", "name": "USA TODAY"}, {"id": 51241574, "indices": [10, 13], "id_str": "51241574", "screen_name": "AP", "name": "The Associated Press"}], "hashtags": [{"indices": [17, 25], "text": "justice"}], "urls": []}, "in_reply_to_screen_name": "USATODAY", "id_str": "552819464711184384", "retweet_count": 0, "in_reply_to_user_id": 15754281, "favorited": false, "user": {"follow_request_sent": false, "profile_use_background_image": true, "profile_text_color": "333333", "default_profile_image": false, "id": 2894958605, "profile_background_image_url_https": "https://abs.twimg.com/images/themes/theme1/bg.png", "verified": false, "profile_location": null, "profile_image_url_https": "https://pbs.twimg.com/profile_images/538039235362971649/fdptPc0r_normal.jpeg", "profile_sidebar_fill_color": "DDEEF6", "entities": {"description": {"urls": []}}, "followers_count": 28, "profile_sidebar_border_color": "C0DEED", "id_str": "2894958605", "profile_background_color": "C0DEED", "listed_count": 0, "is_translation_enabled": false, "utc_offset": null, "statuses_count": 13, "description": "", "friends_count": 183, "location": "", "profile_link_color": "0084B4", "profile_image_url": "http://pbs.twimg.com/profile_images/538039235362971649/fdptPc0r_normal.jpeg", "following": false, "geo_enabled": false, "profile_banner_url": "https://pbs.twimg.com/profile_banners/2894958605/1417113519", "profile_background_image_url": "http://abs.twimg.com/images/themes/theme1/bg.png", "name": "ER.MAN FADI", "lang": "en", "profile_background_tile": false, "favourites_count": 10, "screen_name": "ErFadi", "notifications": false, "url": null, "created_at": "Thu Nov 27 18:35:43 +0000 2014", "contributors_enabled": false, "time_zone": null, "protected": false, "default_profile": true, "is_translator": false}, "geo": null, "in_reply_to_user_id_str": "15754281", "lang": "und", "created_at": "Wed Jan 07 13:30:05 +0000 2015", "in_reply_to_status_id_str": "552806757672964097", "place": null}
