{"contributors":null,"truncated":false,"text":"@USATODAY @AP Why Muslims killed Non-muslims ? Why Muslims are not afraid of Mighty God? Why god of muslims is cruel and say Kill Infidel?","in_reply_to_status_id":552806757672964097,"id":552905510039465985,"favorite_count":0,"source":"<a href=\"http:\/\/twitter.com\" rel=\"nofollow\">Twitter Web Client<\/a>","retweeted":false,"coordinates":null,"entities":{"symbols":[],"user_mentions":[{"id":15754281,"indices":[0,9],"id_str":"15754281","screen_name":"USATODAY","name":"USA TODAY"},{"id":51241574,"indices":[10,13],"id_str":"51241574","screen_name":"AP","name":"The Associated Press"}],"hashtags":[],"urls":[]},"in_reply_to_screen_name":"USATODAY","id_str":"552905510039465985","retweet_count":0,"in_reply_to_user_id":15754281,"favorited":false,"user":{"follow_request_sent":false,"profile_use_background_image":false,"profile_text_color":"000000","default_profile_image":false,"id":2373783968,"profile_background_image_url_https":"https:\/\/abs.twimg.com\/images\/themes\/theme1\/bg.png","verified":false,"profile_location":null,"profile_image_url_https":"https:\/\/pbs.twimg.com\/profile_images\/589319167666364416\/zW4qsizp_normal.jpg","profile_sidebar_fill_color":"000000","entities":{"url":{"urls":[{"url":"http:\/\/t.co\/SHmRR8ycGV","indices":[0,22],"expanded_url":"http:\/\/www.abdul.com","display_url":"abdul.com"}]},"description":{"urls":[]}},"followers_count":1558,"profile_sidebar_border_color":"000000","id_str":"2373783968","profile_background_color":"000000","listed_count":0,"is_translation_enabled":false,"utc_offset":null,"statuses_count":3121,"description":"Love and Hate","friends_count":2000,"location":"Qatar","profile_link_color":"3B94D9","profile_image_url":"http:\/\/pbs.twimg.com\/profile_images\/589319167666364416\/zW4qsizp_normal.jpg","following":false,"geo_enabled":false,"profile_banner_url":"https:\/\/pbs.twimg.com\/profile_banners\/2373783968\/1419441246","profile_background_image_url":"http:\/\/abs.twimg.com\/images\/themes\/theme1\/bg.png","name":"pria 1\/2  dewa","lang":"id","profile_background_tile":false,"favourites_count":29,"screen_name":"antodws","notifications":false,"url":"http:\/\/t.co\/SHmRR8ycGV","created_at":"Wed Mar 05 13:46:04 +0000 2014","contributors_enabled":false,"time_zone":null,"protected":false,"default_profile":false,"is_translator":false},"geo":null,"in_reply_to_user_id_str":"15754281","lang":"en","created_at":"Wed Jan 07 19:12:00 +0000 2015","in_reply_to_status_id_str":"552806757672964097","place":null}