{"contributors":null,"truncated":false,"text":"@cnni prayers being sent","in_reply_to_status_id":552791196247269378,"id":552792048173334528,"favorite_count":0,"source":"<a href=\"http:\/\/twitter.com\/download\/android\" rel=\"nofollow\">Twitter for Android<\/a>","retweeted":false,"coordinates":null,"entities":{"symbols":[],"user_mentions":[{"id":2097571,"indices":[0,5],"id_str":"2097571","screen_name":"cnni","name":"CNN International"}],"hashtags":[],"urls":[]},"in_reply_to_screen_name":"cnni","id_str":"552792048173334528","retweet_count":0,"in_reply_to_user_id":2097571,"favorited":false,"user":{"follow_request_sent":false,"profile_use_background_image":true,"profile_text_color":"333333","default_profile_image":false,"id":1935743647,"profile_background_image_url_https":"https:\/\/abs.twimg.com\/images\/themes\/theme1\/bg.png","verified":false,"profile_location":null,"profile_image_url_https":"https:\/\/pbs.twimg.com\/profile_images\/587576600646017024\/ZBDkf72x_normal.jpg","profile_sidebar_fill_color":"DDEEF6","entities":{"url":{"urls":[{"url":"http:\/\/t.co\/B28wx6uKnB","indices":[0,22],"expanded_url":"http:\/\/youtu.be\/E1n0Ek8md-s","display_url":"youtu.be\/E1n0Ek8md-s"}]},"description":{"urls":[]}},"followers_count":115,"profile_sidebar_border_color":"C0DEED","id_str":"1935743647","profile_background_color":"C0DEED","listed_count":2,"is_translation_enabled":false,"utc_offset":null,"statuses_count":4625,"description":"The Best Rapper In Jersey just did it again \u2b07\u2b07\u2b07","friends_count":200,"location":"","profile_link_color":"0084B4","profile_image_url":"http:\/\/pbs.twimg.com\/profile_images\/587576600646017024\/ZBDkf72x_normal.jpg","following":false,"geo_enabled":true,"profile_banner_url":"https:\/\/pbs.twimg.com\/profile_banners\/1935743647\/1393799380","profile_background_image_url":"http:\/\/abs.twimg.com\/images\/themes\/theme1\/bg.png","name":"Nicole","lang":"en","profile_background_tile":false,"favourites_count":5298,"screen_name":"Sh8knKnotSterd","notifications":false,"url":"http:\/\/t.co\/B28wx6uKnB","created_at":"Fri Oct 04 22:52:45 +0000 2013","contributors_enabled":false,"time_zone":null,"protected":false,"default_profile":true,"is_translator":false},"geo":null,"in_reply_to_user_id_str":"2097571","lang":"en","created_at":"Wed Jan 07 11:41:09 +0000 2015","in_reply_to_status_id_str":"552791196247269378","place":null}