{"contributors":null,"truncated":false,"text":"@cnni 11 (9 journalists and 2 policemen) killed and 5 injured. Moreover witnesses affirm that they said \"We're gonna avenge our prophet\"","in_reply_to_status_id":552791196247269378,"id":552792656552939523,"favorite_count":0,"source":"<a href=\"http:\/\/twitter.com\/download\/android\" rel=\"nofollow\">Twitter for Android<\/a>","retweeted":false,"coordinates":null,"entities":{"symbols":[],"user_mentions":[{"id":2097571,"indices":[0,5],"id_str":"2097571","screen_name":"cnni","name":"CNN International"}],"hashtags":[],"urls":[]},"in_reply_to_screen_name":"cnni","id_str":"552792656552939523","retweet_count":0,"in_reply_to_user_id":2097571,"favorited":false,"user":{"follow_request_sent":false,"profile_use_background_image":false,"profile_text_color":"333333","default_profile_image":false,"id":359881870,"profile_background_image_url_https":"https:\/\/pbs.twimg.com\/profile_background_images\/534070815797420032\/bcW4a1P0.jpeg","verified":false,"profile_location":null,"profile_image_url_https":"https:\/\/pbs.twimg.com\/profile_images\/571717541005774848\/vO6pDzP2_normal.png","profile_sidebar_fill_color":"DDEEF6","entities":{"description":{"urls":[]}},"followers_count":85,"profile_sidebar_border_color":"FFFFFF","id_str":"359881870","profile_background_color":"000000","listed_count":3,"is_translation_enabled":false,"utc_offset":3600,"statuses_count":2873,"description":"La r\u00e9ussite, c'est un peu de savoir, un peu de savoir-faire et beaucoup de faire-savoir.","friends_count":406,"location":"Le Mans","profile_link_color":"000000","profile_image_url":"http:\/\/pbs.twimg.com\/profile_images\/571717541005774848\/vO6pDzP2_normal.png","following":false,"geo_enabled":false,"profile_banner_url":"https:\/\/pbs.twimg.com\/profile_banners\/359881870\/1416143616","profile_background_image_url":"http:\/\/pbs.twimg.com\/profile_background_images\/534070815797420032\/bcW4a1P0.jpeg","name":"Gwendal","lang":"en","profile_background_tile":false,"favourites_count":132,"screen_name":"Gwendal_P","notifications":false,"url":null,"created_at":"Mon Aug 22 09:58:45 +0000 2011","contributors_enabled":false,"time_zone":"Paris","protected":false,"default_profile":false,"is_translator":false},"geo":null,"in_reply_to_user_id_str":"2097571","lang":"en","created_at":"Wed Jan 07 11:43:34 +0000 2015","in_reply_to_status_id_str":"552791196247269378","place":null}