{"contributors":null,"truncated":false,"text":"@cnni oh my gosh","in_reply_to_status_id":552791196247269378,"id":552792023078825984,"favorite_count":0,"source":"<a href=\"http:\/\/twitter.com\" rel=\"nofollow\">Twitter Web Client<\/a>","retweeted":false,"coordinates":null,"entities":{"symbols":[],"user_mentions":[{"id":2097571,"indices":[0,5],"id_str":"2097571","screen_name":"cnni","name":"CNN International"}],"hashtags":[],"urls":[]},"in_reply_to_screen_name":"cnni","id_str":"552792023078825984","retweet_count":0,"in_reply_to_user_id":2097571,"favorited":false,"user":{"follow_request_sent":false,"profile_use_background_image":true,"profile_text_color":"333333","default_profile_image":false,"id":468588961,"profile_background_image_url_https":"https:\/\/pbs.twimg.com\/profile_background_images\/538355329117851648\/3LfxlIz9.jpeg","verified":false,"profile_location":null,"profile_image_url_https":"https:\/\/pbs.twimg.com\/profile_images\/588961215986020353\/vT2RRxaw_normal.jpg","profile_sidebar_fill_color":"FFFFFF","entities":{"description":{"urls":[]}},"followers_count":8783,"profile_sidebar_border_color":"000000","id_str":"468588961","profile_background_color":"B2DFDA","listed_count":11,"is_translation_enabled":false,"utc_offset":-18000,"statuses_count":56234,"description":"#Iwillfollowyouback","friends_count":9400,"location":"America","profile_link_color":"3B94D9","profile_image_url":"http:\/\/pbs.twimg.com\/profile_images\/588961215986020353\/vT2RRxaw_normal.jpg","following":false,"geo_enabled":true,"profile_banner_url":"https:\/\/pbs.twimg.com\/profile_banners\/468588961\/1417188853","profile_background_image_url":"http:\/\/pbs.twimg.com\/profile_background_images\/538355329117851648\/3LfxlIz9.jpeg","name":"Steven","lang":"en","profile_background_tile":true,"favourites_count":417713,"screen_name":"psychonemesisx","notifications":false,"url":null,"created_at":"Thu Jan 19 18:05:16 +0000 2012","contributors_enabled":false,"time_zone":"Eastern Time (US & Canada)","protected":false,"default_profile":false,"is_translator":false},"geo":null,"in_reply_to_user_id_str":"2097571","lang":"en","created_at":"Wed Jan 07 11:41:03 +0000 2015","in_reply_to_status_id_str":"552791196247269378","place":null}