{"contributors": null, "truncated": false, "text": "\u201c@cnni: BREAKING: At least 10 killed in shooting at French satirical newspaper Charlie Hebdo, Paris prosecutor's office says.", "in_reply_to_status_id": 552791196247269378, "id": 552795629768814592, "favorite_count": 0, "source": "<a href=\"http://twitter.com/download/iphone\" rel=\"nofollow\">Twitter for iPhone</a>", "retweeted": false, "coordinates": null, "entities": {"symbols": [], "user_mentions": [{"id": 2097571, "indices": [1, 6], "id_str": "2097571", "screen_name": "cnni", "name": "CNN International"}], "hashtags": [], "urls": []}, "in_reply_to_screen_name": "cnni", "id_str": "552795629768814592", "retweet_count": 0, "in_reply_to_user_id": 2097571, "favorited": false, "user": {"follow_request_sent": false, "profile_use_background_image": true, "profile_text_color": "333333", "default_profile_image": false, "id": 2727678915, "profile_background_image_url_https": "https://abs.twimg.com/images/themes/theme1/bg.png", "verified": false, "profile_location": null, "profile_image_url_https": "https://pbs.twimg.com/profile_images/539393634156544000/gnWB_3KW_normal.jpeg", "profile_sidebar_fill_color": "DDEEF6", "entities": {"description": {"urls": []}}, "followers_count": 22, "profile_sidebar_border_color": "C0DEED", "id_str": "2727678915", "profile_background_color": "C0DEED", "listed_count": 1, "is_translation_enabled": false, "utc_offset": null, "statuses_count": 132, "description": "assalamualaikum", "friends_count": 213, "location": "taiping", "profile_link_color": "0084B4", "profile_image_url": "http://pbs.twimg.com/profile_images/539393634156544000/gnWB_3KW_normal.jpeg", "following": false, "geo_enabled": false, "profile_banner_url": "https://pbs.twimg.com/profile_banners/2727678915/1417436433", "profile_background_image_url": "http://abs.twimg.com/images/themes/theme1/bg.png", "name": "Fa_iz", "lang": "en", "profile_background_tile": false, "favourites_count": 5, "screen_name": "ownzghost", "notifications": false, "url": null, "created_at": "Mon Jul 28 23:18:47 +0000 2014", "contributors_enabled": false, "time_zone": null, "protected": false, "default_profile": true, "is_translator": false}, "geo": null, "in_reply_to_user_id_str": "2097571", "lang": "en", "created_at": "Wed Jan 07 11:55:23 +0000 2015", "in_reply_to_status_id_str": "552791196247269378", "place": null}
