{"contributors": null, "truncated": false, "text": "@cnni 11 died", "in_reply_to_status_id": 552791196247269378, "id": 552791567401238529, "favorite_count": 1, "source": "<a href=\"http://twitter.com\" rel=\"nofollow\">Twitter Web Client</a>", "retweeted": false, "coordinates": null, "entities": {"symbols": [], "user_mentions": [{"id": 2097571, "indices": [0, 5], "id_str": "2097571", "screen_name": "cnni", "name": "CNN International"}], "hashtags": [], "urls": []}, "in_reply_to_screen_name": "cnni", "id_str": "552791567401238529", "retweet_count": 0, "in_reply_to_user_id": 2097571, "favorited": false, "user": {"follow_request_sent": false, "profile_use_background_image": true, "profile_text_color": "333333", "default_profile_image": false, "id": 2406682561, "profile_background_image_url_https": "https://pbs.twimg.com/profile_background_images/448972868152348672/NlH8vqKf.jpeg", "verified": false, "profile_location": null, "profile_image_url_https": "https://pbs.twimg.com/profile_images/499625415615315969/lfLc1ovh_normal.jpeg", "profile_sidebar_fill_color": "DDEEF6", "entities": {"description": {"urls": []}}, "followers_count": 70, "profile_sidebar_border_color": "000000", "id_str": "2406682561", "profile_background_color": "C0DEED", "listed_count": 1, "is_translation_enabled": false, "utc_offset": 3600, "statuses_count": 2938, "description": "", "friends_count": 50, "location": "", "profile_link_color": "0084B4", "profile_image_url": "http://pbs.twimg.com/profile_images/499625415615315969/lfLc1ovh_normal.jpeg", "following": false, "geo_enabled": false, "profile_banner_url": "https://pbs.twimg.com/profile_banners/2406682561/1395571517", "profile_background_image_url": "http://pbs.twimg.com/profile_background_images/448972868152348672/NlH8vqKf.jpeg", "name": "Disgustipated", "lang": "en", "profile_background_tile": false, "favourites_count": 6, "screen_name": "_Disgustipated", "notifications": false, "url": null, "created_at": "Sun Mar 23 10:35:42 +0000 2014", "contributors_enabled": false, "time_zone": "Budapest", "protected": false, "default_profile": false, "is_translator": false}, "geo": null, "in_reply_to_user_id_str": "2097571", "lang": "en", "created_at": "Wed Jan 07 11:39:14 +0000 2015", "in_reply_to_status_id_str": "552791196247269378", "place": null}
