{"contributors": null, "truncated": false, "text": "@cnni  May God have mercy on our world. Not France this time for these killings", "in_reply_to_status_id": 552791196247269378, "id": 552795069691232258, "favorite_count": 1, "source": "<a href=\"http://twitter.com/download/android\" rel=\"nofollow\">Twitter for Android</a>", "retweeted": false, "coordinates": null, "entities": {"symbols": [], "user_mentions": [{"id": 2097571, "indices": [0, 5], "id_str": "2097571", "screen_name": "cnni", "name": "CNN International"}], "hashtags": [], "urls": []}, "in_reply_to_screen_name": "cnni", "id_str": "552795069691232258", "retweet_count": 0, "in_reply_to_user_id": 2097571, "favorited": false, "user": {"follow_request_sent": false, "profile_use_background_image": true, "profile_text_color": "333333", "default_profile_image": false, "id": 2828201097, "profile_background_image_url_https": "https://abs.twimg.com/images/themes/theme1/bg.png", "verified": false, "profile_location": null, "profile_image_url_https": "https://pbs.twimg.com/profile_images/522816403716702208/7W8yZsZd_normal.jpeg", "profile_sidebar_fill_color": "DDEEF6", "entities": {"url": {"urls": [{"url": "http://t.co/pUVjG0ge8m", "indices": [0, 22], "expanded_url": "http://dahyor.blogspot.com", "display_url": "dahyor.blogspot.com"}]}, "description": {"urls": []}}, "followers_count": 21, "profile_sidebar_border_color": "C0DEED", "id_str": "2828201097", "profile_background_color": "C0DEED", "listed_count": 0, "is_translation_enabled": false, "utc_offset": null, "statuses_count": 55, "description": "I am a website Developer", "friends_count": 86, "location": "Ghana", "profile_link_color": "0084B4", "profile_image_url": "http://pbs.twimg.com/profile_images/522816403716702208/7W8yZsZd_normal.jpeg", "following": false, "geo_enabled": true, "profile_background_image_url": "http://abs.twimg.com/images/themes/theme1/bg.png", "name": "Dayo Aruna", "lang": "en", "profile_background_tile": false, "favourites_count": 25, "screen_name": "dayoaruna", "notifications": false, "url": "http://t.co/pUVjG0ge8m", "created_at": "Mon Oct 13 20:17:34 +0000 2014", "contributors_enabled": false, "time_zone": null, "protected": false, "default_profile": true, "is_translator": false}, "geo": null, "in_reply_to_user_id_str": "2097571", "lang": "en", "created_at": "Wed Jan 07 11:53:09 +0000 2015", "in_reply_to_status_id_str": "552791196247269378", "place": null}
