{"contributors": null, "truncated": false, "text": "@cnni How could this happen?  France has pretty restrictive gun laws.", "in_reply_to_status_id": 552791196247269378, "id": 552791830476386306, "favorite_count": 0, "source": "<a href=\"http://twitter.com/#!/download/ipad\" rel=\"nofollow\">Twitter for iPad</a>", "retweeted": false, "coordinates": null, "entities": {"symbols": [], "user_mentions": [{"id": 2097571, "indices": [0, 5], "id_str": "2097571", "screen_name": "cnni", "name": "CNN International"}], "hashtags": [], "urls": []}, "in_reply_to_screen_name": "cnni", "id_str": "552791830476386306", "retweet_count": 0, "in_reply_to_user_id": 2097571, "favorited": false, "user": {"follow_request_sent": false, "profile_use_background_image": true, "profile_text_color": "333333", "default_profile_image": false, "id": 538601381, "profile_background_image_url_https": "https://abs.twimg.com/images/themes/theme1/bg.png", "verified": false, "profile_location": null, "profile_image_url_https": "https://pbs.twimg.com/profile_images/479418029399224320/K-MLGV98_normal.jpeg", "profile_sidebar_fill_color": "DDEEF6", "entities": {"description": {"urls": []}}, "followers_count": 3671, "profile_sidebar_border_color": "C0DEED", "id_str": "538601381", "profile_background_color": "C0DEED", "listed_count": 62, "is_translation_enabled": false, "utc_offset": null, "statuses_count": 12167, "description": "Virtue is the business of the universe. - Emerson", "friends_count": 4033, "location": "", "profile_link_color": "0084B4", "profile_image_url": "http://pbs.twimg.com/profile_images/479418029399224320/K-MLGV98_normal.jpeg", "following": false, "geo_enabled": true, "profile_banner_url": "https://pbs.twimg.com/profile_banners/538601381/1395372598", "profile_background_image_url": "http://abs.twimg.com/images/themes/theme1/bg.png", "name": "Bart Simmons", "lang": "en", "profile_background_tile": false, "favourites_count": 550, "screen_name": "SimmonsBart", "notifications": false, "url": null, "created_at": "Wed Mar 28 00:46:32 +0000 2012", "contributors_enabled": false, "time_zone": null, "protected": false, "default_profile": true, "is_translator": false}, "geo": null, "in_reply_to_user_id_str": "2097571", "lang": "en", "created_at": "Wed Jan 07 11:40:17 +0000 2015", "in_reply_to_status_id_str": "552791196247269378", "place": null}
