{"contributors": null, "truncated": false, "text": "\u201c@cnni: At least 10 killed in shooting at French satirical newspaper Charlie Hebdo, Paris prosecutor's office says. http://t.co/CjpubYd0Rk\u201d", "in_reply_to_status_id": 552791196247269378, "id": 552792980658987009, "favorite_count": 0, "source": "<a href=\"http://twitter.com/#!/download/ipad\" rel=\"nofollow\">Twitter for iPad</a>", "retweeted": false, "coordinates": null, "entities": {"symbols": [], "user_mentions": [{"id": 2097571, "indices": [1, 6], "id_str": "2097571", "screen_name": "cnni", "name": "CNN International"}], "hashtags": [], "urls": [{"url": "http://t.co/CjpubYd0Rk", "indices": [116, 138], "expanded_url": "http://cnn.it/1xE3Qkz", "display_url": "cnn.it/1xE3Qkz"}]}, "in_reply_to_screen_name": "cnni", "id_str": "552792980658987009", "retweet_count": 0, "in_reply_to_user_id": 2097571, "favorited": false, "user": {"follow_request_sent": false, "profile_use_background_image": true, "profile_text_color": "333333", "default_profile_image": false, "id": 28292289, "profile_background_image_url_https": "https://abs.twimg.com/images/themes/theme19/bg.gif", "verified": false, "profile_location": null, "profile_image_url_https": "https://pbs.twimg.com/profile_images/553931546076258304/_NSLTIsd_normal.jpeg", "profile_sidebar_fill_color": "F6FFD1", "entities": {"description": {"urls": []}}, "followers_count": 141, "profile_sidebar_border_color": "FFF8AD", "id_str": "28292289", "profile_background_color": "FFF04D", "listed_count": 2, "is_translation_enabled": false, "utc_offset": 19800, "statuses_count": 1089, "description": "", "friends_count": 385, "location": "", "profile_link_color": "3B94D9", "profile_image_url": "http://pbs.twimg.com/profile_images/553931546076258304/_NSLTIsd_normal.jpeg", "following": false, "geo_enabled": false, "profile_banner_url": "https://pbs.twimg.com/profile_banners/28292289/1420903653", "profile_background_image_url": "http://abs.twimg.com/images/themes/theme19/bg.gif", "name": "Jayanth Kumar A K", "lang": "en", "profile_background_tile": false, "favourites_count": 500, "screen_name": "jayanthkumarak", "notifications": false, "url": null, "created_at": "Thu Apr 02 06:05:13 +0000 2009", "contributors_enabled": false, "time_zone": "New Delhi", "protected": false, "default_profile": false, "is_translator": false}, "geo": null, "in_reply_to_user_id_str": "2097571", "possibly_sensitive": false, "lang": "en", "created_at": "Wed Jan 07 11:44:51 +0000 2015", "in_reply_to_status_id_str": "552791196247269378", "place": null}
