{"contributors": null, "truncated": false, "text": "@cnni curly wurlys are so much nicer than half avocados dont u think?", "in_reply_to_status_id": 552794765331144705, "id": 552796152295219200, "favorite_count": 0, "source": "<a href=\"https://mobile.twitter.com\" rel=\"nofollow\">Mobile Web (M2)</a>", "retweeted": false, "coordinates": null, "entities": {"symbols": [], "user_mentions": [{"id": 2097571, "indices": [0, 5], "id_str": "2097571", "screen_name": "cnni", "name": "CNN International"}], "hashtags": [], "urls": []}, "in_reply_to_screen_name": "TJ45021728", "id_str": "552796152295219200", "retweet_count": 0, "in_reply_to_user_id": 2919525786, "favorited": false, "user": {"follow_request_sent": false, "profile_use_background_image": true, "profile_text_color": "333333", "default_profile_image": true, "id": 2919525786, "profile_background_image_url_https": "https://abs.twimg.com/images/themes/theme1/bg.png", "verified": false, "profile_location": null, "profile_image_url_https": "https://abs.twimg.com/sticky/default_profile_images/default_profile_2_normal.png", "profile_sidebar_fill_color": "DDEEF6", "entities": {"description": {"urls": []}}, "followers_count": 22, "profile_sidebar_border_color": "C0DEED", "id_str": "2919525786", "profile_background_color": "C0DEED", "listed_count": 1, "is_translation_enabled": false, "utc_offset": null, "statuses_count": 1985, "description": "", "friends_count": 61, "location": "", "profile_link_color": "0084B4", "profile_image_url": "http://abs.twimg.com/sticky/default_profile_images/default_profile_2_normal.png", "following": false, "geo_enabled": false, "profile_background_image_url": "http://abs.twimg.com/images/themes/theme1/bg.png", "name": "TJ", "lang": "en", "profile_background_tile": false, "favourites_count": 477, "screen_name": "TJ45021728", "notifications": false, "url": null, "created_at": "Fri Dec 05 11:49:04 +0000 2014", "contributors_enabled": false, "time_zone": null, "protected": false, "default_profile": true, "is_translator": false}, "geo": null, "in_reply_to_user_id_str": "2919525786", "lang": "en", "created_at": "Wed Jan 07 11:57:27 +0000 2015", "in_reply_to_status_id_str": "552794765331144705", "place": null}
