{"contributors": null, "truncated": false, "text": "@cnni", "in_reply_to_status_id": 552791196247269378, "id": 552792212056993792, "favorite_count": 0, "source": "<a href=\"http://twitter.com/download/android\" rel=\"nofollow\">Twitter for Android</a>", "retweeted": false, "coordinates": null, "entities": {"symbols": [], "user_mentions": [{"id": 2097571, "indices": [0, 5], "id_str": "2097571", "screen_name": "cnni", "name": "CNN International"}], "hashtags": [], "urls": []}, "in_reply_to_screen_name": "cnni", "id_str": "552792212056993792", "retweet_count": 0, "in_reply_to_user_id": 2097571, "favorited": false, "user": {"follow_request_sent": false, "profile_use_background_image": true, "profile_text_color": "333333", "default_profile_image": false, "id": 2881719169, "profile_background_image_url_https": "https://abs.twimg.com/images/themes/theme1/bg.png", "verified": false, "profile_location": null, "profile_image_url_https": "https://pbs.twimg.com/profile_images/527342302499336194/617ReliR_normal.jpeg", "profile_sidebar_fill_color": "DDEEF6", "entities": {"description": {"urls": []}}, "followers_count": 9, "profile_sidebar_border_color": "C0DEED", "id_str": "2881719169", "profile_background_color": "C0DEED", "listed_count": 0, "is_translation_enabled": false, "utc_offset": null, "statuses_count": 4, "description": "", "friends_count": 26, "location": "", "profile_link_color": "0084B4", "profile_image_url": "http://pbs.twimg.com/profile_images/527342302499336194/617ReliR_normal.jpeg", "following": false, "geo_enabled": false, "profile_banner_url": "https://pbs.twimg.com/profile_banners/2881719169/1414651160", "profile_background_image_url": "http://abs.twimg.com/images/themes/theme1/bg.png", "name": "Abdulkarim Arkani", "lang": "en", "profile_background_tile": false, "favourites_count": 0, "screen_name": "abdulkarimark", "notifications": false, "url": null, "created_at": "Wed Oct 29 06:08:52 +0000 2014", "contributors_enabled": false, "time_zone": null, "protected": false, "default_profile": true, "is_translator": false}, "geo": null, "in_reply_to_user_id_str": "2097571", "lang": "und", "created_at": "Wed Jan 07 11:41:48 +0000 2015", "in_reply_to_status_id_str": "552791196247269378", "place": null}
