{"contributors": null, "truncated": false, "text": "@cnni 11 Killed now", "in_reply_to_status_id": 552791196247269378, "id": 552791516360765440, "favorite_count": 0, "source": "<a href=\"http://twitter.com\" rel=\"nofollow\">Twitter Web Client</a>", "retweeted": false, "coordinates": null, "entities": {"symbols": [], "user_mentions": [{"id": 2097571, "indices": [0, 5], "id_str": "2097571", "screen_name": "cnni", "name": "CNN International"}], "hashtags": [], "urls": []}, "in_reply_to_screen_name": "cnni", "id_str": "552791516360765440", "retweet_count": 0, "in_reply_to_user_id": 2097571, "favorited": false, "user": {"follow_request_sent": false, "profile_use_background_image": true, "profile_text_color": "333333", "default_profile_image": false, "id": 223382695, "profile_background_image_url_https": "https://abs.twimg.com/images/themes/theme1/bg.png", "verified": false, "profile_location": null, "profile_image_url_https": "https://pbs.twimg.com/profile_images/1759740896/fofoca_normal.jpg", "profile_sidebar_fill_color": "DDEEF6", "entities": {"url": {"urls": [{"url": "http://t.co/KKAcaEB0xT", "indices": [0, 22], "expanded_url": "http://withoutborders.com", "display_url": "withoutborders.com"}]}, "description": {"urls": []}}, "followers_count": 1981, "profile_sidebar_border_color": "FFFFFF", "id_str": "223382695", "profile_background_color": "C0DEED", "listed_count": 30, "is_translation_enabled": false, "utc_offset": 3600, "statuses_count": 56346, "description": "*Time flies, you can't, they fly too fast.*", "friends_count": 2110, "location": "Paris/Rio de Janeiro", "profile_link_color": "0084B4", "profile_image_url": "http://pbs.twimg.com/profile_images/1759740896/fofoca_normal.jpg", "following": false, "geo_enabled": true, "profile_background_image_url": "http://abs.twimg.com/images/themes/theme1/bg.png", "name": "Beatrice S.", "lang": "fr", "profile_background_tile": false, "favourites_count": 941, "screen_name": "calipette", "notifications": false, "url": "http://t.co/KKAcaEB0xT", "created_at": "Mon Dec 06 06:52:58 +0000 2010", "contributors_enabled": false, "time_zone": "Paris", "protected": false, "default_profile": false, "is_translator": false}, "geo": null, "in_reply_to_user_id_str": "2097571", "lang": "en", "created_at": "Wed Jan 07 11:39:02 +0000 2015", "in_reply_to_status_id_str": "552791196247269378", "place": {"full_name": "Paris, Ile-de-France", "url": "https://api.twitter.com/1.1/geo/id/09f6a7707f18e0b1.json", "country": "France", "place_type": "city", "bounding_box": {"type": "Polygon", "coordinates": [[[2.2241006, 48.8155214], [2.4699053, 48.8155214], [2.4699053, 48.9021461], [2.2241006, 48.9021461]]]}, "contained_within": [], "country_code": "FR", "attributes": {}, "id": "09f6a7707f18e0b1", "name": "Paris"}}
