{"contributors": null, "truncated": false, "text": "@cnni A person killed  his own son &amp; daughter bcz authority neglected his rights of social security benefits. http://t.co/YpMLFGs6YU", "in_reply_to_status_id": 552791196247269378, "id": 552792564554678272, "favorite_count": 0, "source": "<a href=\"http://twitter.com\" rel=\"nofollow\">Twitter Web Client</a>", "retweeted": false, "coordinates": null, "entities": {"symbols": [], "user_mentions": [{"id": 2097571, "indices": [0, 5], "id_str": "2097571", "screen_name": "cnni", "name": "CNN International"}], "hashtags": [], "urls": [{"url": "http://t.co/YpMLFGs6YU", "indices": [114, 136], "expanded_url": "http://cascadiadisabilitylaw.com/wp/about-us/", "display_url": "cascadiadisabilitylaw.com/wp/about-us/"}]}, "in_reply_to_screen_name": "cnni", "id_str": "552792564554678272", "retweet_count": 0, "in_reply_to_user_id": 2097571, "favorited": false, "user": {"follow_request_sent": false, "profile_use_background_image": true, "profile_text_color": "333333", "default_profile_image": false, "id": 2744496728, "profile_background_image_url_https": "https://abs.twimg.com/images/themes/theme1/bg.png", "verified": false, "profile_location": null, "profile_image_url_https": "https://pbs.twimg.com/profile_images/501672638901518339/XhCaB_o8_normal.png", "profile_sidebar_fill_color": "DDEEF6", "entities": {"description": {"urls": []}}, "followers_count": 4, "profile_sidebar_border_color": "C0DEED", "id_str": "2744496728", "profile_background_color": "C0DEED", "listed_count": 0, "is_translation_enabled": false, "utc_offset": null, "statuses_count": 26, "description": "Cascadia Disability Law LLC is a group of Portland disability attorneys who represent people seeking disability benefits, including social security disability.", "friends_count": 72, "location": "", "profile_link_color": "0084B4", "profile_image_url": "http://pbs.twimg.com/profile_images/501672638901518339/XhCaB_o8_normal.png", "following": false, "geo_enabled": false, "profile_background_image_url": "http://abs.twimg.com/images/themes/theme1/bg.png", "name": "CascadiadisabilityUS", "lang": "en", "profile_background_tile": false, "favourites_count": 24, "screen_name": "DisabilitylawUS", "notifications": false, "url": null, "created_at": "Tue Aug 19 10:02:26 +0000 2014", "contributors_enabled": false, "time_zone": null, "protected": false, "default_profile": true, "is_translator": false}, "geo": null, "in_reply_to_user_id_str": "2097571", "possibly_sensitive": false, "lang": "en", "created_at": "Wed Jan 07 11:43:12 +0000 2015", "in_reply_to_status_id_str": "552791196247269378", "place": null}
