{"contributors": null, "truncated": false, "text": "@cnni @ndtv @BBCBreaking SAD indeed......", "in_reply_to_status_id": 552791196247269378, "id": 552794023258099713, "favorite_count": 0, "source": "<a href=\"http://twitter.com/download/android\" rel=\"nofollow\">Twitter for Android</a>", "retweeted": false, "coordinates": null, "entities": {"symbols": [], "user_mentions": [{"id": 2097571, "indices": [0, 5], "id_str": "2097571", "screen_name": "cnni", "name": "CNN International"}, {"id": 37034483, "indices": [6, 11], "id_str": "37034483", "screen_name": "ndtv", "name": "NDTV"}, {"id": 5402612, "indices": [12, 24], "id_str": "5402612", "screen_name": "BBCBreaking", "name": "BBC Breaking News"}], "hashtags": [], "urls": []}, "in_reply_to_screen_name": "cnni", "id_str": "552794023258099713", "retweet_count": 0, "in_reply_to_user_id": 2097571, "favorited": false, "user": {"follow_request_sent": false, "profile_use_background_image": true, "profile_text_color": "0C3E53", "default_profile_image": false, "id": 88953653, "profile_background_image_url_https": "https://abs.twimg.com/images/themes/theme12/bg.gif", "verified": false, "profile_location": null, "profile_image_url_https": "https://pbs.twimg.com/profile_images/2154138678/Bvu0FH4G_normal", "profile_sidebar_fill_color": "FFF7CC", "entities": {"url": {"urls": [{"url": "http://t.co/XHRePjWjTL", "indices": [0, 22], "expanded_url": "http://www.jma.co.in", "display_url": "jma.co.in"}]}, "description": {"urls": []}}, "followers_count": 38, "profile_sidebar_border_color": "F2E195", "id_str": "88953653", "profile_background_color": "BADFCD", "listed_count": 0, "is_translation_enabled": false, "utc_offset": 19800, "statuses_count": 145, "description": "Cogito Ergo Sum", "friends_count": 96, "location": "New Delhi", "profile_link_color": "FF0000", "profile_image_url": "http://pbs.twimg.com/profile_images/2154138678/Bvu0FH4G_normal", "following": false, "geo_enabled": true, "profile_background_image_url": "http://abs.twimg.com/images/themes/theme12/bg.gif", "name": "Kapil Malhotra", "lang": "en", "profile_background_tile": false, "favourites_count": 1, "screen_name": "CAKapilMalhotra", "notifications": false, "url": "http://t.co/XHRePjWjTL", "created_at": "Tue Nov 10 15:43:58 +0000 2009", "contributors_enabled": false, "time_zone": "Asia/Kolkata", "protected": false, "default_profile": false, "is_translator": false}, "geo": null, "in_reply_to_user_id_str": "2097571", "lang": "en", "created_at": "Wed Jan 07 11:49:00 +0000 2015", "in_reply_to_status_id_str": "552791196247269378", "place": null}
