{"contributors": null, "truncated": false, "text": "@jayanthkumarak @cnni Sad sad day", "in_reply_to_status_id": 552792980658987009, "id": 552826438798172160, "favorite_count": 0, "source": "<a href=\"https://about.twitter.com/products/tweetdeck\" rel=\"nofollow\">TweetDeck</a>", "retweeted": false, "coordinates": null, "entities": {"symbols": [], "user_mentions": [{"id": 28292289, "indices": [0, 15], "id_str": "28292289", "screen_name": "jayanthkumarak", "name": "Jayanth Kumar A K"}, {"id": 2097571, "indices": [16, 21], "id_str": "2097571", "screen_name": "cnni", "name": "CNN International"}], "hashtags": [], "urls": []}, "in_reply_to_screen_name": "jayanthkumarak", "id_str": "552826438798172160", "retweet_count": 0, "in_reply_to_user_id": 28292289, "favorited": false, "user": {"follow_request_sent": false, "profile_use_background_image": true, "profile_text_color": "333333", "default_profile_image": false, "id": 36442545, "profile_background_image_url_https": "https://pbs.twimg.com/profile_background_images/504327033195724800/n3ibkjRq.jpeg", "verified": false, "profile_location": null, "profile_image_url_https": "https://pbs.twimg.com/profile_images/521145361021157376/e8WyvZcC_normal.jpeg", "profile_sidebar_fill_color": "EFEFEF", "entities": {"url": {"urls": [{"url": "http://t.co/v0yp3li5Bz", "indices": [0, 22], "expanded_url": "http://dm14.in/about", "display_url": "dm14.in/about"}]}, "description": {"urls": []}}, "followers_count": 469, "profile_sidebar_border_color": "FFFFFF", "id_str": "36442545", "profile_background_color": "FFFFFF", "listed_count": 16, "is_translation_enabled": false, "utc_offset": 19800, "statuses_count": 5545, "description": "Product manager @Paytm, ex @Facebook / BITS-Pilani grad / Blogger, Anti-bullshit activist, Aspiring mafia boss / books, electronics, data, design, economics", "friends_count": 753, "location": "Bangalore", "profile_link_color": "030303", "profile_image_url": "http://pbs.twimg.com/profile_images/521145361021157376/e8WyvZcC_normal.jpeg", "following": false, "geo_enabled": true, "profile_banner_url": "https://pbs.twimg.com/profile_banners/36442545/1413256096", "profile_background_image_url": "http://pbs.twimg.com/profile_background_images/504327033195724800/n3ibkjRq.jpeg", "name": "Dalan Mendonca", "lang": "en", "profile_background_tile": true, "favourites_count": 1735, "screen_name": "dalanMendonca", "notifications": false, "url": "http://t.co/v0yp3li5Bz", "created_at": "Wed Apr 29 18:57:21 +0000 2009", "contributors_enabled": false, "time_zone": "Mumbai", "protected": false, "default_profile": false, "is_translator": false}, "geo": null, "in_reply_to_user_id_str": "28292289", "lang": "en", "created_at": "Wed Jan 07 13:57:48 +0000 2015", "in_reply_to_status_id_str": "552792980658987009", "place": null}
