{"contributors":null,"truncated":false,"text":"@Sh8knKnotSterd @cnni thank you","in_reply_to_status_id":552792048173334528,"id":552925665293778945,"favorite_count":0,"source":"<a href=\"https:\/\/twitter.com\/download\/android\" rel=\"nofollow\">Twitter for Android Tablets<\/a>","retweeted":false,"coordinates":null,"entities":{"symbols":[],"user_mentions":[{"id":1935743647,"indices":[0,15],"id_str":"1935743647","screen_name":"Sh8knKnotSterd","name":"Nicole"},{"id":2097571,"indices":[16,21],"id_str":"2097571","screen_name":"cnni","name":"CNN International"}],"hashtags":[],"urls":[]},"in_reply_to_screen_name":"Sh8knKnotSterd","id_str":"552925665293778945","retweet_count":0,"in_reply_to_user_id":1935743647,"favorited":false,"user":{"follow_request_sent":false,"profile_use_background_image":true,"profile_text_color":"333333","default_profile_image":false,"id":2962357869,"profile_background_image_url_https":"https:\/\/abs.twimg.com\/images\/themes\/theme1\/bg.png","verified":false,"profile_location":null,"profile_image_url_https":"https:\/\/pbs.twimg.com\/profile_images\/572286436780707841\/__-lDoR__normal.jpeg","profile_sidebar_fill_color":"DDEEF6","entities":{"url":{"urls":[{"url":"http:\/\/t.co\/CZ8wCJEDEZ","indices":[0,22],"expanded_url":"http:\/\/www.believeinvestments.com","display_url":"believeinvestments.com"}]},"description":{"urls":[]}},"followers_count":18,"profile_sidebar_border_color":"C0DEED","id_str":"2962357869","profile_background_color":"C0DEED","listed_count":0,"is_translation_enabled":false,"utc_offset":null,"statuses_count":22,"description":"To get you through the storms as well as the good times. Invest.... Enjoy Life Forever. Visit our offices at 3rd floor Greenland Tower - Kampala","friends_count":241,"location":"Kampala Uganda +256702454715 ","profile_link_color":"0084B4","profile_image_url":"http:\/\/pbs.twimg.com\/profile_images\/572286436780707841\/__-lDoR__normal.jpeg","following":false,"geo_enabled":true,"profile_background_image_url":"http:\/\/abs.twimg.com\/images\/themes\/theme1\/bg.png","name":"Believe Investments ","lang":"en","profile_background_tile":false,"favourites_count":12,"screen_name":"BelieveInvestUg","notifications":false,"url":"http:\/\/t.co\/CZ8wCJEDEZ","created_at":"Mon Jan 05 17:31:12 +0000 2015","contributors_enabled":false,"time_zone":null,"protected":false,"default_profile":true,"is_translator":false},"geo":null,"in_reply_to_user_id_str":"1935743647","lang":"en","created_at":"Wed Jan 07 20:32:06 +0000 2015","in_reply_to_status_id_str":"552792048173334528","place":null}