{"contributors":null,"truncated":false,"text":"@HuffPostUK @NelsonBocaranda que horror...","in_reply_to_status_id":552821069036670976,"id":552833147520692224,"favorite_count":0,"source":"<a href=\"http:\/\/twitter.com\" rel=\"nofollow\">Twitter Web Client<\/a>","retweeted":false,"coordinates":null,"entities":{"symbols":[],"user_mentions":[{"id":271413771,"indices":[0,11],"id_str":"271413771","screen_name":"HuffPostUK","name":"HuffPost UK"},{"id":23719107,"indices":[12,28],"id_str":"23719107","screen_name":"NelsonBocaranda","name":"Nelson Bocaranda S. "}],"hashtags":[],"urls":[]},"in_reply_to_screen_name":"HuffPostUK","id_str":"552833147520692224","retweet_count":0,"in_reply_to_user_id":271413771,"favorited":false,"user":{"follow_request_sent":false,"profile_use_background_image":true,"profile_text_color":"634047","default_profile_image":false,"id":55135128,"profile_background_image_url_https":"https:\/\/pbs.twimg.com\/profile_background_images\/443862341768077312\/NDEgG16S.jpeg","verified":false,"profile_location":null,"profile_image_url_https":"https:\/\/pbs.twimg.com\/profile_images\/584894405670240256\/AO-Jp76i_normal.jpg","profile_sidebar_fill_color":"E3E2DE","entities":{"description":{"urls":[]}},"followers_count":98,"profile_sidebar_border_color":"FFFFFF","id_str":"55135128","profile_background_color":"EDECE9","listed_count":2,"is_translation_enabled":false,"utc_offset":-36000,"statuses_count":1706,"description":"Cuando se deja de  competir comienza la colaboraci\u00f3n...alguien dijo algo as\u00ed...","friends_count":297,"location":"Venezuela ","profile_link_color":"088253","profile_image_url":"http:\/\/pbs.twimg.com\/profile_images\/584894405670240256\/AO-Jp76i_normal.jpg","following":false,"geo_enabled":true,"profile_banner_url":"https:\/\/pbs.twimg.com\/profile_banners\/55135128\/1391880782","profile_background_image_url":"http:\/\/pbs.twimg.com\/profile_background_images\/443862341768077312\/NDEgG16S.jpeg","name":"Venezolana Activa","lang":"es","profile_background_tile":true,"favourites_count":6,"screen_name":"vicentina234","notifications":false,"url":null,"created_at":"Thu Jul 09 03:57:35 +0000 2009","contributors_enabled":false,"time_zone":"Hawaii","protected":false,"default_profile":false,"is_translator":false},"geo":null,"in_reply_to_user_id_str":"271413771","lang":"es","created_at":"Wed Jan 07 14:24:28 +0000 2015","in_reply_to_status_id_str":"552821069036670976","place":null}