{"contributors": null, "truncated": false, "text": "And 8 anonymous. RT@HuffPostUK:4 #CharlieHebdo cartoonists killed:\n- Charb\n- Cabu\n- Tignous\n- Wolinski\n#JeSuisCharlie http://t.co/YfmU5MWjJC", "in_reply_to_status_id": 552821069036670976, "id": 552827345435103234, "favorite_count": 1, "source": "<a href=\"http://twitter.com/download/iphone\" rel=\"nofollow\">Twitter for iPhone</a>", "retweeted": false, "coordinates": null, "entities": {"symbols": [], "user_mentions": [{"id": 271413771, "indices": [19, 30], "id_str": "271413771", "screen_name": "HuffPostUK", "name": "HuffPost UK"}], "hashtags": [{"indices": [33, 46], "text": "CharlieHebdo"}, {"indices": [103, 117], "text": "JeSuisCharlie"}], "urls": [], "media": [{"source_user_id": 271413771, "source_status_id_str": "552821069036670976", "expanded_url": "http://twitter.com/HuffPostUK/status/552821069036670976/photo/1", "display_url": "pic.twitter.com/YfmU5MWjJC", "url": "http://t.co/YfmU5MWjJC", "media_url_https": "https://pbs.twimg.com/media/B6wDKXgCIAAUwjs.png", "source_user_id_str": "271413771", "source_status_id": 552821069036670976, "id_str": "552820330901676032", "sizes": {"large": {"h": 530, "resize": "fit", "w": 436}, "small": {"h": 413, "resize": "fit", "w": 340}, "medium": {"h": 530, "resize": "fit", "w": 436}, "thumb": {"h": 150, "resize": "crop", "w": 150}}, "indices": [118, 140], "type": "photo", "id": 552820330901676032, "media_url": "http://pbs.twimg.com/media/B6wDKXgCIAAUwjs.png"}]}, "in_reply_to_screen_name": "HuffPostUK", "id_str": "552827345435103234", "retweet_count": 1, "in_reply_to_user_id": 271413771, "favorited": false, "user": {"follow_request_sent": false, "profile_use_background_image": true, "profile_text_color": "666666", "default_profile_image": false, "id": 346733298, "profile_background_image_url_https": "https://pbs.twimg.com/profile_background_images/611709560/8b2abkbkmn34ws18je8r.jpeg", "verified": false, "profile_location": null, "profile_image_url_https": "https://pbs.twimg.com/profile_images/556266763856654336/KMtsvLMF_normal.jpeg", "profile_sidebar_fill_color": "252429", "entities": {"description": {"urls": []}}, "followers_count": 912, "profile_sidebar_border_color": "181A1E", "id_str": "346733298", "profile_background_color": "8A2D8A", "listed_count": 13, "is_translation_enabled": false, "utc_offset": 3600, "statuses_count": 10699, "description": "Peace&Love4Everybody. #Prince #3RDEG #NPG FunknRollMusicIsMyReligion. Life is beauty... La vie est belle...", "friends_count": 632, "location": "Paris&Worldwide", "profile_link_color": "CC00FF", "profile_image_url": "http://pbs.twimg.com/profile_images/556266763856654336/KMtsvLMF_normal.jpeg", "following": false, "geo_enabled": true, "profile_banner_url": "https://pbs.twimg.com/profile_banners/346733298/1412483702", "profile_background_image_url": "http://pbs.twimg.com/profile_background_images/611709560/8b2abkbkmn34ws18je8r.jpeg", "name": "PurpleLove", "lang": "fr", "profile_background_tile": false, "favourites_count": 2192, "screen_name": "LoveSymbol23", "notifications": false, "url": null, "created_at": "Mon Aug 01 19:10:46 +0000 2011", "contributors_enabled": false, "time_zone": "Paris", "protected": false, "default_profile": false, "is_translator": false}, "geo": null, "in_reply_to_user_id_str": "271413771", "possibly_sensitive": false, "lang": "en", "created_at": "Wed Jan 07 14:01:24 +0000 2015", "in_reply_to_status_id_str": "552821069036670976", "place": null, "extended_entities": {"media": [{"source_user_id": 271413771, "source_status_id_str": "552821069036670976", "expanded_url": "http://twitter.com/HuffPostUK/status/552821069036670976/photo/1", "display_url": "pic.twitter.com/YfmU5MWjJC", "url": "http://t.co/YfmU5MWjJC", "media_url_https": "https://pbs.twimg.com/media/B6wDKXgCIAAUwjs.png", "source_user_id_str": "271413771", "source_status_id": 552821069036670976, "id_str": "552820330901676032", "sizes": {"large": {"h": 530, "resize": "fit", "w": 436}, "small": {"h": 413, "resize": "fit", "w": 340}, "medium": {"h": 530, "resize": "fit", "w": 436}, "thumb": {"h": 150, "resize": "crop", "w": 150}}, "indices": [118, 140], "type": "photo", "id": 552820330901676032, "media_url": "http://pbs.twimg.com/media/B6wDKXgCIAAUwjs.png"}, {"source_user_id": 271413771, "source_status_id_str": "552821069036670976", "expanded_url": "http://twitter.com/HuffPostUK/status/552821069036670976/photo/1", "display_url": "pic.twitter.com/YfmU5MWjJC", "url": "http://t.co/YfmU5MWjJC", "media_url_https": "https://pbs.twimg.com/media/B6wDMNYCIAE97XV.png", "source_user_id_str": "271413771", "source_status_id": 552821069036670976, "id_str": "552820362543505409", "sizes": {"large": {"h": 530, "resize": "fit", "w": 506}, "small": {"h": 356, "resize": "fit", "w": 340}, "medium": {"h": 530, "resize": "fit", "w": 506}, "thumb": {"h": 150, "resize": "crop", "w": 150}}, "indices": [118, 140], "type": "photo", "id": 552820362543505409, "media_url": "http://pbs.twimg.com/media/B6wDMNYCIAE97XV.png"}, {"source_user_id": 271413771, "source_status_id_str": "552821069036670976", "expanded_url": "http://twitter.com/HuffPostUK/status/552821069036670976/photo/1", "display_url": "pic.twitter.com/YfmU5MWjJC", "url": "http://t.co/YfmU5MWjJC", "media_url_https": "https://pbs.twimg.com/media/B6wDpYFCUAET9Yd.png", "source_user_id_str": "271413771", "source_status_id": 552821069036670976, "id_str": "552820863632822273", "sizes": {"large": {"h": 920, "resize": "fit", "w": 746}, "small": {"h": 419, "resize": "fit", "w": 340}, "medium": {"h": 739, "resize": "fit", "w": 600}, "thumb": {"h": 150, "resize": "crop", "w": 150}}, "indices": [118, 140], "type": "photo", "id": 552820863632822273, "media_url": "http://pbs.twimg.com/media/B6wDpYFCUAET9Yd.png"}, {"source_user_id": 271413771, "source_status_id_str": "552821069036670976", "expanded_url": "http://twitter.com/HuffPostUK/status/552821069036670976/photo/1", "display_url": "pic.twitter.com/YfmU5MWjJC", "url": "http://t.co/YfmU5MWjJC", "media_url_https": "https://pbs.twimg.com/media/B6wD0_nCYAA7iWH.png", "source_user_id_str": "271413771", "source_status_id": 552821069036670976, "id_str": "552821063222976512", "sizes": {"large": {"h": 783, "resize": "fit", "w": 616}, "small": {"h": 432, "resize": "fit", "w": 340}, "medium": {"h": 762, "resize": "fit", "w": 600}, "thumb": {"h": 150, "resize": "crop", "w": 150}}, "indices": [118, 140], "type": "photo", "id": 552821063222976512, "media_url": "http://pbs.twimg.com/media/B6wD0_nCYAA7iWH.png"}]}}
