{"contributors":null,"truncated":false,"text":"#Ger\u00e7ek\u0130slamBudur \u201c@HuffPostUK: 4 #CharlieHebdo cartoonists killed:\n- Charb- Cabu- Tignous- Georges Wolinski http:\/\/t.co\/T5G5TrcteG\u201d","in_reply_to_status_id":552821069036670976,"id":552822679712313344,"favorite_count":0,"source":"<a href=\"http:\/\/twitter.com\/download\/iphone\" rel=\"nofollow\">Twitter for iPhone<\/a>","retweeted":false,"coordinates":null,"entities":{"symbols":[],"user_mentions":[{"id":271413771,"indices":[19,30],"id_str":"271413771","screen_name":"HuffPostUK","name":"HuffPost UK"}],"hashtags":[{"indices":[0,17],"text":"Ger\u00e7ek\u0130slamBudur"},{"indices":[34,47],"text":"CharlieHebdo"}],"urls":[],"media":[{"source_user_id":271413771,"source_status_id_str":"552821069036670976","expanded_url":"http:\/\/twitter.com\/HuffPostUK\/status\/552821069036670976\/photo\/1","display_url":"pic.twitter.com\/T5G5TrcteG","url":"http:\/\/t.co\/T5G5TrcteG","media_url_https":"https:\/\/pbs.twimg.com\/media\/B6wDKXgCIAAUwjs.png","source_user_id_str":"271413771","source_status_id":552821069036670976,"id_str":"552820330901676032","sizes":{"large":{"h":530,"resize":"fit","w":436},"small":{"h":413,"resize":"fit","w":340},"medium":{"h":530,"resize":"fit","w":436},"thumb":{"h":150,"resize":"crop","w":150}},"indices":[109,131],"type":"photo","id":552820330901676032,"media_url":"http:\/\/pbs.twimg.com\/media\/B6wDKXgCIAAUwjs.png"}]},"in_reply_to_screen_name":"HuffPostUK","id_str":"552822679712313344","retweet_count":1,"in_reply_to_user_id":271413771,"favorited":false,"user":{"follow_request_sent":false,"profile_use_background_image":true,"profile_text_color":"333333","default_profile_image":false,"id":346163692,"profile_background_image_url_https":"https:\/\/pbs.twimg.com\/profile_background_images\/495170089939775488\/BzITh36V.jpeg","verified":false,"profile_location":null,"profile_image_url_https":"https:\/\/pbs.twimg.com\/profile_images\/570623451570024448\/o0WefBzF_normal.jpeg","profile_sidebar_fill_color":"FFFFFF","entities":{"url":{"urls":[{"url":"http:\/\/t.co\/qvVNuOPrNf","indices":[0,22],"expanded_url":"http:\/\/ishe-araf.tumblr.com\/","display_url":"ishe-araf.tumblr.com"}]},"description":{"urls":[]}},"followers_count":1267,"profile_sidebar_border_color":"000000","id_str":"346163692","profile_background_color":"FFF04D","listed_count":4,"is_translation_enabled":false,"utc_offset":7200,"statuses_count":7266,"description":"Ik zal handhaven","friends_count":122,"location":"","profile_link_color":"0099CC","profile_image_url":"http:\/\/pbs.twimg.com\/profile_images\/570623451570024448\/o0WefBzF_normal.jpeg","following":false,"geo_enabled":false,"profile_banner_url":"https:\/\/pbs.twimg.com\/profile_banners\/346163692\/1413492489","profile_background_image_url":"http:\/\/pbs.twimg.com\/profile_background_images\/495170089939775488\/BzITh36V.jpeg","name":"Alina","lang":"tr","profile_background_tile":true,"favourites_count":2955,"screen_name":"oleg_dou","notifications":false,"url":"http:\/\/t.co\/qvVNuOPrNf","created_at":"Sun Jul 31 20:46:40 +0000 2011","contributors_enabled":false,"time_zone":"Athens","protected":false,"default_profile":false,"is_translator":false},"geo":null,"in_reply_to_user_id_str":"271413771","possibly_sensitive":true,"lang":"en","created_at":"Wed Jan 07 13:42:52 +0000 2015","in_reply_to_status_id_str":"552821069036670976","place":null,"extended_entities":{"media":[{"source_user_id":271413771,"source_status_id_str":"552821069036670976","expanded_url":"http:\/\/twitter.com\/HuffPostUK\/status\/552821069036670976\/photo\/1","display_url":"pic.twitter.com\/T5G5TrcteG","url":"http:\/\/t.co\/T5G5TrcteG","media_url_https":"https:\/\/pbs.twimg.com\/media\/B6wDKXgCIAAUwjs.png","source_user_id_str":"271413771","source_status_id":552821069036670976,"id_str":"552820330901676032","sizes":{"large":{"h":530,"resize":"fit","w":436},"small":{"h":413,"resize":"fit","w":340},"medium":{"h":530,"resize":"fit","w":436},"thumb":{"h":150,"resize":"crop","w":150}},"indices":[109,131],"type":"photo","id":552820330901676032,"media_url":"http:\/\/pbs.twimg.com\/media\/B6wDKXgCIAAUwjs.png"},{"source_user_id":271413771,"source_status_id_str":"552821069036670976","expanded_url":"http:\/\/twitter.com\/HuffPostUK\/status\/552821069036670976\/photo\/1","display_url":"pic.twitter.com\/T5G5TrcteG","url":"http:\/\/t.co\/T5G5TrcteG","media_url_https":"https:\/\/pbs.twimg.com\/media\/B6wDMNYCIAE97XV.png","source_user_id_str":"271413771","source_status_id":552821069036670976,"id_str":"552820362543505409","sizes":{"large":{"h":530,"resize":"fit","w":506},"small":{"h":356,"resize":"fit","w":340},"medium":{"h":530,"resize":"fit","w":506},"thumb":{"h":150,"resize":"crop","w":150}},"indices":[109,131],"type":"photo","id":552820362543505409,"media_url":"http:\/\/pbs.twimg.com\/media\/B6wDMNYCIAE97XV.png"},{"source_user_id":271413771,"source_status_id_str":"552821069036670976","expanded_url":"http:\/\/twitter.com\/HuffPostUK\/status\/552821069036670976\/photo\/1","display_url":"pic.twitter.com\/T5G5TrcteG","url":"http:\/\/t.co\/T5G5TrcteG","media_url_https":"https:\/\/pbs.twimg.com\/media\/B6wDpYFCUAET9Yd.png","source_user_id_str":"271413771","source_status_id":552821069036670976,"id_str":"552820863632822273","sizes":{"large":{"h":920,"resize":"fit","w":746},"small":{"h":419,"resize":"fit","w":340},"medium":{"h":739,"resize":"fit","w":600},"thumb":{"h":150,"resize":"crop","w":150}},"indices":[109,131],"type":"photo","id":552820863632822273,"media_url":"http:\/\/pbs.twimg.com\/media\/B6wDpYFCUAET9Yd.png"},{"source_user_id":271413771,"source_status_id_str":"552821069036670976","expanded_url":"http:\/\/twitter.com\/HuffPostUK\/status\/552821069036670976\/photo\/1","display_url":"pic.twitter.com\/T5G5TrcteG","url":"http:\/\/t.co\/T5G5TrcteG","media_url_https":"https:\/\/pbs.twimg.com\/media\/B6wD0_nCYAA7iWH.png","source_user_id_str":"271413771","source_status_id":552821069036670976,"id_str":"552821063222976512","sizes":{"large":{"h":783,"resize":"fit","w":616},"small":{"h":432,"resize":"fit","w":340},"medium":{"h":762,"resize":"fit","w":600},"thumb":{"h":150,"resize":"crop","w":150}},"indices":[109,131],"type":"photo","id":552821063222976512,"media_url":"http:\/\/pbs.twimg.com\/media\/B6wD0_nCYAA7iWH.png"}]}}