{"contributors":null,"truncated":false,"text":"@HuffPostUK sad so sad","in_reply_to_status_id":552821069036670976,"id":552823713876303872,"favorite_count":0,"source":"<a href=\"http:\/\/twitter.com\/download\/iphone\" rel=\"nofollow\">Twitter for iPhone<\/a>","retweeted":false,"coordinates":null,"entities":{"symbols":[],"user_mentions":[{"id":271413771,"indices":[0,11],"id_str":"271413771","screen_name":"HuffPostUK","name":"HuffPost UK"}],"hashtags":[],"urls":[]},"in_reply_to_screen_name":"HuffPostUK","id_str":"552823713876303872","retweet_count":0,"in_reply_to_user_id":271413771,"favorited":false,"user":{"follow_request_sent":false,"profile_use_background_image":true,"profile_text_color":"333333","default_profile_image":false,"id":2830933580,"profile_background_image_url_https":"https:\/\/abs.twimg.com\/images\/themes\/theme1\/bg.png","verified":false,"profile_location":null,"profile_image_url_https":"https:\/\/pbs.twimg.com\/profile_images\/588108915214127104\/N_XXgX8g_normal.jpg","profile_sidebar_fill_color":"DDEEF6","entities":{"description":{"urls":[]}},"followers_count":10,"profile_sidebar_border_color":"C0DEED","id_str":"2830933580","profile_background_color":"C0DEED","listed_count":1,"is_translation_enabled":false,"utc_offset":null,"statuses_count":97,"description":"just my private Twitter, from me -Gaetane- to follow the news.","friends_count":182,"location":"","profile_link_color":"0084B4","profile_image_url":"http:\/\/pbs.twimg.com\/profile_images\/588108915214127104\/N_XXgX8g_normal.jpg","following":false,"geo_enabled":false,"profile_banner_url":"https:\/\/pbs.twimg.com\/profile_banners\/2830933580\/1411612083","profile_background_image_url":"http:\/\/abs.twimg.com\/images\/themes\/theme1\/bg.png","name":"Claire Hay","lang":"en","profile_background_tile":false,"favourites_count":111,"screen_name":"ClaireHay2","notifications":false,"url":null,"created_at":"Thu Sep 25 02:18:34 +0000 2014","contributors_enabled":false,"time_zone":null,"protected":false,"default_profile":true,"is_translator":false},"geo":null,"in_reply_to_user_id_str":"271413771","lang":"en","created_at":"Wed Jan 07 13:46:59 +0000 2015","in_reply_to_status_id_str":"552821069036670976","place":null}