{"contributors":null,"truncated":false,"text":"@HuffPostUK incredibly saddened by this","in_reply_to_status_id":552821069036670976,"id":552822567057510400,"favorite_count":1,"source":"<a href=\"http:\/\/twitter.com\/download\/iphone\" rel=\"nofollow\">Twitter for iPhone<\/a>","retweeted":false,"coordinates":null,"entities":{"symbols":[],"user_mentions":[{"id":271413771,"indices":[0,11],"id_str":"271413771","screen_name":"HuffPostUK","name":"HuffPost UK"}],"hashtags":[],"urls":[]},"in_reply_to_screen_name":"HuffPostUK","id_str":"552822567057510400","retweet_count":1,"in_reply_to_user_id":271413771,"favorited":false,"user":{"follow_request_sent":false,"profile_use_background_image":true,"profile_text_color":"333333","default_profile_image":false,"id":798217951,"profile_background_image_url_https":"https:\/\/pbs.twimg.com\/profile_background_images\/378800000161402591\/z4XCVAOy.png","verified":false,"profile_location":null,"profile_image_url_https":"https:\/\/pbs.twimg.com\/profile_images\/583901632037019648\/Eo6HR-K__normal.jpg","profile_sidebar_fill_color":"E6F6F9","entities":{"description":{"urls":[]}},"followers_count":30248,"profile_sidebar_border_color":"FFFFFF","id_str":"798217951","profile_background_color":"FFFFFF","listed_count":131,"is_translation_enabled":false,"utc_offset":0,"statuses_count":28155,"description":"I didn't choose to become a belieber, I just got addicted to the happiness I feel when I see Justin smile. And then he followed \u265b","friends_count":10295,"location":"\u2666 m \u2741 e \u262f l \u2741 a \u2666","profile_link_color":"1A2F66","profile_image_url":"http:\/\/pbs.twimg.com\/profile_images\/583901632037019648\/Eo6HR-K__normal.jpg","following":false,"geo_enabled":false,"profile_banner_url":"https:\/\/pbs.twimg.com\/profile_banners\/798217951\/1418077684","profile_background_image_url":"http:\/\/pbs.twimg.com\/profile_background_images\/378800000161402591\/z4XCVAOy.png","name":"cr","lang":"en","profile_background_tile":true,"favourites_count":1530,"screen_name":"BiebsGuardian","notifications":false,"url":null,"created_at":"Sun Sep 02 12:57:00 +0000 2012","contributors_enabled":false,"time_zone":"Lisbon","protected":false,"default_profile":false,"is_translator":false},"geo":null,"in_reply_to_user_id_str":"271413771","lang":"en","created_at":"Wed Jan 07 13:42:25 +0000 2015","in_reply_to_status_id_str":"552821069036670976","place":null}