{"contributors":null,"truncated":false,"text":"@Serkanincc konu\u015fma len  teneke bi g\u00fcn bende s\u0131k\u0131cam a\u011fz\u0131na g\u00f6rcen :d babam dava etcek zaten seni aleyhine karikat\u00fcr \u00e7iziyon diye","in_reply_to_status_id":552826863698317312,"id":552832247737622528,"favorite_count":1,"source":"<a href=\"http:\/\/twitter.com\/download\/iphone\" rel=\"nofollow\">Twitter for iPhone<\/a>","retweeted":false,"coordinates":null,"entities":{"symbols":[],"user_mentions":[{"id":2453073078,"indices":[0,11],"id_str":"2453073078","screen_name":"Serkanincc","name":"Serkan \u0130nce"}],"hashtags":[],"urls":[]},"in_reply_to_screen_name":"Serkanincc","id_str":"552832247737622528","retweet_count":0,"in_reply_to_user_id":2453073078,"favorited":false,"user":{"follow_request_sent":false,"profile_use_background_image":false,"profile_text_color":"333333","default_profile_image":false,"id":538417570,"profile_background_image_url_https":"https:\/\/pbs.twimg.com\/profile_background_images\/581981596\/cscjj6kox0etcyrl92p7.jpeg","verified":false,"profile_location":null,"profile_image_url_https":"https:\/\/pbs.twimg.com\/profile_images\/583551316355604481\/ABIZ5h1Z_normal.jpg","profile_sidebar_fill_color":"DDEEF6","entities":{"description":{"urls":[]}},"followers_count":72,"profile_sidebar_border_color":"FFFFFF","id_str":"538417570","profile_background_color":"C0DEED","listed_count":1,"is_translation_enabled":false,"utc_offset":10800,"statuses_count":1389,"description":"53 - ODT\u00dc","friends_count":94,"location":"","profile_link_color":"0084B4","profile_image_url":"http:\/\/pbs.twimg.com\/profile_images\/583551316355604481\/ABIZ5h1Z_normal.jpg","following":false,"geo_enabled":false,"profile_background_image_url":"http:\/\/pbs.twimg.com\/profile_background_images\/581981596\/cscjj6kox0etcyrl92p7.jpeg","name":"Atilla O\u011fuz Da\u011fc\u0131lar","lang":"tr","profile_background_tile":false,"favourites_count":2697,"screen_name":"AtillaDagcilar","notifications":false,"url":null,"created_at":"Tue Mar 27 19:21:11 +0000 2012","contributors_enabled":false,"time_zone":"Baghdad","protected":false,"default_profile":false,"is_translator":false},"geo":null,"in_reply_to_user_id_str":"2453073078","lang":"tr","created_at":"Wed Jan 07 14:20:53 +0000 2015","in_reply_to_status_id_str":"552826863698317312","place":null}