{"contributors":null,"truncated":false,"text":"@HuffPostUK Wow I read this story and i'm shocked. What a sad situation...","in_reply_to_status_id":552821069036670976,"id":552826863698317312,"favorite_count":1,"source":"<a href=\"http:\/\/twitter.com\" rel=\"nofollow\">Twitter Web Client<\/a>","retweeted":false,"coordinates":null,"entities":{"symbols":[],"user_mentions":[{"id":271413771,"indices":[0,11],"id_str":"271413771","screen_name":"HuffPostUK","name":"HuffPost UK"}],"hashtags":[],"urls":[]},"in_reply_to_screen_name":"HuffPostUK","id_str":"552826863698317312","retweet_count":0,"in_reply_to_user_id":271413771,"favorited":false,"user":{"follow_request_sent":false,"profile_use_background_image":true,"profile_text_color":"000000","default_profile_image":false,"id":2453073078,"profile_background_image_url_https":"https:\/\/pbs.twimg.com\/profile_background_images\/546379872767987712\/H0C_J-on.jpeg","verified":false,"profile_location":null,"profile_image_url_https":"https:\/\/pbs.twimg.com\/profile_images\/574163432422838272\/BdQn389b_normal.jpeg","profile_sidebar_fill_color":"FFFFFF","entities":{"url":{"urls":[{"url":"http:\/\/t.co\/AzOssUys7z","indices":[0,22],"expanded_url":"http:\/\/www.antoloji.com\/serkan-ince\/siirleri","display_url":"antoloji.com\/serkan-ince\/si\u2026"}]},"description":{"urls":[]}},"followers_count":139,"profile_sidebar_border_color":"FFFFFF","id_str":"2453073078","profile_background_color":"FFFFFF","listed_count":0,"is_translation_enabled":false,"utc_offset":10800,"statuses_count":347,"description":"Kendince yazar, \u00e7izer, karalar.                                    Pamukkale \u00dcniversitesi","friends_count":118,"location":"\u0130zmir - Denizli","profile_link_color":"800517","profile_image_url":"http:\/\/pbs.twimg.com\/profile_images\/574163432422838272\/BdQn389b_normal.jpeg","following":false,"geo_enabled":false,"profile_banner_url":"https:\/\/pbs.twimg.com\/profile_banners\/2453073078\/1421338545","profile_background_image_url":"http:\/\/pbs.twimg.com\/profile_background_images\/546379872767987712\/H0C_J-on.jpeg","name":"Serkan \u0130nce","lang":"tr","profile_background_tile":true,"favourites_count":881,"screen_name":"Serkanincc","notifications":false,"url":"http:\/\/t.co\/AzOssUys7z","created_at":"Sat Apr 19 12:43:33 +0000 2014","contributors_enabled":false,"time_zone":"Baghdad","protected":false,"default_profile":false,"is_translator":false},"geo":null,"in_reply_to_user_id_str":"271413771","lang":"en","created_at":"Wed Jan 07 13:59:29 +0000 2015","in_reply_to_status_id_str":"552821069036670976","place":null}