{"contributors":null,"truncated":false,"text":"\u201c@HuffPostUK: 4 ilustradores #CharlieHebdo asesinados:\n\n- Charb\n- Cabu\n- Tignous\n- Georges Wolinski\n\n#JeSuisCharlie http:\/\/t.co\/aIM7RJ4jbD\u201d","in_reply_to_status_id":552821069036670976,"id":552821934476754944,"favorite_count":0,"source":"<a href=\"http:\/\/twitter.com\/download\/iphone\" rel=\"nofollow\">Twitter for iPhone<\/a>","retweeted":false,"coordinates":null,"entities":{"symbols":[],"user_mentions":[{"id":271413771,"indices":[1,12],"id_str":"271413771","screen_name":"HuffPostUK","name":"HuffPost UK"}],"hashtags":[{"indices":[29,42],"text":"CharlieHebdo"},{"indices":[101,115],"text":"JeSuisCharlie"}],"urls":[],"media":[{"source_user_id":271413771,"source_status_id_str":"552821069036670976","expanded_url":"http:\/\/twitter.com\/HuffPostUK\/status\/552821069036670976\/photo\/1","display_url":"pic.twitter.com\/aIM7RJ4jbD","url":"http:\/\/t.co\/aIM7RJ4jbD","media_url_https":"https:\/\/pbs.twimg.com\/media\/B6wDKXgCIAAUwjs.png","source_user_id_str":"271413771","source_status_id":552821069036670976,"id_str":"552820330901676032","sizes":{"large":{"h":530,"resize":"fit","w":436},"small":{"h":413,"resize":"fit","w":340},"medium":{"h":530,"resize":"fit","w":436},"thumb":{"h":150,"resize":"crop","w":150}},"indices":[116,138],"type":"photo","id":552820330901676032,"media_url":"http:\/\/pbs.twimg.com\/media\/B6wDKXgCIAAUwjs.png"}]},"in_reply_to_screen_name":"HuffPostUK","id_str":"552821934476754944","retweet_count":11,"in_reply_to_user_id":271413771,"favorited":false,"user":{"follow_request_sent":false,"profile_use_background_image":false,"profile_text_color":"333333","default_profile_image":false,"id":16179703,"profile_background_image_url_https":"https:\/\/pbs.twimg.com\/profile_background_images\/535269708715393024\/FvBBmVHd.jpeg","verified":false,"profile_location":null,"profile_image_url_https":"https:\/\/pbs.twimg.com\/profile_images\/582919008749490176\/-1xXoY8z_normal.jpg","profile_sidebar_fill_color":"F6F6F6","entities":{"url":{"urls":[{"url":"http:\/\/t.co\/LWB4RtrVfQ","indices":[0,22],"expanded_url":"http:\/\/www.facebook.com\/emeguerrero","display_url":"facebook.com\/emeguerrero"}]},"description":{"urls":[{"url":"http:\/\/t.co\/7MpV8EqiLP","indices":[99,121],"expanded_url":"http:\/\/bit.ly\/1sMNy26","display_url":"bit.ly\/1sMNy26"}]}},"followers_count":23817,"profile_sidebar_border_color":"FFFFFF","id_str":"16179703","profile_background_color":"709397","listed_count":203,"is_translation_enabled":false,"utc_offset":-10800,"statuses_count":25350,"description":"Soci\u00f3logo, Bioeticista, Acad\u00e9mico | Derechos Humanos, \u00c9tica Animal, \u00c9tica Ambiental. Guitarrista | http:\/\/t.co\/7MpV8EqiLP","friends_count":9047,"location":"\u00d1u\u00f1oa, Chile","profile_link_color":"3B94D9","profile_image_url":"http:\/\/pbs.twimg.com\/profile_images\/582919008749490176\/-1xXoY8z_normal.jpg","following":false,"geo_enabled":false,"profile_banner_url":"https:\/\/pbs.twimg.com\/profile_banners\/16179703\/1421696063","profile_background_image_url":"http:\/\/pbs.twimg.com\/profile_background_images\/535269708715393024\/FvBBmVHd.jpeg","name":"Manuel Guerrero","lang":"es","profile_background_tile":false,"favourites_count":5014,"screen_name":"manuel_guerrero","notifications":false,"url":"http:\/\/t.co\/LWB4RtrVfQ","created_at":"Mon Sep 08 03:58:53 +0000 2008","contributors_enabled":false,"time_zone":"Santiago","protected":false,"default_profile":false,"is_translator":false},"geo":null,"in_reply_to_user_id_str":"271413771","possibly_sensitive":false,"lang":"es","created_at":"Wed Jan 07 13:39:54 +0000 2015","in_reply_to_status_id_str":"552821069036670976","place":null,"extended_entities":{"media":[{"source_user_id":271413771,"source_status_id_str":"552821069036670976","expanded_url":"http:\/\/twitter.com\/HuffPostUK\/status\/552821069036670976\/photo\/1","display_url":"pic.twitter.com\/aIM7RJ4jbD","url":"http:\/\/t.co\/aIM7RJ4jbD","media_url_https":"https:\/\/pbs.twimg.com\/media\/B6wDKXgCIAAUwjs.png","source_user_id_str":"271413771","source_status_id":552821069036670976,"id_str":"552820330901676032","sizes":{"large":{"h":530,"resize":"fit","w":436},"small":{"h":413,"resize":"fit","w":340},"medium":{"h":530,"resize":"fit","w":436},"thumb":{"h":150,"resize":"crop","w":150}},"indices":[116,138],"type":"photo","id":552820330901676032,"media_url":"http:\/\/pbs.twimg.com\/media\/B6wDKXgCIAAUwjs.png"},{"source_user_id":271413771,"source_status_id_str":"552821069036670976","expanded_url":"http:\/\/twitter.com\/HuffPostUK\/status\/552821069036670976\/photo\/1","display_url":"pic.twitter.com\/aIM7RJ4jbD","url":"http:\/\/t.co\/aIM7RJ4jbD","media_url_https":"https:\/\/pbs.twimg.com\/media\/B6wDMNYCIAE97XV.png","source_user_id_str":"271413771","source_status_id":552821069036670976,"id_str":"552820362543505409","sizes":{"large":{"h":530,"resize":"fit","w":506},"small":{"h":356,"resize":"fit","w":340},"medium":{"h":530,"resize":"fit","w":506},"thumb":{"h":150,"resize":"crop","w":150}},"indices":[116,138],"type":"photo","id":552820362543505409,"media_url":"http:\/\/pbs.twimg.com\/media\/B6wDMNYCIAE97XV.png"},{"source_user_id":271413771,"source_status_id_str":"552821069036670976","expanded_url":"http:\/\/twitter.com\/HuffPostUK\/status\/552821069036670976\/photo\/1","display_url":"pic.twitter.com\/aIM7RJ4jbD","url":"http:\/\/t.co\/aIM7RJ4jbD","media_url_https":"https:\/\/pbs.twimg.com\/media\/B6wDpYFCUAET9Yd.png","source_user_id_str":"271413771","source_status_id":552821069036670976,"id_str":"552820863632822273","sizes":{"large":{"h":920,"resize":"fit","w":746},"small":{"h":419,"resize":"fit","w":340},"medium":{"h":739,"resize":"fit","w":600},"thumb":{"h":150,"resize":"crop","w":150}},"indices":[116,138],"type":"photo","id":552820863632822273,"media_url":"http:\/\/pbs.twimg.com\/media\/B6wDpYFCUAET9Yd.png"},{"source_user_id":271413771,"source_status_id_str":"552821069036670976","expanded_url":"http:\/\/twitter.com\/HuffPostUK\/status\/552821069036670976\/photo\/1","display_url":"pic.twitter.com\/aIM7RJ4jbD","url":"http:\/\/t.co\/aIM7RJ4jbD","media_url_https":"https:\/\/pbs.twimg.com\/media\/B6wD0_nCYAA7iWH.png","source_user_id_str":"271413771","source_status_id":552821069036670976,"id_str":"552821063222976512","sizes":{"large":{"h":783,"resize":"fit","w":616},"small":{"h":432,"resize":"fit","w":340},"medium":{"h":762,"resize":"fit","w":600},"thumb":{"h":150,"resize":"crop","w":150}},"indices":[116,138],"type":"photo","id":552821063222976512,"media_url":"http:\/\/pbs.twimg.com\/media\/B6wD0_nCYAA7iWH.png"}]}}