{"contributors": null, "truncated": false, "text": "@HuffPostUK A SURGICAL INCISION", "in_reply_to_status_id": 552821069036670976, "id": 552840094156349440, "favorite_count": 0, "source": "<a href=\"http://twitter.com\" rel=\"nofollow\">Twitter Web Client</a>", "retweeted": false, "coordinates": null, "entities": {"symbols": [], "user_mentions": [{"id": 271413771, "indices": [0, 11], "id_str": "271413771", "screen_name": "HuffPostUK", "name": "HuffPost UK"}], "hashtags": [], "urls": []}, "in_reply_to_screen_name": "HuffPostUK", "id_str": "552840094156349440", "retweet_count": 0, "in_reply_to_user_id": 271413771, "favorited": false, "user": {"follow_request_sent": false, "profile_use_background_image": false, "profile_text_color": "000000", "default_profile_image": false, "id": 63705191, "profile_background_image_url_https": "https://abs.twimg.com/images/themes/theme14/bg.gif", "verified": false, "profile_location": null, "profile_image_url_https": "https://pbs.twimg.com/profile_images/357081339/medicina_caduceo_normal.jpg", "profile_sidebar_fill_color": "FAF5F6", "entities": {"description": {"urls": []}}, "followers_count": 443, "profile_sidebar_border_color": "EEEEEE", "id_str": "63705191", "profile_background_color": "08A679", "listed_count": 6, "is_translation_enabled": false, "utc_offset": 3600, "statuses_count": 6601, "description": "ORANGE. Dr.(Archiatra). Marathon Man. @RoadRrcm Member. Cyclist and Brompton-ist. BIKILA is my black Greyhound. 2 passions with B: Books and Basketball.", "friends_count": 1998, "location": "LUGANO(CH)-Arcore(IT)-Nice(FR)", "profile_link_color": "FA743E", "profile_image_url": "http://pbs.twimg.com/profile_images/357081339/medicina_caduceo_normal.jpg", "following": false, "geo_enabled": true, "profile_background_image_url": "http://abs.twimg.com/images/themes/theme14/bg.gif", "name": "docNSC", "lang": "en", "profile_background_tile": false, "favourites_count": 179, "screen_name": "docNSC", "notifications": false, "url": null, "created_at": "Fri Aug 07 12:23:45 +0000 2009", "contributors_enabled": false, "time_zone": "Rome", "protected": false, "default_profile": false, "is_translator": false}, "geo": null, "in_reply_to_user_id_str": "271413771", "lang": "en", "created_at": "Wed Jan 07 14:52:04 +0000 2015", "in_reply_to_status_id_str": "552821069036670976", "place": null}
