{"contributors":null,"truncated":false,"text":"\u201c@HuffPostUK: 4 #CharlieHebdo cartoonists killed:\n\n- Charb\n- Cabu\n- Tignous\n- Georges Wolinski\n\n#JeSuisCharlie http:\/\/t.co\/oN7uKm6ImN\u201d \ud83d\udc94\ud83d\udc94","in_reply_to_status_id":552821069036670976,"id":552829975800578048,"favorite_count":0,"source":"<a href=\"http:\/\/twitter.com\/download\/iphone\" rel=\"nofollow\">Twitter for iPhone<\/a>","retweeted":false,"coordinates":null,"entities":{"symbols":[],"user_mentions":[{"id":271413771,"indices":[1,12],"id_str":"271413771","screen_name":"HuffPostUK","name":"HuffPost UK"}],"hashtags":[{"indices":[16,29],"text":"CharlieHebdo"},{"indices":[96,110],"text":"JeSuisCharlie"}],"urls":[],"media":[{"source_user_id":271413771,"source_status_id_str":"552821069036670976","expanded_url":"http:\/\/twitter.com\/HuffPostUK\/status\/552821069036670976\/photo\/1","display_url":"pic.twitter.com\/oN7uKm6ImN","url":"http:\/\/t.co\/oN7uKm6ImN","media_url_https":"https:\/\/pbs.twimg.com\/media\/B6wDKXgCIAAUwjs.png","source_user_id_str":"271413771","source_status_id":552821069036670976,"id_str":"552820330901676032","sizes":{"large":{"h":530,"resize":"fit","w":436},"small":{"h":413,"resize":"fit","w":340},"medium":{"h":530,"resize":"fit","w":436},"thumb":{"h":150,"resize":"crop","w":150}},"indices":[111,133],"type":"photo","id":552820330901676032,"media_url":"http:\/\/pbs.twimg.com\/media\/B6wDKXgCIAAUwjs.png"}]},"in_reply_to_screen_name":"HuffPostUK","id_str":"552829975800578048","retweet_count":1,"in_reply_to_user_id":271413771,"favorited":false,"user":{"follow_request_sent":false,"profile_use_background_image":true,"profile_text_color":"3D1957","default_profile_image":false,"id":872508648,"profile_background_image_url_https":"https:\/\/abs.twimg.com\/images\/themes\/theme10\/bg.gif","verified":false,"profile_location":null,"profile_image_url_https":"https:\/\/pbs.twimg.com\/profile_images\/558667747161563136\/syXdvNGP_normal.jpeg","profile_sidebar_fill_color":"7AC3EE","entities":{"description":{"urls":[]}},"followers_count":1964,"profile_sidebar_border_color":"FFFFFF","id_str":"872508648","profile_background_color":"642D8B","listed_count":39,"is_translation_enabled":false,"utc_offset":-18000,"statuses_count":47531,"description":"Armed with my mother's pearls and my daddy's blessing, I'm heading out to take on the world. PR and Business student at the University of Alabama. #EndTheStigma","friends_count":555,"location":"","profile_link_color":"FF0000","profile_image_url":"http:\/\/pbs.twimg.com\/profile_images\/558667747161563136\/syXdvNGP_normal.jpeg","following":false,"geo_enabled":true,"profile_banner_url":"https:\/\/pbs.twimg.com\/profile_banners\/872508648\/1407599419","profile_background_image_url":"http:\/\/abs.twimg.com\/images\/themes\/theme10\/bg.gif","name":"Crimson Hot Mess","lang":"en","profile_background_tile":true,"favourites_count":7961,"screen_name":"CrimsonHotMess","notifications":false,"url":null,"created_at":"Wed Oct 10 21:15:51 +0000 2012","contributors_enabled":false,"time_zone":"Eastern Time (US & Canada)","protected":false,"default_profile":false,"is_translator":false},"geo":null,"in_reply_to_user_id_str":"271413771","possibly_sensitive":false,"lang":"en","created_at":"Wed Jan 07 14:11:51 +0000 2015","in_reply_to_status_id_str":"552821069036670976","place":null,"extended_entities":{"media":[{"source_user_id":271413771,"source_status_id_str":"552821069036670976","expanded_url":"http:\/\/twitter.com\/HuffPostUK\/status\/552821069036670976\/photo\/1","display_url":"pic.twitter.com\/oN7uKm6ImN","url":"http:\/\/t.co\/oN7uKm6ImN","media_url_https":"https:\/\/pbs.twimg.com\/media\/B6wDKXgCIAAUwjs.png","source_user_id_str":"271413771","source_status_id":552821069036670976,"id_str":"552820330901676032","sizes":{"large":{"h":530,"resize":"fit","w":436},"small":{"h":413,"resize":"fit","w":340},"medium":{"h":530,"resize":"fit","w":436},"thumb":{"h":150,"resize":"crop","w":150}},"indices":[111,133],"type":"photo","id":552820330901676032,"media_url":"http:\/\/pbs.twimg.com\/media\/B6wDKXgCIAAUwjs.png"},{"source_user_id":271413771,"source_status_id_str":"552821069036670976","expanded_url":"http:\/\/twitter.com\/HuffPostUK\/status\/552821069036670976\/photo\/1","display_url":"pic.twitter.com\/oN7uKm6ImN","url":"http:\/\/t.co\/oN7uKm6ImN","media_url_https":"https:\/\/pbs.twimg.com\/media\/B6wDMNYCIAE97XV.png","source_user_id_str":"271413771","source_status_id":552821069036670976,"id_str":"552820362543505409","sizes":{"large":{"h":530,"resize":"fit","w":506},"small":{"h":356,"resize":"fit","w":340},"medium":{"h":530,"resize":"fit","w":506},"thumb":{"h":150,"resize":"crop","w":150}},"indices":[111,133],"type":"photo","id":552820362543505409,"media_url":"http:\/\/pbs.twimg.com\/media\/B6wDMNYCIAE97XV.png"},{"source_user_id":271413771,"source_status_id_str":"552821069036670976","expanded_url":"http:\/\/twitter.com\/HuffPostUK\/status\/552821069036670976\/photo\/1","display_url":"pic.twitter.com\/oN7uKm6ImN","url":"http:\/\/t.co\/oN7uKm6ImN","media_url_https":"https:\/\/pbs.twimg.com\/media\/B6wDpYFCUAET9Yd.png","source_user_id_str":"271413771","source_status_id":552821069036670976,"id_str":"552820863632822273","sizes":{"large":{"h":920,"resize":"fit","w":746},"small":{"h":419,"resize":"fit","w":340},"medium":{"h":739,"resize":"fit","w":600},"thumb":{"h":150,"resize":"crop","w":150}},"indices":[111,133],"type":"photo","id":552820863632822273,"media_url":"http:\/\/pbs.twimg.com\/media\/B6wDpYFCUAET9Yd.png"},{"source_user_id":271413771,"source_status_id_str":"552821069036670976","expanded_url":"http:\/\/twitter.com\/HuffPostUK\/status\/552821069036670976\/photo\/1","display_url":"pic.twitter.com\/oN7uKm6ImN","url":"http:\/\/t.co\/oN7uKm6ImN","media_url_https":"https:\/\/pbs.twimg.com\/media\/B6wD0_nCYAA7iWH.png","source_user_id_str":"271413771","source_status_id":552821069036670976,"id_str":"552821063222976512","sizes":{"large":{"h":783,"resize":"fit","w":616},"small":{"h":432,"resize":"fit","w":340},"medium":{"h":762,"resize":"fit","w":600},"thumb":{"h":150,"resize":"crop","w":150}},"indices":[111,133],"type":"photo","id":552821063222976512,"media_url":"http:\/\/pbs.twimg.com\/media\/B6wD0_nCYAA7iWH.png"}]}}