{"contributors": null, "truncated": false, "text": "@HuffPostUK @Lady_Astor http://t.co/Gv78DBp9Du", "in_reply_to_status_id": 552821069036670976, "id": 552836806065262594, "favorite_count": 0, "source": "<a href=\"http://twitter.com/download/android\" rel=\"nofollow\">Twitter for Android</a>", "retweeted": false, "coordinates": null, "entities": {"symbols": [], "user_mentions": [{"id": 271413771, "indices": [0, 11], "id_str": "271413771", "screen_name": "HuffPostUK", "name": "HuffPost UK"}, {"id": 183739654, "indices": [12, 23], "id_str": "183739654", "screen_name": "Lady_Astor", "name": "Lady Astor"}], "hashtags": [], "urls": [{"url": "http://t.co/Gv78DBp9Du", "indices": [24, 46], "expanded_url": "http://fhac.tirsnab.ru/437100/8652252/", "display_url": "fhac.tirsnab.ru/437100/8652252/"}]}, "in_reply_to_screen_name": "HuffPostUK", "id_str": "552836806065262594", "retweet_count": 0, "in_reply_to_user_id": 271413771, "favorited": false, "user": {"follow_request_sent": false, "profile_use_background_image": true, "profile_text_color": "333333", "default_profile_image": false, "id": 2942094500, "profile_background_image_url_https": "https://abs.twimg.com/images/themes/theme1/bg.png", "verified": false, "profile_location": null, "profile_image_url_https": "https://pbs.twimg.com/profile_images/553786095549550592/PwCH__8-_normal.jpeg", "profile_sidebar_fill_color": "DDEEF6", "entities": {"description": {"urls": []}}, "followers_count": 298, "profile_sidebar_border_color": "C0DEED", "id_str": "2942094500", "profile_background_color": "C0DEED", "listed_count": 1, "is_translation_enabled": false, "utc_offset": null, "statuses_count": 1749, "description": "", "friends_count": 940, "location": "Etihad", "profile_link_color": "0084B4", "profile_image_url": "http://pbs.twimg.com/profile_images/553786095549550592/PwCH__8-_normal.jpeg", "following": false, "geo_enabled": false, "profile_background_image_url": "http://abs.twimg.com/images/themes/theme1/bg.png", "name": "Exelero", "lang": "ru", "profile_background_tile": false, "favourites_count": 14, "screen_name": "Exelero786", "notifications": false, "url": null, "created_at": "Wed Dec 24 16:42:53 +0000 2014", "contributors_enabled": false, "time_zone": null, "protected": false, "default_profile": true, "is_translator": false}, "geo": null, "in_reply_to_user_id_str": "271413771", "possibly_sensitive": false, "lang": "und", "created_at": "Wed Jan 07 14:39:00 +0000 2015", "in_reply_to_status_id_str": "552821069036670976", "place": null}
