{"contributors": null, "truncated": false, "text": "@keller_lind @HuffPostUK @CEMB_forum Assassinated. As by the original muslim assassins, the \"hashishim\"", "in_reply_to_status_id": 552824008379736064, "id": 552840282094727168, "favorite_count": 0, "source": "<a href=\"http://twitter.com\" rel=\"nofollow\">Twitter Web Client</a>", "retweeted": false, "coordinates": null, "entities": {"symbols": [], "user_mentions": [{"id": 540903074, "indices": [0, 12], "id_str": "540903074", "screen_name": "keller_lind", "name": "Helene Keller-Lind"}, {"id": 271413771, "indices": [13, 24], "id_str": "271413771", "screen_name": "HuffPostUK", "name": "HuffPost UK"}, {"id": 107210124, "indices": [25, 36], "id_str": "107210124", "screen_name": "CEMB_forum", "name": "Ex-Muslims Forum"}], "hashtags": [], "urls": []}, "in_reply_to_screen_name": "keller_lind", "id_str": "552840282094727168", "retweet_count": 0, "in_reply_to_user_id": 540903074, "favorited": false, "user": {"follow_request_sent": false, "profile_use_background_image": true, "profile_text_color": "333333", "default_profile_image": false, "id": 558772900, "profile_background_image_url_https": "https://pbs.twimg.com/profile_background_images/490921187552145408/V5wpxcxI.jpeg", "verified": false, "profile_location": null, "profile_image_url_https": "https://pbs.twimg.com/profile_images/378800000670060482/b65b90a31b7c8a3cad5e3f1bf4e90d8d_normal.png", "profile_sidebar_fill_color": "DDEEF6", "entities": {"description": {"urls": []}}, "followers_count": 5097, "profile_sidebar_border_color": "FFFFFF", "id_str": "558772900", "profile_background_color": "5E5E2C", "listed_count": 120, "is_translation_enabled": false, "utc_offset": 0, "statuses_count": 89237, "description": "We encourage Jews to fight back! Israel is the Eternal home of the Jewish people and Jerusalem is her Capital. Am Yisrael chai! Kahane Chai! Am Khaybar Chai!!", "friends_count": 3472, "location": "", "profile_link_color": "2D70A3", "profile_image_url": "http://pbs.twimg.com/profile_images/378800000670060482/b65b90a31b7c8a3cad5e3f1bf4e90d8d_normal.png", "following": false, "geo_enabled": false, "profile_banner_url": "https://pbs.twimg.com/profile_banners/558772900/1354835083", "profile_background_image_url": "http://pbs.twimg.com/profile_background_images/490921187552145408/V5wpxcxI.jpeg", "name": "Jewish Defence 1973", "lang": "en", "profile_background_tile": true, "favourites_count": 17139, "screen_name": "LigueDefJuifs", "notifications": false, "url": null, "created_at": "Fri Apr 20 16:35:35 +0000 2012", "contributors_enabled": false, "time_zone": "Casablanca", "protected": false, "default_profile": false, "is_translator": false}, "geo": null, "in_reply_to_user_id_str": "540903074", "lang": "en", "created_at": "Wed Jan 07 14:52:49 +0000 2015", "in_reply_to_status_id_str": "552824008379736064", "place": null}
