{"contributors": null, "truncated": false, "text": "@HuffPostUK @andrew_mella Intelligenti e,liberi ,Assassini orrendi, incapaci di sopportare una vignetta,, cervelli malati,li hanno uccisi.", "in_reply_to_status_id": 552821069036670976, "id": 552836153066684416, "favorite_count": 1, "source": "<a href=\"http://twitter.com\" rel=\"nofollow\">Twitter Web Client</a>", "retweeted": false, "coordinates": null, "entities": {"symbols": [], "user_mentions": [{"id": 271413771, "indices": [0, 11], "id_str": "271413771", "screen_name": "HuffPostUK", "name": "HuffPost UK"}, {"id": 1722310436, "indices": [12, 25], "id_str": "1722310436", "screen_name": "andrew_mella", "name": "Andrea Mella"}], "hashtags": [], "urls": []}, "in_reply_to_screen_name": "HuffPostUK", "id_str": "552836153066684416", "retweet_count": 0, "in_reply_to_user_id": 271413771, "favorited": false, "user": {"follow_request_sent": false, "profile_use_background_image": true, "profile_text_color": "333333", "default_profile_image": false, "id": 395970571, "profile_background_image_url_https": "https://abs.twimg.com/images/themes/theme1/bg.png", "verified": false, "profile_location": null, "profile_image_url_https": "https://pbs.twimg.com/profile_images/496927325464694784/wpEiSXwE_normal.jpeg", "profile_sidebar_fill_color": "DDEEF6", "entities": {"description": {"urls": []}}, "followers_count": 333, "profile_sidebar_border_color": "C0DEED", "id_str": "395970571", "profile_background_color": "C0DEED", "listed_count": 2, "is_translation_enabled": false, "utc_offset": null, "statuses_count": 2715, "description": "", "friends_count": 368, "location": "", "profile_link_color": "0084B4", "profile_image_url": "http://pbs.twimg.com/profile_images/496927325464694784/wpEiSXwE_normal.jpeg", "following": false, "geo_enabled": true, "profile_background_image_url": "http://abs.twimg.com/images/themes/theme1/bg.png", "name": "Menica Bersani", "lang": "it", "profile_background_tile": false, "favourites_count": 1281, "screen_name": "MenicaBersani", "notifications": false, "url": null, "created_at": "Sat Oct 22 15:02:28 +0000 2011", "contributors_enabled": false, "time_zone": null, "protected": false, "default_profile": true, "is_translator": false}, "geo": null, "in_reply_to_user_id_str": "271413771", "lang": "it", "created_at": "Wed Jan 07 14:36:24 +0000 2015", "in_reply_to_status_id_str": "552821069036670976", "place": {"full_name": "Ravenna, Emilia Romagna", "url": "https://api.twitter.com/1.1/geo/id/a417491233caa173.json", "country": "Italia", "place_type": "city", "bounding_box": {"type": "Polygon", "coordinates": [[[12.0283385, 44.2131264], [12.3477229, 44.2131264], [12.3477229, 44.6279046], [12.0283385, 44.6279046]]]}, "contained_within": [], "country_code": "IT", "attributes": {}, "id": "a417491233caa173", "name": "Ravenna"}}
