{"contributors": null, "truncated": false, "text": "@LoveSymbol23 @HuffPostUK this is terrible :( prayers for #Paris victims", "in_reply_to_status_id": 552827345435103234, "id": 552839935280300032, "favorite_count": 1, "source": "<a href=\"http://twitter.com/download/iphone\" rel=\"nofollow\">Twitter for iPhone</a>", "retweeted": false, "coordinates": null, "entities": {"symbols": [], "user_mentions": [{"id": 346733298, "indices": [0, 13], "id_str": "346733298", "screen_name": "LoveSymbol23", "name": "PurpleLove"}, {"id": 271413771, "indices": [14, 25], "id_str": "271413771", "screen_name": "HuffPostUK", "name": "HuffPost UK"}], "hashtags": [{"indices": [58, 64], "text": "Paris"}], "urls": []}, "in_reply_to_screen_name": "LoveSymbol23", "id_str": "552839935280300032", "retweet_count": 0, "in_reply_to_user_id": 346733298, "favorited": false, "user": {"follow_request_sent": false, "profile_use_background_image": true, "profile_text_color": "333333", "default_profile_image": false, "id": 1584013315, "profile_background_image_url_https": "https://abs.twimg.com/images/themes/theme1/bg.png", "verified": false, "profile_location": null, "profile_image_url_https": "https://pbs.twimg.com/profile_images/524190460718632960/8Das5tf-_normal.jpeg", "profile_sidebar_fill_color": "DDEEF6", "entities": {"description": {"urls": []}}, "followers_count": 565, "profile_sidebar_border_color": "C0DEED", "id_str": "1584013315", "profile_background_color": "C0DEED", "listed_count": 15, "is_translation_enabled": false, "utc_offset": 7200, "statuses_count": 16146, "description": "#purple #prince #3rdeyegirl #netherlands #love4oneanother #andyallo #livwarfield #npghornz", "friends_count": 440, "location": "Holland", "profile_link_color": "5400B3", "profile_image_url": "http://pbs.twimg.com/profile_images/524190460718632960/8Das5tf-_normal.jpeg", "following": false, "geo_enabled": false, "profile_banner_url": "https://pbs.twimg.com/profile_banners/1584013315/1420382301", "profile_background_image_url": "http://abs.twimg.com/images/themes/theme1/bg.png", "name": "Frannie", "lang": "nl", "profile_background_tile": false, "favourites_count": 17277, "screen_name": "PurpleFP", "notifications": false, "url": null, "created_at": "Wed Jul 10 20:44:55 +0000 2013", "contributors_enabled": false, "time_zone": "Athens", "protected": false, "default_profile": false, "is_translator": false}, "geo": null, "in_reply_to_user_id_str": "346733298", "lang": "en", "created_at": "Wed Jan 07 14:51:26 +0000 2015", "in_reply_to_status_id_str": "552827345435103234", "place": null}
