{"contributors":null,"truncated":false,"text":"@patxi_hastoy @HuffPostUK we're in a world where you get killed because of your ideas ! I wish they rest in peace \ud83d\ude14","in_reply_to_status_id":552827902065385476,"id":552834187426689024,"favorite_count":0,"source":"<a href=\"http:\/\/twitter.com\/download\/iphone\" rel=\"nofollow\">Twitter for iPhone<\/a>","retweeted":false,"coordinates":null,"entities":{"symbols":[],"user_mentions":[{"id":2609283960,"indices":[0,13],"id_str":"2609283960","screen_name":"patxi_hastoy","name":"Patxi Hastoy"},{"id":271413771,"indices":[14,25],"id_str":"271413771","screen_name":"HuffPostUK","name":"HuffPost UK"}],"hashtags":[],"urls":[]},"in_reply_to_screen_name":"patxi_hastoy","id_str":"552834187426689024","retweet_count":0,"in_reply_to_user_id":2609283960,"favorited":false,"user":{"follow_request_sent":false,"profile_use_background_image":true,"profile_text_color":"333333","default_profile_image":false,"id":2841464808,"profile_background_image_url_https":"https:\/\/abs.twimg.com\/images\/themes\/theme1\/bg.png","verified":false,"profile_location":null,"profile_image_url_https":"https:\/\/pbs.twimg.com\/profile_images\/578305078123081728\/sNJZbdd4_normal.jpeg","profile_sidebar_fill_color":"DDEEF6","entities":{"url":{"urls":[{"url":"http:\/\/t.co\/cT53QH4s78","indices":[0,22],"expanded_url":"http:\/\/ask.fm\/Infinitelama","display_url":"ask.fm\/Infinitelama"}]},"description":{"urls":[]}},"followers_count":32,"profile_sidebar_border_color":"C0DEED","id_str":"2841464808","profile_background_color":"C0DEED","listed_count":0,"is_translation_enabled":false,"utc_offset":7200,"statuses_count":295,"description":"feeling my way through the darkness","friends_count":21,"location":"","profile_link_color":"0084B4","profile_image_url":"http:\/\/pbs.twimg.com\/profile_images\/578305078123081728\/sNJZbdd4_normal.jpeg","following":false,"geo_enabled":true,"profile_banner_url":"https:\/\/pbs.twimg.com\/profile_banners\/2841464808\/1417264710","profile_background_image_url":"http:\/\/abs.twimg.com\/images\/themes\/theme1\/bg.png","name":"L","lang":"en","profile_background_tile":false,"favourites_count":20,"screen_name":"glazmab","notifications":false,"url":"http:\/\/t.co\/cT53QH4s78","created_at":"Sun Oct 05 15:37:21 +0000 2014","contributors_enabled":false,"time_zone":"Kyiv","protected":false,"default_profile":true,"is_translator":false},"geo":null,"in_reply_to_user_id_str":"2609283960","lang":"en","created_at":"Wed Jan 07 14:28:36 +0000 2015","in_reply_to_status_id_str":"552827902065385476","place":null}