{"contributors": null, "truncated": false, "text": "@HuffPostUK very sad, freedom defenders were killed by weak men that are unable to fight ideas with ideas and don't value lives.", "in_reply_to_status_id": 552821069036670976, "id": 552827902065385476, "favorite_count": 1, "source": "<a href=\"http://twitter.com\" rel=\"nofollow\">Twitter Web Client</a>", "retweeted": false, "coordinates": null, "entities": {"symbols": [], "user_mentions": [{"id": 271413771, "indices": [0, 11], "id_str": "271413771", "screen_name": "HuffPostUK", "name": "HuffPost UK"}], "hashtags": [], "urls": []}, "in_reply_to_screen_name": "HuffPostUK", "id_str": "552827902065385476", "retweet_count": 3, "in_reply_to_user_id": 271413771, "favorited": false, "user": {"follow_request_sent": false, "profile_use_background_image": true, "profile_text_color": "333333", "default_profile_image": false, "id": 2609283960, "profile_background_image_url_https": "https://abs.twimg.com/images/themes/theme1/bg.png", "verified": false, "profile_location": null, "profile_image_url_https": "https://pbs.twimg.com/profile_images/496588672372727811/Sx35_8Gx_normal.jpeg", "profile_sidebar_fill_color": "DDEEF6", "entities": {"url": {"urls": [{"url": "http://t.co/cixvMcEoFv", "indices": [0, 22], "expanded_url": "http://uk.linkedin.com/in/patxi/", "display_url": "uk.linkedin.com/in/patxi/"}]}, "description": {"urls": []}}, "followers_count": 56, "profile_sidebar_border_color": "C0DEED", "id_str": "2609283960", "profile_background_color": "C0DEED", "listed_count": 0, "is_translation_enabled": false, "utc_offset": null, "statuses_count": 108, "description": "Love #science #innovations #technologies, #disruptors and contradictors. Dislike sectarian people and those who put believes before reason. #GEM #productdevelop", "friends_count": 510, "location": "Europe - UK -Surrey", "profile_link_color": "0084B4", "profile_image_url": "http://pbs.twimg.com/profile_images/496588672372727811/Sx35_8Gx_normal.jpeg", "following": false, "geo_enabled": true, "profile_banner_url": "https://pbs.twimg.com/profile_banners/2609283960/1408026178", "profile_background_image_url": "http://abs.twimg.com/images/themes/theme1/bg.png", "name": "Patxi Hastoy", "lang": "en", "profile_background_tile": false, "favourites_count": 7, "screen_name": "patxi_hastoy", "notifications": false, "url": "http://t.co/cixvMcEoFv", "created_at": "Mon Jul 07 09:38:53 +0000 2014", "contributors_enabled": false, "time_zone": null, "protected": false, "default_profile": true, "is_translator": false}, "geo": null, "in_reply_to_user_id_str": "271413771", "lang": "en", "created_at": "Wed Jan 07 14:03:37 +0000 2015", "in_reply_to_status_id_str": "552821069036670976", "place": null}
