{"contributors": null, "truncated": false, "text": "RT @Telegraph: 11 confirmed dead, Francois Hollande to visit scene of attack - latest from Paris: http://t.co/7N7uvClhWY http://t.co/EgmxAR\u2026", "in_reply_to_status_id": null, "id": 552879797278633984, "favorite_count": 0, "source": "<a href=\"http://twitter.com/download/android\" rel=\"nofollow\">Twitter for Android</a>", "retweeted": false, "coordinates": null, "timestamp_ms": "1420651790338", "entities": {"symbols": [], "media": [{"source_status_id_str": "552793679082311680", "expanded_url": "http://twitter.com/Telegraph/status/552793679082311680/photo/1", "display_url": "pic.twitter.com/EgmxARAdEP", "url": "http://t.co/EgmxARAdEP", "media_url_https": "https://pbs.twimg.com/media/B6vq3MdCYAAX56O.jpg", "source_status_id": 552793679082311680, "id_str": "552793613239738368", "sizes": {"large": {"h": 287, "resize": "fit", "w": 460}, "small": {"h": 212, "resize": "fit", "w": 340}, "medium": {"h": 287, "resize": "fit", "w": 460}, "thumb": {"h": 150, "resize": "crop", "w": 150}}, "indices": [139, 140], "type": "photo", "id": 552793613239738368, "media_url": "http://pbs.twimg.com/media/B6vq3MdCYAAX56O.jpg"}], "hashtags": [], "user_mentions": [{"id": 16343974, "indices": [3, 13], "id_str": "16343974", "screen_name": "Telegraph", "name": "The Telegraph"}], "trends": [], "urls": [{"url": "http://t.co/7N7uvClhWY", "indices": [98, 120], "expanded_url": "http://www.telegraph.co.uk/news/worldnews/europe/france/11329976/Paris-Charlie-Hebdo-attack-live.html", "display_url": "telegraph.co.uk/news/worldnews\u2026"}]}, "in_reply_to_screen_name": null, "id_str": "552879797278633984", "retweet_count": 0, "in_reply_to_user_id": null, "favorited": false, "retweeted_status": {"contributors": null, "truncated": false, "text": "11 confirmed dead, Francois Hollande to visit scene of attack - latest from Paris: http://t.co/7N7uvClhWY http://t.co/EgmxARAdEP", "in_reply_to_status_id": null, "id": 552793679082311680, "favorite_count": 20, "source": "<a href=\"https://about.twitter.com/products/tweetdeck\" rel=\"nofollow\">TweetDeck</a>", "retweeted": false, "coordinates": null, "entities": {"symbols": [], "media": [{"expanded_url": "http://twitter.com/Telegraph/status/552793679082311680/photo/1", "display_url": "pic.twitter.com/EgmxARAdEP", "url": "http://t.co/EgmxARAdEP", "media_url_https": "https://pbs.twimg.com/media/B6vq3MdCYAAX56O.jpg", "id_str": "552793613239738368", "sizes": {"large": {"h": 287, "resize": "fit", "w": 460}, "small": {"h": 212, "resize": "fit", "w": 340}, "medium": {"h": 287, "resize": "fit", "w": 460}, "thumb": {"h": 150, "resize": "crop", "w": 150}}, "indices": [106, 128], "type": "photo", "id": 552793613239738368, "media_url": "http://pbs.twimg.com/media/B6vq3MdCYAAX56O.jpg"}], "hashtags": [], "user_mentions": [], "trends": [], "urls": [{"url": "http://t.co/7N7uvClhWY", "indices": [83, 105], "expanded_url": "http://www.telegraph.co.uk/news/worldnews/europe/france/11329976/Paris-Charlie-Hebdo-attack-live.html", "display_url": "telegraph.co.uk/news/worldnews\u2026"}]}, "in_reply_to_screen_name": null, "id_str": "552793679082311680", "retweet_count": 141, "in_reply_to_user_id": null, "favorited": false, "user": {"follow_request_sent": null, "profile_use_background_image": true, "default_profile_image": false, "id": 16343974, "verified": true, "profile_image_url_https": "https://pbs.twimg.com/profile_images/507136992077832192/BBMrT1P7_normal.png", "profile_sidebar_fill_color": "F4F4F0", "profile_text_color": "000000", "followers_count": 774627, "profile_sidebar_border_color": "FFFFFF", "id_str": "16343974", "profile_background_color": "5F5653", "listed_count": 9622, "profile_background_image_url_https": "https://pbs.twimg.com/profile_background_images/177485899/Comment_twitter.png", "utc_offset": 0, "statuses_count": 199565, "description": "News, comment, Matt cartoons and more from The Daily and Sunday Telegraph. Tweets by @richjm, @martaruco, @nmurchu and @jonesr", "friends_count": 264, "location": "London, UK", "profile_link_color": "5F5653", "profile_image_url": "http://pbs.twimg.com/profile_images/507136992077832192/BBMrT1P7_normal.png", "following": null, "geo_enabled": true, "profile_banner_url": "https://pbs.twimg.com/profile_banners/16343974/1409746031", "profile_background_image_url": "http://pbs.twimg.com/profile_background_images/177485899/Comment_twitter.png", "name": "The Telegraph", "lang": "en", "profile_background_tile": true, "favourites_count": 77, "screen_name": "Telegraph", "notifications": null, "url": "http://www.telegraph.co.uk/", "created_at": "Thu Sep 18 06:50:54 +0000 2008", "contributors_enabled": false, "time_zone": "London", "protected": false, "default_profile": false, "is_translator": false}, "geo": null, "in_reply_to_user_id_str": null, "possibly_sensitive": false, "lang": "en", "created_at": "Wed Jan 07 11:47:38 +0000 2015", "filter_level": "low", "in_reply_to_status_id_str": null, "place": null, "extended_entities": {"media": [{"expanded_url": "http://twitter.com/Telegraph/status/552793679082311680/photo/1", "display_url": "pic.twitter.com/EgmxARAdEP", "url": "http://t.co/EgmxARAdEP", "media_url_https": "https://pbs.twimg.com/media/B6vq3MdCYAAX56O.jpg", "id_str": "552793613239738368", "sizes": {"large": {"h": 287, "resize": "fit", "w": 460}, "small": {"h": 212, "resize": "fit", "w": 340}, "medium": {"h": 287, "resize": "fit", "w": 460}, "thumb": {"h": 150, "resize": "crop", "w": 150}}, "indices": [106, 128], "type": "photo", "id": 552793613239738368, "media_url": "http://pbs.twimg.com/media/B6vq3MdCYAAX56O.jpg"}]}}, "user": {"follow_request_sent": null, "profile_use_background_image": true, "default_profile_image": false, "id": 2808669215, "verified": false, "profile_image_url_https": "https://pbs.twimg.com/profile_images/552781002888998913/B3TCEClV_normal.jpeg", "profile_sidebar_fill_color": "DDEEF6", "profile_text_color": "333333", "followers_count": 2114, "profile_sidebar_border_color": "C0DEED", "id_str": "2808669215", "profile_background_color": "C0DEED", "listed_count": 2, "profile_background_image_url_https": "https://abs.twimg.com/images/themes/theme1/bg.png", "utc_offset": null, "statuses_count": 3577, "description": "Bir Ya\u015fam Bi\u00e7imidir FENERBAH\u00c7E...", "friends_count": 2255, "location": "Essen-Adana", "profile_link_color": "0084B4", "profile_image_url": "http://pbs.twimg.com/profile_images/552781002888998913/B3TCEClV_normal.jpeg", "following": null, "geo_enabled": true, "profile_banner_url": "https://pbs.twimg.com/profile_banners/2808669215/1412702948", "profile_background_image_url": "http://abs.twimg.com/images/themes/theme1/bg.png", "name": "fitzgerzald", "lang": "tr", "profile_background_tile": false, "favourites_count": 656, "screen_name": "like_1907", "notifications": null, "url": null, "created_at": "Sun Oct 05 18:01:47 +0000 2014", "contributors_enabled": false, "time_zone": null, "protected": false, "default_profile": true, "is_translator": false}, "geo": null, "in_reply_to_user_id_str": null, "possibly_sensitive": false, "lang": "en", "created_at": "Wed Jan 07 17:29:50 +0000 2015", "filter_level": "medium", "in_reply_to_status_id_str": null, "place": null, "extended_entities": {"media": [{"source_status_id_str": "552793679082311680", "expanded_url": "http://twitter.com/Telegraph/status/552793679082311680/photo/1", "display_url": "pic.twitter.com/EgmxARAdEP", "url": "http://t.co/EgmxARAdEP", "media_url_https": "https://pbs.twimg.com/media/B6vq3MdCYAAX56O.jpg", "source_status_id": 552793679082311680, "id_str": "552793613239738368", "sizes": {"large": {"h": 287, "resize": "fit", "w": 460}, "small": {"h": 212, "resize": "fit", "w": 340}, "medium": {"h": 287, "resize": "fit", "w": 460}, "thumb": {"h": 150, "resize": "crop", "w": 150}}, "indices": [139, 140], "type": "photo", "id": 552793613239738368, "media_url": "http://pbs.twimg.com/media/B6vq3MdCYAAX56O.jpg"}]}}
{"contributors": null, "truncated": false, "text": "RT @Telegraph: 11 confirmed dead, Francois Hollande to visit scene of attack - latest from Paris: http://t.co/7N7uvClhWY http://t.co/EgmxAR\u2026", "in_reply_to_status_id": null, "id": 552882607122558978, "favorite_count": 0, "source": "<a href=\"http://twitter.com/download/android\" rel=\"nofollow\">Twitter for Android</a>", "retweeted": false, "coordinates": null, "timestamp_ms": "1420652460257", "entities": {"symbols": [], "media": [{"source_status_id_str": "552793679082311680", "expanded_url": "http://twitter.com/Telegraph/status/552793679082311680/photo/1", "display_url": "pic.twitter.com/EgmxARAdEP", "url": "http://t.co/EgmxARAdEP", "media_url_https": "https://pbs.twimg.com/media/B6vq3MdCYAAX56O.jpg", "source_status_id": 552793679082311680, "id_str": "552793613239738368", "sizes": {"large": {"h": 287, "resize": "fit", "w": 460}, "small": {"h": 212, "resize": "fit", "w": 340}, "medium": {"h": 287, "resize": "fit", "w": 460}, "thumb": {"h": 150, "resize": "crop", "w": 150}}, "indices": [139, 140], "type": "photo", "id": 552793613239738368, "media_url": "http://pbs.twimg.com/media/B6vq3MdCYAAX56O.jpg"}], "hashtags": [], "user_mentions": [{"id": 16343974, "indices": [3, 13], "id_str": "16343974", "screen_name": "Telegraph", "name": "The Telegraph"}], "trends": [], "urls": [{"url": "http://t.co/7N7uvClhWY", "indices": [98, 120], "expanded_url": "http://www.telegraph.co.uk/news/worldnews/europe/france/11329976/Paris-Charlie-Hebdo-attack-live.html", "display_url": "telegraph.co.uk/news/worldnews\u2026"}]}, "in_reply_to_screen_name": null, "id_str": "552882607122558978", "retweet_count": 0, "in_reply_to_user_id": null, "favorited": false, "retweeted_status": {"contributors": null, "truncated": false, "text": "11 confirmed dead, Francois Hollande to visit scene of attack - latest from Paris: http://t.co/7N7uvClhWY http://t.co/EgmxARAdEP", "in_reply_to_status_id": null, "id": 552793679082311680, "favorite_count": 20, "source": "<a href=\"https://about.twitter.com/products/tweetdeck\" rel=\"nofollow\">TweetDeck</a>", "retweeted": false, "coordinates": null, "entities": {"symbols": [], "media": [{"expanded_url": "http://twitter.com/Telegraph/status/552793679082311680/photo/1", "display_url": "pic.twitter.com/EgmxARAdEP", "url": "http://t.co/EgmxARAdEP", "media_url_https": "https://pbs.twimg.com/media/B6vq3MdCYAAX56O.jpg", "id_str": "552793613239738368", "sizes": {"large": {"h": 287, "resize": "fit", "w": 460}, "small": {"h": 212, "resize": "fit", "w": 340}, "medium": {"h": 287, "resize": "fit", "w": 460}, "thumb": {"h": 150, "resize": "crop", "w": 150}}, "indices": [106, 128], "type": "photo", "id": 552793613239738368, "media_url": "http://pbs.twimg.com/media/B6vq3MdCYAAX56O.jpg"}], "hashtags": [], "user_mentions": [], "trends": [], "urls": [{"url": "http://t.co/7N7uvClhWY", "indices": [83, 105], "expanded_url": "http://www.telegraph.co.uk/news/worldnews/europe/france/11329976/Paris-Charlie-Hebdo-attack-live.html", "display_url": "telegraph.co.uk/news/worldnews\u2026"}]}, "in_reply_to_screen_name": null, "id_str": "552793679082311680", "retweet_count": 142, "in_reply_to_user_id": null, "favorited": false, "user": {"follow_request_sent": null, "profile_use_background_image": true, "default_profile_image": false, "id": 16343974, "verified": true, "profile_image_url_https": "https://pbs.twimg.com/profile_images/507136992077832192/BBMrT1P7_normal.png", "profile_sidebar_fill_color": "F4F4F0", "profile_text_color": "000000", "followers_count": 774664, "profile_sidebar_border_color": "FFFFFF", "id_str": "16343974", "profile_background_color": "5F5653", "listed_count": 9623, "profile_background_image_url_https": "https://pbs.twimg.com/profile_background_images/177485899/Comment_twitter.png", "utc_offset": 0, "statuses_count": 199566, "description": "News, comment, Matt cartoons and more from The Daily and Sunday Telegraph. Tweets by @richjm, @martaruco, @nmurchu and @jonesr", "friends_count": 264, "location": "London, UK", "profile_link_color": "5F5653", "profile_image_url": "http://pbs.twimg.com/profile_images/507136992077832192/BBMrT1P7_normal.png", "following": null, "geo_enabled": true, "profile_banner_url": "https://pbs.twimg.com/profile_banners/16343974/1409746031", "profile_background_image_url": "http://pbs.twimg.com/profile_background_images/177485899/Comment_twitter.png", "name": "The Telegraph", "lang": "en", "profile_background_tile": true, "favourites_count": 77, "screen_name": "Telegraph", "notifications": null, "url": "http://www.telegraph.co.uk/", "created_at": "Thu Sep 18 06:50:54 +0000 2008", "contributors_enabled": false, "time_zone": "London", "protected": false, "default_profile": false, "is_translator": false}, "geo": null, "in_reply_to_user_id_str": null, "possibly_sensitive": false, "lang": "en", "created_at": "Wed Jan 07 11:47:38 +0000 2015", "filter_level": "low", "in_reply_to_status_id_str": null, "place": null, "extended_entities": {"media": [{"expanded_url": "http://twitter.com/Telegraph/status/552793679082311680/photo/1", "display_url": "pic.twitter.com/EgmxARAdEP", "url": "http://t.co/EgmxARAdEP", "media_url_https": "https://pbs.twimg.com/media/B6vq3MdCYAAX56O.jpg", "id_str": "552793613239738368", "sizes": {"large": {"h": 287, "resize": "fit", "w": 460}, "small": {"h": 212, "resize": "fit", "w": 340}, "medium": {"h": 287, "resize": "fit", "w": 460}, "thumb": {"h": 150, "resize": "crop", "w": 150}}, "indices": [106, 128], "type": "photo", "id": 552793613239738368, "media_url": "http://pbs.twimg.com/media/B6vq3MdCYAAX56O.jpg"}]}}, "user": {"follow_request_sent": null, "profile_use_background_image": true, "default_profile_image": false, "id": 32905624, "verified": false, "profile_image_url_https": "https://pbs.twimg.com/profile_images/475224768275562496/TTQN2L74_normal.jpeg", "profile_sidebar_fill_color": "F58080", "profile_text_color": "FFFFFF", "followers_count": 406, "profile_sidebar_border_color": "FFFFFF", "id_str": "32905624", "profile_background_color": "1FD9C0", "listed_count": 3, "profile_background_image_url_https": "https://pbs.twimg.com/profile_background_images/378800000119580847/dc4b0e55ee766f3b3d7050e93bbef892.jpeg", "utc_offset": 0, "statuses_count": 9119, "description": "I'm 22, from the UK. I have a curiosity for all things in life and strive to be the best I can be. Also, Assassin's Creed awyiss.", "friends_count": 1540, "location": "Oxfordshire - UK", "profile_link_color": "FF0303", "profile_image_url": "http://pbs.twimg.com/profile_images/475224768275562496/TTQN2L74_normal.jpeg", "following": null, "geo_enabled": true, "profile_banner_url": "https://pbs.twimg.com/profile_banners/32905624/1402137386", "profile_background_image_url": "http://pbs.twimg.com/profile_background_images/378800000119580847/dc4b0e55ee766f3b3d7050e93bbef892.jpeg", "name": "Hammysandwich", "lang": "en", "profile_background_tile": true, "favourites_count": 6392, "screen_name": "xemiliaceciliax", "notifications": null, "url": null, "created_at": "Sat Apr 18 14:59:49 +0000 2009", "contributors_enabled": false, "time_zone": "London", "protected": false, "default_profile": false, "is_translator": false}, "geo": null, "in_reply_to_user_id_str": null, "possibly_sensitive": false, "lang": "en", "created_at": "Wed Jan 07 17:41:00 +0000 2015", "filter_level": "medium", "in_reply_to_status_id_str": null, "place": null, "extended_entities": {"media": [{"source_status_id_str": "552793679082311680", "expanded_url": "http://twitter.com/Telegraph/status/552793679082311680/photo/1", "display_url": "pic.twitter.com/EgmxARAdEP", "url": "http://t.co/EgmxARAdEP", "media_url_https": "https://pbs.twimg.com/media/B6vq3MdCYAAX56O.jpg", "source_status_id": 552793679082311680, "id_str": "552793613239738368", "sizes": {"large": {"h": 287, "resize": "fit", "w": 460}, "small": {"h": 212, "resize": "fit", "w": 340}, "medium": {"h": 287, "resize": "fit", "w": 460}, "thumb": {"h": 150, "resize": "crop", "w": 150}}, "indices": [139, 140], "type": "photo", "id": 552793613239738368, "media_url": "http://pbs.twimg.com/media/B6vq3MdCYAAX56O.jpg"}]}}
{"contributors": null, "truncated": false, "text": "RT @Telegraph: 11 confirmed dead, Francois Hollande to visit scene of attack - latest from Paris: http://t.co/7N7uvClhWY http://t.co/EgmxAR\u2026", "in_reply_to_status_id": null, "id": 552932392693170177, "favorite_count": 0, "source": "<a href=\"https://about.twitter.com/products/tweetdeck\" rel=\"nofollow\">TweetDeck</a>", "retweeted": false, "coordinates": null, "timestamp_ms": "1420664330062", "entities": {"symbols": [], "media": [{"source_status_id_str": "552793679082311680", "expanded_url": "http://twitter.com/Telegraph/status/552793679082311680/photo/1", "display_url": "pic.twitter.com/EgmxARAdEP", "url": "http://t.co/EgmxARAdEP", "media_url_https": "https://pbs.twimg.com/media/B6vq3MdCYAAX56O.jpg", "source_status_id": 552793679082311680, "id_str": "552793613239738368", "sizes": {"large": {"h": 287, "resize": "fit", "w": 460}, "small": {"h": 212, "resize": "fit", "w": 340}, "medium": {"h": 287, "resize": "fit", "w": 460}, "thumb": {"h": 150, "resize": "crop", "w": 150}}, "indices": [139, 140], "type": "photo", "id": 552793613239738368, "media_url": "http://pbs.twimg.com/media/B6vq3MdCYAAX56O.jpg"}], "hashtags": [], "user_mentions": [{"id": 16343974, "indices": [3, 13], "id_str": "16343974", "screen_name": "Telegraph", "name": "The Telegraph"}], "trends": [], "urls": [{"url": "http://t.co/7N7uvClhWY", "indices": [98, 120], "expanded_url": "http://www.telegraph.co.uk/news/worldnews/europe/france/11329976/Paris-Charlie-Hebdo-attack-live.html", "display_url": "telegraph.co.uk/news/worldnews\u2026"}]}, "in_reply_to_screen_name": null, "id_str": "552932392693170177", "retweet_count": 0, "in_reply_to_user_id": null, "favorited": false, "retweeted_status": {"contributors": null, "truncated": false, "text": "11 confirmed dead, Francois Hollande to visit scene of attack - latest from Paris: http://t.co/7N7uvClhWY http://t.co/EgmxARAdEP", "in_reply_to_status_id": null, "id": 552793679082311680, "favorite_count": 20, "source": "<a href=\"https://about.twitter.com/products/tweetdeck\" rel=\"nofollow\">TweetDeck</a>", "retweeted": false, "coordinates": null, "entities": {"symbols": [], "media": [{"expanded_url": "http://twitter.com/Telegraph/status/552793679082311680/photo/1", "display_url": "pic.twitter.com/EgmxARAdEP", "url": "http://t.co/EgmxARAdEP", "media_url_https": "https://pbs.twimg.com/media/B6vq3MdCYAAX56O.jpg", "id_str": "552793613239738368", "sizes": {"large": {"h": 287, "resize": "fit", "w": 460}, "small": {"h": 212, "resize": "fit", "w": 340}, "medium": {"h": 287, "resize": "fit", "w": 460}, "thumb": {"h": 150, "resize": "crop", "w": 150}}, "indices": [106, 128], "type": "photo", "id": 552793613239738368, "media_url": "http://pbs.twimg.com/media/B6vq3MdCYAAX56O.jpg"}], "hashtags": [], "user_mentions": [], "trends": [], "urls": [{"url": "http://t.co/7N7uvClhWY", "indices": [83, 105], "expanded_url": "http://www.telegraph.co.uk/news/worldnews/europe/france/11329976/Paris-Charlie-Hebdo-attack-live.html", "display_url": "telegraph.co.uk/news/worldnews\u2026"}]}, "in_reply_to_screen_name": null, "id_str": "552793679082311680", "retweet_count": 143, "in_reply_to_user_id": null, "favorited": false, "user": {"follow_request_sent": null, "profile_use_background_image": true, "default_profile_image": false, "id": 16343974, "verified": true, "profile_image_url_https": "https://pbs.twimg.com/profile_images/507136992077832192/BBMrT1P7_normal.png", "profile_sidebar_fill_color": "F4F4F0", "profile_text_color": "000000", "followers_count": 775200, "profile_sidebar_border_color": "FFFFFF", "id_str": "16343974", "profile_background_color": "5F5653", "listed_count": 9626, "profile_background_image_url_https": "https://pbs.twimg.com/profile_background_images/177485899/Comment_twitter.png", "utc_offset": 0, "statuses_count": 199581, "description": "News, comment, Matt cartoons and more from The Daily and Sunday Telegraph. Tweets by @richjm, @martaruco, @nmurchu and @jonesr", "friends_count": 264, "location": "London, UK", "profile_link_color": "5F5653", "profile_image_url": "http://pbs.twimg.com/profile_images/507136992077832192/BBMrT1P7_normal.png", "following": null, "geo_enabled": true, "profile_banner_url": "https://pbs.twimg.com/profile_banners/16343974/1409746031", "profile_background_image_url": "http://pbs.twimg.com/profile_background_images/177485899/Comment_twitter.png", "name": "The Telegraph", "lang": "en", "profile_background_tile": true, "favourites_count": 77, "screen_name": "Telegraph", "notifications": null, "url": "http://www.telegraph.co.uk/", "created_at": "Thu Sep 18 06:50:54 +0000 2008", "contributors_enabled": false, "time_zone": "London", "protected": false, "default_profile": false, "is_translator": false}, "geo": null, "in_reply_to_user_id_str": null, "possibly_sensitive": false, "lang": "en", "created_at": "Wed Jan 07 11:47:38 +0000 2015", "filter_level": "low", "in_reply_to_status_id_str": null, "place": null, "extended_entities": {"media": [{"expanded_url": "http://twitter.com/Telegraph/status/552793679082311680/photo/1", "display_url": "pic.twitter.com/EgmxARAdEP", "url": "http://t.co/EgmxARAdEP", "media_url_https": "https://pbs.twimg.com/media/B6vq3MdCYAAX56O.jpg", "id_str": "552793613239738368", "sizes": {"large": {"h": 287, "resize": "fit", "w": 460}, "small": {"h": 212, "resize": "fit", "w": 340}, "medium": {"h": 287, "resize": "fit", "w": 460}, "thumb": {"h": 150, "resize": "crop", "w": 150}}, "indices": [106, 128], "type": "photo", "id": 552793613239738368, "media_url": "http://pbs.twimg.com/media/B6vq3MdCYAAX56O.jpg"}]}}, "user": {"follow_request_sent": null, "profile_use_background_image": true, "default_profile_image": false, "id": 403627624, "verified": false, "profile_image_url_https": "https://pbs.twimg.com/profile_images/551535259578155008/E8r7X4Dj_normal.jpeg", "profile_sidebar_fill_color": "DDEEF6", "profile_text_color": "333333", "followers_count": 636, "profile_sidebar_border_color": "FFFFFF", "id_str": "403627624", "profile_background_color": "C0DEED", "listed_count": 2, "profile_background_image_url_https": "https://abs.twimg.com/images/themes/theme1/bg.png", "utc_offset": -21600, "statuses_count": 33827, "description": "Retweet Officer | too lazy to tweet | Ahlus Sunnah Wal Jamaah", "friends_count": 251, "location": "", "profile_link_color": "0011FF", "profile_image_url": "http://pbs.twimg.com/profile_images/551535259578155008/E8r7X4Dj_normal.jpeg", "following": null, "geo_enabled": false, "profile_background_image_url": "http://abs.twimg.com/images/themes/theme1/bg.png", "name": "(\u0633) Abu Retweet", "lang": "en", "profile_background_tile": false, "favourites_count": 3166, "screen_name": "anglo_klaxon", "notifications": null, "url": null, "created_at": "Wed Nov 02 19:25:12 +0000 2011", "contributors_enabled": false, "time_zone": "Central America", "protected": false, "default_profile": false, "is_translator": false}, "geo": null, "in_reply_to_user_id_str": null, "possibly_sensitive": false, "lang": "en", "created_at": "Wed Jan 07 20:58:50 +0000 2015", "filter_level": "medium", "in_reply_to_status_id_str": null, "place": null, "extended_entities": {"media": [{"source_status_id_str": "552793679082311680", "expanded_url": "http://twitter.com/Telegraph/status/552793679082311680/photo/1", "display_url": "pic.twitter.com/EgmxARAdEP", "url": "http://t.co/EgmxARAdEP", "media_url_https": "https://pbs.twimg.com/media/B6vq3MdCYAAX56O.jpg", "source_status_id": 552793679082311680, "id_str": "552793613239738368", "sizes": {"large": {"h": 287, "resize": "fit", "w": 460}, "small": {"h": 212, "resize": "fit", "w": 340}, "medium": {"h": 287, "resize": "fit", "w": 460}, "thumb": {"h": 150, "resize": "crop", "w": 150}}, "indices": [139, 140], "type": "photo", "id": 552793613239738368, "media_url": "http://pbs.twimg.com/media/B6vq3MdCYAAX56O.jpg"}]}}
{"contributors": null, "truncated": false, "text": "RT @Telegraph: 11 confirmed dead, Francois Hollande to visit scene of attack - latest from Paris: http://t.co/7N7uvClhWY http://t.co/EgmxAR\u2026", "in_reply_to_status_id": null, "id": 552932465510461441, "favorite_count": 0, "source": "<a href=\"http://twitter.com/download/android\" rel=\"nofollow\">Twitter for Android</a>", "retweeted": false, "coordinates": null, "timestamp_ms": "1420664347423", "entities": {"symbols": [], "media": [{"source_status_id_str": "552793679082311680", "expanded_url": "http://twitter.com/Telegraph/status/552793679082311680/photo/1", "display_url": "pic.twitter.com/EgmxARAdEP", "url": "http://t.co/EgmxARAdEP", "media_url_https": "https://pbs.twimg.com/media/B6vq3MdCYAAX56O.jpg", "source_status_id": 552793679082311680, "id_str": "552793613239738368", "sizes": {"large": {"h": 287, "resize": "fit", "w": 460}, "small": {"h": 212, "resize": "fit", "w": 340}, "medium": {"h": 287, "resize": "fit", "w": 460}, "thumb": {"h": 150, "resize": "crop", "w": 150}}, "indices": [139, 140], "type": "photo", "id": 552793613239738368, "media_url": "http://pbs.twimg.com/media/B6vq3MdCYAAX56O.jpg"}], "hashtags": [], "user_mentions": [{"id": 16343974, "indices": [3, 13], "id_str": "16343974", "screen_name": "Telegraph", "name": "The Telegraph"}], "trends": [], "urls": [{"url": "http://t.co/7N7uvClhWY", "indices": [98, 120], "expanded_url": "http://www.telegraph.co.uk/news/worldnews/europe/france/11329976/Paris-Charlie-Hebdo-attack-live.html", "display_url": "telegraph.co.uk/news/worldnews\u2026"}]}, "in_reply_to_screen_name": null, "id_str": "552932465510461441", "retweet_count": 0, "in_reply_to_user_id": null, "favorited": false, "retweeted_status": {"contributors": null, "truncated": false, "text": "11 confirmed dead, Francois Hollande to visit scene of attack - latest from Paris: http://t.co/7N7uvClhWY http://t.co/EgmxARAdEP", "in_reply_to_status_id": null, "id": 552793679082311680, "favorite_count": 21, "source": "<a href=\"https://about.twitter.com/products/tweetdeck\" rel=\"nofollow\">TweetDeck</a>", "retweeted": false, "coordinates": null, "entities": {"symbols": [], "media": [{"expanded_url": "http://twitter.com/Telegraph/status/552793679082311680/photo/1", "display_url": "pic.twitter.com/EgmxARAdEP", "url": "http://t.co/EgmxARAdEP", "media_url_https": "https://pbs.twimg.com/media/B6vq3MdCYAAX56O.jpg", "id_str": "552793613239738368", "sizes": {"large": {"h": 287, "resize": "fit", "w": 460}, "small": {"h": 212, "resize": "fit", "w": 340}, "medium": {"h": 287, "resize": "fit", "w": 460}, "thumb": {"h": 150, "resize": "crop", "w": 150}}, "indices": [106, 128], "type": "photo", "id": 552793613239738368, "media_url": "http://pbs.twimg.com/media/B6vq3MdCYAAX56O.jpg"}], "hashtags": [], "user_mentions": [], "trends": [], "urls": [{"url": "http://t.co/7N7uvClhWY", "indices": [83, 105], "expanded_url": "http://www.telegraph.co.uk/news/worldnews/europe/france/11329976/Paris-Charlie-Hebdo-attack-live.html", "display_url": "telegraph.co.uk/news/worldnews\u2026"}]}, "in_reply_to_screen_name": null, "id_str": "552793679082311680", "retweet_count": 144, "in_reply_to_user_id": null, "favorited": false, "user": {"follow_request_sent": null, "profile_use_background_image": true, "default_profile_image": false, "id": 16343974, "verified": true, "profile_image_url_https": "https://pbs.twimg.com/profile_images/507136992077832192/BBMrT1P7_normal.png", "profile_sidebar_fill_color": "F4F4F0", "profile_text_color": "000000", "followers_count": 775203, "profile_sidebar_border_color": "FFFFFF", "id_str": "16343974", "profile_background_color": "5F5653", "listed_count": 9626, "profile_background_image_url_https": "https://pbs.twimg.com/profile_background_images/177485899/Comment_twitter.png", "utc_offset": 0, "statuses_count": 199581, "description": "News, comment, Matt cartoons and more from The Daily and Sunday Telegraph. Tweets by @richjm, @martaruco, @nmurchu and @jonesr", "friends_count": 264, "location": "London, UK", "profile_link_color": "5F5653", "profile_image_url": "http://pbs.twimg.com/profile_images/507136992077832192/BBMrT1P7_normal.png", "following": null, "geo_enabled": true, "profile_banner_url": "https://pbs.twimg.com/profile_banners/16343974/1409746031", "profile_background_image_url": "http://pbs.twimg.com/profile_background_images/177485899/Comment_twitter.png", "name": "The Telegraph", "lang": "en", "profile_background_tile": true, "favourites_count": 77, "screen_name": "Telegraph", "notifications": null, "url": "http://www.telegraph.co.uk/", "created_at": "Thu Sep 18 06:50:54 +0000 2008", "contributors_enabled": false, "time_zone": "London", "protected": false, "default_profile": false, "is_translator": false}, "geo": null, "in_reply_to_user_id_str": null, "possibly_sensitive": false, "lang": "en", "created_at": "Wed Jan 07 11:47:38 +0000 2015", "filter_level": "low", "in_reply_to_status_id_str": null, "place": null, "extended_entities": {"media": [{"expanded_url": "http://twitter.com/Telegraph/status/552793679082311680/photo/1", "display_url": "pic.twitter.com/EgmxARAdEP", "url": "http://t.co/EgmxARAdEP", "media_url_https": "https://pbs.twimg.com/media/B6vq3MdCYAAX56O.jpg", "id_str": "552793613239738368", "sizes": {"large": {"h": 287, "resize": "fit", "w": 460}, "small": {"h": 212, "resize": "fit", "w": 340}, "medium": {"h": 287, "resize": "fit", "w": 460}, "thumb": {"h": 150, "resize": "crop", "w": 150}}, "indices": [106, 128], "type": "photo", "id": 552793613239738368, "media_url": "http://pbs.twimg.com/media/B6vq3MdCYAAX56O.jpg"}]}}, "user": {"follow_request_sent": null, "profile_use_background_image": true, "default_profile_image": false, "id": 2955666285, "verified": false, "profile_image_url_https": "https://pbs.twimg.com/profile_images/551450963916382208/LR0gW1zz_normal.jpeg", "profile_sidebar_fill_color": "DDEEF6", "profile_text_color": "333333", "followers_count": 300, "profile_sidebar_border_color": "C0DEED", "id_str": "2955666285", "profile_background_color": "C0DEED", "listed_count": 1, "profile_background_image_url_https": "https://abs.twimg.com/images/themes/theme1/bg.png", "utc_offset": null, "statuses_count": 3441, "description": null, "friends_count": 1114, "location": "", "profile_link_color": "0084B4", "profile_image_url": "http://pbs.twimg.com/profile_images/551450963916382208/LR0gW1zz_normal.jpeg", "following": null, "geo_enabled": false, "profile_banner_url": "https://pbs.twimg.com/profile_banners/2955666285/1420205273", "profile_background_image_url": "http://abs.twimg.com/images/themes/theme1/bg.png", "name": "ibrahim ", "lang": "en", "profile_background_tile": false, "favourites_count": 2843, "screen_name": "islamicstae1_fb", "notifications": null, "url": null, "created_at": "Thu Jan 01 23:22:08 +0000 2015", "contributors_enabled": false, "time_zone": null, "protected": false, "default_profile": true, "is_translator": false}, "geo": null, "in_reply_to_user_id_str": null, "possibly_sensitive": false, "lang": "en", "created_at": "Wed Jan 07 20:59:07 +0000 2015", "filter_level": "medium", "in_reply_to_status_id_str": null, "place": null, "extended_entities": {"media": [{"source_status_id_str": "552793679082311680", "expanded_url": "http://twitter.com/Telegraph/status/552793679082311680/photo/1", "display_url": "pic.twitter.com/EgmxARAdEP", "url": "http://t.co/EgmxARAdEP", "media_url_https": "https://pbs.twimg.com/media/B6vq3MdCYAAX56O.jpg", "source_status_id": 552793679082311680, "id_str": "552793613239738368", "sizes": {"large": {"h": 287, "resize": "fit", "w": 460}, "small": {"h": 212, "resize": "fit", "w": 340}, "medium": {"h": 287, "resize": "fit", "w": 460}, "thumb": {"h": 150, "resize": "crop", "w": 150}}, "indices": [139, 140], "type": "photo", "id": 552793613239738368, "media_url": "http://pbs.twimg.com/media/B6vq3MdCYAAX56O.jpg"}]}}
