{"contributors":null,"truncated":false,"text":"Eleven dead in shooting at Paris offices of satirical magazine Charlie Hebdo \u2013 live updates http:\/\/t.co\/gOtSqbwROc","in_reply_to_status_id":null,"id":552791578893619200,"favorite_count":28,"source":"<a href=\"http:\/\/www.socialflow.com\" rel=\"nofollow\">SocialFlow<\/a>","retweeted":false,"coordinates":null,"entities":{"symbols":[],"user_mentions":[],"hashtags":[],"urls":[{"url":"http:\/\/t.co\/gOtSqbwROc","indices":[92,114],"expanded_url":"http:\/\/trib.al\/tEfm9Sz","display_url":"trib.al\/tEfm9Sz"}]},"in_reply_to_screen_name":null,"id_str":"552791578893619200","retweet_count":338,"in_reply_to_user_id":null,"favorited":false,"user":{"follow_request_sent":false,"profile_use_background_image":true,"profile_text_color":"333333","default_profile_image":false,"id":87818409,"profile_background_image_url_https":"https:\/\/pbs.twimg.com\/profile_background_images\/704160749\/ff996aa3bc2009a2f9b97cdd43e8b5b7.png","verified":true,"profile_location":null,"profile_image_url_https":"https:\/\/pbs.twimg.com\/profile_images\/564829693736546305\/8o1OPz2e_normal.png","profile_sidebar_fill_color":"CAE3F3","entities":{"url":{"urls":[{"url":"http:\/\/t.co\/rrGq778cPt","indices":[0,22],"expanded_url":"http:\/\/theguardian.com","display_url":"theguardian.com"}]},"description":{"urls":[{"url":"http:\/\/t.co\/rrGq778cPt","indices":[56,78],"expanded_url":"http:\/\/theguardian.com","display_url":"theguardian.com"}]}},"followers_count":3091451,"profile_sidebar_border_color":"FFFFFF","id_str":"87818409","profile_background_color":"B2AFA9","listed_count":35456,"is_translation_enabled":true,"utc_offset":0,"statuses_count":107007,"description":"Top stories, special features, live blogs and more from http:\/\/t.co\/rrGq778cPt","friends_count":1083,"location":"London","profile_link_color":"005789","profile_image_url":"http:\/\/pbs.twimg.com\/profile_images\/564829693736546305\/8o1OPz2e_normal.png","following":false,"geo_enabled":false,"profile_banner_url":"https:\/\/pbs.twimg.com\/profile_banners\/87818409\/1352211339","profile_background_image_url":"http:\/\/pbs.twimg.com\/profile_background_images\/704160749\/ff996aa3bc2009a2f9b97cdd43e8b5b7.png","name":"The Guardian","lang":"en","profile_background_tile":false,"favourites_count":130,"screen_name":"guardian","notifications":false,"url":"http:\/\/t.co\/rrGq778cPt","created_at":"Thu Nov 05 23:49:19 +0000 2009","contributors_enabled":false,"time_zone":"London","protected":false,"default_profile":false,"is_translator":false},"geo":null,"in_reply_to_user_id_str":null,"possibly_sensitive":false,"lang":"en","created_at":"Wed Jan 07 11:39:17 +0000 2015","in_reply_to_status_id_str":null,"place":null}