{"contributors":null,"truncated":false,"text":"Charlie Hebdo shooting latest: 12 dead and gunmen still at large http:\/\/t.co\/6jRqXgPogM http:\/\/t.co\/hO7lvftma5","in_reply_to_status_id":null,"id":552802654641225728,"favorite_count":22,"source":"<a href=\"https:\/\/about.twitter.com\/products\/tweetdeck\" rel=\"nofollow\">TweetDeck<\/a>","retweeted":false,"coordinates":null,"entities":{"symbols":[],"user_mentions":[],"hashtags":[],"urls":[{"url":"http:\/\/t.co\/6jRqXgPogM","indices":[65,87],"expanded_url":"http:\/\/i100.io\/W5R7DKe","display_url":"i100.io\/W5R7DKe"}],"media":[{"expanded_url":"http:\/\/twitter.com\/thei100\/status\/552802654641225728\/photo\/1","display_url":"pic.twitter.com\/hO7lvftma5","url":"http:\/\/t.co\/hO7lvftma5","media_url_https":"https:\/\/pbs.twimg.com\/media\/B6vy8E6CUAAQQ-4.jpg","id_str":"552802493206253568","sizes":{"small":{"h":176,"resize":"fit","w":340},"large":{"h":530,"resize":"fit","w":1024},"medium":{"h":310,"resize":"fit","w":600},"thumb":{"h":150,"resize":"crop","w":150}},"indices":[88,110],"type":"photo","id":552802493206253568,"media_url":"http:\/\/pbs.twimg.com\/media\/B6vy8E6CUAAQQ-4.jpg"}]},"in_reply_to_screen_name":null,"id_str":"552802654641225728","retweet_count":120,"in_reply_to_user_id":null,"favorited":false,"user":{"follow_request_sent":false,"profile_use_background_image":true,"profile_text_color":"333333","default_profile_image":false,"id":2461887810,"profile_background_image_url_https":"https:\/\/pbs.twimg.com\/profile_background_images\/489772334010474496\/UqlyIb4G.png","verified":false,"profile_location":null,"profile_image_url_https":"https:\/\/pbs.twimg.com\/profile_images\/572746090546360320\/VGdAsU3b_normal.png","profile_sidebar_fill_color":"DDEEF6","entities":{"url":{"urls":[{"url":"http:\/\/t.co\/gfReaEz2dn","indices":[0,22],"expanded_url":"http:\/\/i100.independent.co.uk\/","display_url":"i100.independent.co.uk"}]},"description":{"urls":[]}},"followers_count":53449,"profile_sidebar_border_color":"FFFFFF","id_str":"2461887810","profile_background_color":"FFFFFF","listed_count":671,"is_translation_enabled":false,"utc_offset":null,"statuses_count":11588,"description":"Putting the 'the' into i100, a news site from the @independent and @theipaper. Bringing you the stories you want to read, in the order you want to read them.","friends_count":54,"location":"London","profile_link_color":"B30000","profile_image_url":"http:\/\/pbs.twimg.com\/profile_images\/572746090546360320\/VGdAsU3b_normal.png","following":false,"geo_enabled":false,"profile_banner_url":"https:\/\/pbs.twimg.com\/profile_banners\/2461887810\/1405517989","profile_background_image_url":"http:\/\/pbs.twimg.com\/profile_background_images\/489772334010474496\/UqlyIb4G.png","name":"i100","lang":"en","profile_background_tile":false,"favourites_count":0,"screen_name":"thei100","notifications":false,"url":"http:\/\/t.co\/gfReaEz2dn","created_at":"Thu Apr 24 16:23:55 +0000 2014","contributors_enabled":false,"time_zone":null,"protected":false,"default_profile":false,"is_translator":false},"geo":null,"in_reply_to_user_id_str":null,"possibly_sensitive":false,"lang":"en","created_at":"Wed Jan 07 12:23:18 +0000 2015","in_reply_to_status_id_str":null,"place":null,"extended_entities":{"media":[{"expanded_url":"http:\/\/twitter.com\/thei100\/status\/552802654641225728\/photo\/1","display_url":"pic.twitter.com\/hO7lvftma5","url":"http:\/\/t.co\/hO7lvftma5","media_url_https":"https:\/\/pbs.twimg.com\/media\/B6vy8E6CUAAQQ-4.jpg","id_str":"552802493206253568","sizes":{"small":{"h":176,"resize":"fit","w":340},"large":{"h":530,"resize":"fit","w":1024},"medium":{"h":310,"resize":"fit","w":600},"thumb":{"h":150,"resize":"crop","w":150}},"indices":[88,110],"type":"photo","id":552802493206253568,"media_url":"http:\/\/pbs.twimg.com\/media\/B6vy8E6CUAAQQ-4.jpg"}]}}