{"contributors":null,"truncated":false,"text":"Most compelling image I've seen to come out of horrifying events in Paris, courtesy of Banksy. #JeSuisCharlie http:\/\/t.co\/EKBfbRR3HT","in_reply_to_status_id":null,"id":552978099357237248,"favorite_count":98,"source":"<a href=\"http:\/\/twitter.com\" rel=\"nofollow\">Twitter Web Client<\/a>","retweeted":false,"coordinates":null,"entities":{"symbols":[],"user_mentions":[],"hashtags":[{"indices":[95,109],"text":"JeSuisCharlie"}],"urls":[],"media":[{"expanded_url":"http:\/\/twitter.com\/tmpear\/status\/552978099357237248\/photo\/1","display_url":"pic.twitter.com\/EKBfbRR3HT","url":"http:\/\/t.co\/EKBfbRR3HT","media_url_https":"https:\/\/pbs.twimg.com\/media\/B6ySpqSCYAA3GVL.png","id_str":"552978098681962496","sizes":{"large":{"h":750,"resize":"fit","w":750},"small":{"h":340,"resize":"fit","w":340},"medium":{"h":600,"resize":"fit","w":600},"thumb":{"h":150,"resize":"crop","w":150}},"indices":[110,132],"type":"photo","id":552978098681962496,"media_url":"http:\/\/pbs.twimg.com\/media\/B6ySpqSCYAA3GVL.png"}]},"in_reply_to_screen_name":null,"id_str":"552978099357237248","retweet_count":190,"in_reply_to_user_id":null,"favorited":false,"user":{"follow_request_sent":false,"profile_use_background_image":false,"profile_text_color":"333333","default_profile_image":false,"id":212369763,"profile_background_image_url_https":"https:\/\/pbs.twimg.com\/profile_background_images\/476953549532721152\/wmEUvuGg.png","verified":false,"profile_location":null,"profile_image_url_https":"https:\/\/pbs.twimg.com\/profile_images\/533163080528560128\/jDASVwK-_normal.jpeg","profile_sidebar_fill_color":"DDEEF6","entities":{"url":{"urls":[{"url":"http:\/\/t.co\/wZLgGFIDuF","indices":[0,22],"expanded_url":"http:\/\/www.sierraclub.bc.ca\/","display_url":"sierraclub.bc.ca"}]},"description":{"urls":[]}},"followers_count":1337,"profile_sidebar_border_color":"FFFFFF","id_str":"212369763","profile_background_color":"94D487","listed_count":34,"is_translation_enabled":false,"utc_offset":null,"statuses_count":5787,"description":"Comms guy at @Sierra_BC. There's no Planet B. Still waiting for Notts Forest to return to the Premier League. tim@sierraclub.bc.ca","friends_count":1718,"location":"Victoria BC","profile_link_color":"4A913C","profile_image_url":"http:\/\/pbs.twimg.com\/profile_images\/533163080528560128\/jDASVwK-_normal.jpeg","following":false,"geo_enabled":true,"profile_banner_url":"https:\/\/pbs.twimg.com\/profile_banners\/212369763\/1415951103","profile_background_image_url":"http:\/\/pbs.twimg.com\/profile_background_images\/476953549532721152\/wmEUvuGg.png","name":"Tim Pearson","lang":"en","profile_background_tile":true,"favourites_count":11,"screen_name":"tmpear","notifications":false,"url":"http:\/\/t.co\/wZLgGFIDuF","created_at":"Fri Nov 05 22:06:15 +0000 2010","contributors_enabled":false,"time_zone":null,"protected":false,"default_profile":false,"is_translator":false},"geo":null,"in_reply_to_user_id_str":null,"possibly_sensitive":false,"lang":"en","created_at":"Thu Jan 08 00:00:27 +0000 2015","in_reply_to_status_id_str":null,"place":null,"extended_entities":{"media":[{"expanded_url":"http:\/\/twitter.com\/tmpear\/status\/552978099357237248\/photo\/1","display_url":"pic.twitter.com\/EKBfbRR3HT","url":"http:\/\/t.co\/EKBfbRR3HT","media_url_https":"https:\/\/pbs.twimg.com\/media\/B6ySpqSCYAA3GVL.png","id_str":"552978098681962496","sizes":{"large":{"h":750,"resize":"fit","w":750},"small":{"h":340,"resize":"fit","w":340},"medium":{"h":600,"resize":"fit","w":600},"thumb":{"h":150,"resize":"crop","w":150}},"indices":[110,132],"type":"photo","id":552978098681962496,"media_url":"http:\/\/pbs.twimg.com\/media\/B6ySpqSCYAA3GVL.png"}]}}