{"contributors":null,"truncated":false,"text":"URGENT: 3 gunmen involved in deadly attack on #CharlieHebdo - French interior minister http:\/\/t.co\/3Jsosc7yl3 #Paris http:\/\/t.co\/9fqT2P6yhV","in_reply_to_status_id":null,"id":552833028201144320,"favorite_count":40,"source":"<a href=\"http:\/\/twitter.com\" rel=\"nofollow\">Twitter Web Client<\/a>","retweeted":false,"coordinates":null,"entities":{"symbols":[],"media":[{"expanded_url":"http:\/\/twitter.com\/RT_com\/status\/552833028201144320\/photo\/1","display_url":"pic.twitter.com\/9fqT2P6yhV","url":"http:\/\/t.co\/9fqT2P6yhV","media_url_https":"https:\/\/pbs.twimg.com\/media\/B6wOtT0IEAAu2Fi.jpg","id_str":"552833025835536384","sizes":{"large":{"h":574,"resize":"fit","w":1024},"small":{"h":190,"resize":"fit","w":340},"medium":{"h":336,"resize":"fit","w":600},"thumb":{"h":150,"resize":"crop","w":150}},"indices":[117,139],"type":"photo","id":552833025835536384,"media_url":"http:\/\/pbs.twimg.com\/media\/B6wOtT0IEAAu2Fi.jpg"}],"hashtags":[{"indices":[46,59],"text":"CharlieHebdo"},{"indices":[110,116],"text":"Paris"}],"user_mentions":[],"trends":[],"urls":[{"url":"http:\/\/t.co\/3Jsosc7yl3","indices":[87,109],"expanded_url":"http:\/\/on.rt.com\/k5ivya","display_url":"on.rt.com\/k5ivya"}]},"in_reply_to_screen_name":null,"id_str":"552833028201144320","retweet_count":152,"in_reply_to_user_id":null,"favorited":false,"user":{"follow_request_sent":null,"profile_use_background_image":true,"default_profile_image":false,"id":64643056,"verified":true,"profile_image_url_https":"https:\/\/pbs.twimg.com\/profile_images\/423103093069205504\/eTXULFRS_normal.png","profile_sidebar_fill_color":"EBEBEB","profile_text_color":"000000","followers_count":840871,"profile_sidebar_border_color":"FFFFFF","id_str":"64643056","profile_background_color":"1D1D1D","listed_count":13550,"profile_background_image_url_https":"https:\/\/pbs.twimg.com\/profile_background_images\/448107225769193472\/16jIvlg2.jpeg","utc_offset":14400,"statuses_count":104907,"description":"RT, the global news network, broadcasts from Moscow, London and Washington studios to over 100 countries.","friends_count":461,"location":"","profile_link_color":"3D990F","profile_image_url":"http:\/\/pbs.twimg.com\/profile_images\/423103093069205504\/eTXULFRS_normal.png","following":null,"geo_enabled":false,"profile_banner_url":"https:\/\/pbs.twimg.com\/profile_banners\/64643056\/1409741388","profile_background_image_url":"http:\/\/pbs.twimg.com\/profile_background_images\/448107225769193472\/16jIvlg2.jpeg","name":"RT","lang":"en","profile_background_tile":false,"favourites_count":26,"screen_name":"RT_com","notifications":null,"url":"http:\/\/RT.com","created_at":"Tue Aug 11 06:12:45 +0000 2009","contributors_enabled":false,"time_zone":"Moscow","protected":false,"default_profile":false,"is_translator":false},"geo":null,"in_reply_to_user_id_str":null,"possibly_sensitive":false,"lang":"en","created_at":"Wed Jan 07 14:23:59 +0000 2015","filter_level":"low","in_reply_to_status_id_str":null,"place":null,"extended_entities":{"media":[{"expanded_url":"http:\/\/twitter.com\/RT_com\/status\/552833028201144320\/photo\/1","display_url":"pic.twitter.com\/9fqT2P6yhV","url":"http:\/\/t.co\/9fqT2P6yhV","media_url_https":"https:\/\/pbs.twimg.com\/media\/B6wOtT0IEAAu2Fi.jpg","id_str":"552833025835536384","sizes":{"large":{"h":574,"resize":"fit","w":1024},"small":{"h":190,"resize":"fit","w":340},"medium":{"h":336,"resize":"fit","w":600},"thumb":{"h":150,"resize":"crop","w":150}},"indices":[117,139],"type":"photo","id":552833025835536384,"media_url":"http:\/\/pbs.twimg.com\/media\/B6wOtT0IEAAu2Fi.jpg"}]}}