{"contributors":null,"truncated":false,"text":"4 #CharlieHebdo cartoonists killed:\n\n- Charb\n- Cabu\n- Tignous\n- Georges Wolinski\n\n#JeSuisCharlie http:\/\/t.co\/QbaEYog2S2","in_reply_to_status_id":null,"id":552821069036670976,"favorite_count":192,"source":"<a href=\"https:\/\/about.twitter.com\/products\/tweetdeck\" rel=\"nofollow\">TweetDeck<\/a>","retweeted":false,"coordinates":null,"entities":{"symbols":[],"user_mentions":[],"hashtags":[{"indices":[2,15],"text":"CharlieHebdo"},{"indices":[82,96],"text":"JeSuisCharlie"}],"urls":[],"media":[{"expanded_url":"http:\/\/twitter.com\/HuffPostUK\/status\/552821069036670976\/photo\/1","display_url":"pic.twitter.com\/QbaEYog2S2","url":"http:\/\/t.co\/QbaEYog2S2","media_url_https":"https:\/\/pbs.twimg.com\/media\/B6wDKXgCIAAUwjs.png","id_str":"552820330901676032","sizes":{"large":{"h":530,"resize":"fit","w":436},"small":{"h":413,"resize":"fit","w":340},"medium":{"h":530,"resize":"fit","w":436},"thumb":{"h":150,"resize":"crop","w":150}},"indices":[97,119],"type":"photo","id":552820330901676032,"media_url":"http:\/\/pbs.twimg.com\/media\/B6wDKXgCIAAUwjs.png"}]},"in_reply_to_screen_name":null,"id_str":"552821069036670976","retweet_count":912,"in_reply_to_user_id":null,"favorited":false,"user":{"follow_request_sent":false,"profile_use_background_image":false,"profile_text_color":"333333","default_profile_image":false,"id":271413771,"profile_background_image_url_https":"https:\/\/pbs.twimg.com\/profile_background_images\/441210696349392898\/dlrsH8Im.png","verified":true,"profile_location":null,"profile_image_url_https":"https:\/\/pbs.twimg.com\/profile_images\/453874625634521088\/FwFUg_dI_normal.jpeg","profile_sidebar_fill_color":"DDEEF6","entities":{"url":{"urls":[{"url":"http:\/\/t.co\/nOlbth4w3n","indices":[0,22],"expanded_url":"http:\/\/huffingtonpost.co.uk","display_url":"huffingtonpost.co.uk"}]},"description":{"urls":[]}},"followers_count":115106,"profile_sidebar_border_color":"FFFFFF","id_str":"271413771","profile_background_color":"F2F2F2","listed_count":2029,"is_translation_enabled":false,"utc_offset":3600,"statuses_count":109706,"description":"The destination for U.K. news, blogs and coverage of politics, entertainment, style, world news, technology and comedy...","friends_count":1498,"location":"","profile_link_color":"307061","profile_image_url":"http:\/\/pbs.twimg.com\/profile_images\/453874625634521088\/FwFUg_dI_normal.jpeg","following":false,"geo_enabled":false,"profile_banner_url":"https:\/\/pbs.twimg.com\/profile_banners\/271413771\/1397742517","profile_background_image_url":"http:\/\/pbs.twimg.com\/profile_background_images\/441210696349392898\/dlrsH8Im.png","name":"HuffPost UK","lang":"en","profile_background_tile":false,"favourites_count":329,"screen_name":"HuffPostUK","notifications":false,"url":"http:\/\/t.co\/nOlbth4w3n","created_at":"Thu Mar 24 13:20:16 +0000 2011","contributors_enabled":false,"time_zone":"Amsterdam","protected":false,"default_profile":false,"is_translator":false},"geo":null,"in_reply_to_user_id_str":null,"possibly_sensitive":false,"lang":"en","created_at":"Wed Jan 07 13:36:28 +0000 2015","in_reply_to_status_id_str":null,"place":null,"extended_entities":{"media":[{"expanded_url":"http:\/\/twitter.com\/HuffPostUK\/status\/552821069036670976\/photo\/1","display_url":"pic.twitter.com\/QbaEYog2S2","url":"http:\/\/t.co\/QbaEYog2S2","media_url_https":"https:\/\/pbs.twimg.com\/media\/B6wDKXgCIAAUwjs.png","id_str":"552820330901676032","sizes":{"large":{"h":530,"resize":"fit","w":436},"small":{"h":413,"resize":"fit","w":340},"medium":{"h":530,"resize":"fit","w":436},"thumb":{"h":150,"resize":"crop","w":150}},"indices":[97,119],"type":"photo","id":552820330901676032,"media_url":"http:\/\/pbs.twimg.com\/media\/B6wDKXgCIAAUwjs.png"},{"expanded_url":"http:\/\/twitter.com\/HuffPostUK\/status\/552821069036670976\/photo\/1","display_url":"pic.twitter.com\/QbaEYog2S2","url":"http:\/\/t.co\/QbaEYog2S2","media_url_https":"https:\/\/pbs.twimg.com\/media\/B6wDMNYCIAE97XV.png","id_str":"552820362543505409","sizes":{"large":{"h":530,"resize":"fit","w":506},"small":{"h":356,"resize":"fit","w":340},"medium":{"h":530,"resize":"fit","w":506},"thumb":{"h":150,"resize":"crop","w":150}},"indices":[97,119],"type":"photo","id":552820362543505409,"media_url":"http:\/\/pbs.twimg.com\/media\/B6wDMNYCIAE97XV.png"},{"expanded_url":"http:\/\/twitter.com\/HuffPostUK\/status\/552821069036670976\/photo\/1","display_url":"pic.twitter.com\/QbaEYog2S2","url":"http:\/\/t.co\/QbaEYog2S2","media_url_https":"https:\/\/pbs.twimg.com\/media\/B6wDpYFCUAET9Yd.png","id_str":"552820863632822273","sizes":{"large":{"h":920,"resize":"fit","w":746},"small":{"h":419,"resize":"fit","w":340},"medium":{"h":739,"resize":"fit","w":600},"thumb":{"h":150,"resize":"crop","w":150}},"indices":[97,119],"type":"photo","id":552820863632822273,"media_url":"http:\/\/pbs.twimg.com\/media\/B6wDpYFCUAET9Yd.png"},{"expanded_url":"http:\/\/twitter.com\/HuffPostUK\/status\/552821069036670976\/photo\/1","display_url":"pic.twitter.com\/QbaEYog2S2","url":"http:\/\/t.co\/QbaEYog2S2","media_url_https":"https:\/\/pbs.twimg.com\/media\/B6wD0_nCYAA7iWH.png","id_str":"552821063222976512","sizes":{"large":{"h":783,"resize":"fit","w":616},"small":{"h":432,"resize":"fit","w":340},"medium":{"h":762,"resize":"fit","w":600},"thumb":{"h":150,"resize":"crop","w":150}},"indices":[97,119],"type":"photo","id":552821063222976512,"media_url":"http:\/\/pbs.twimg.com\/media\/B6wD0_nCYAA7iWH.png"}]}}