{"contributors":null,"truncated":false,"text":"BREAKING Charlie Hebdo latest: 11 dead 10 wounded (five critical) two gunmen unaccounted for http:\/\/t.co\/kjW3uwCV0f http:\/\/t.co\/9K8ICs97Be","in_reply_to_status_id":null,"id":552792544132997121,"favorite_count":32,"source":"<a href=\"https:\/\/about.twitter.com\/products\/tweetdeck\" rel=\"nofollow\">TweetDeck<\/a>","retweeted":false,"coordinates":null,"entities":{"symbols":[],"user_mentions":[],"hashtags":[],"urls":[{"url":"http:\/\/t.co\/kjW3uwCV0f","indices":[93,115],"expanded_url":"http:\/\/ind.pn\/1zTr6rv","display_url":"ind.pn\/1zTr6rv"}],"media":[{"expanded_url":"http:\/\/twitter.com\/Independent\/status\/552792544132997121\/photo\/1","display_url":"pic.twitter.com\/9K8ICs97Be","url":"http:\/\/t.co\/9K8ICs97Be","media_url_https":"https:\/\/pbs.twimg.com\/media\/B6vpx6hCEAEZ5Bi.jpg","id_str":"552792423013683201","sizes":{"small":{"h":255,"resize":"fit","w":340},"large":{"h":465,"resize":"fit","w":620},"medium":{"h":450,"resize":"fit","w":600},"thumb":{"h":150,"resize":"crop","w":150}},"indices":[116,138],"type":"photo","id":552792423013683201,"media_url":"http:\/\/pbs.twimg.com\/media\/B6vpx6hCEAEZ5Bi.jpg"}]},"in_reply_to_screen_name":null,"id_str":"552792544132997121","retweet_count":203,"in_reply_to_user_id":null,"favorited":false,"user":{"follow_request_sent":false,"profile_use_background_image":true,"profile_text_color":"333333","default_profile_image":false,"id":16973333,"profile_background_image_url_https":"https:\/\/pbs.twimg.com\/profile_background_images\/378800000119288704\/4ac964c83462c88837dc1e735aa1a45e.png","verified":true,"profile_location":null,"profile_image_url_https":"https:\/\/pbs.twimg.com\/profile_images\/583628771972018176\/ztJn926g_normal.png","profile_sidebar_fill_color":"FFFFFF","entities":{"url":{"urls":[{"url":"http:\/\/t.co\/GsqzXf7Q10","indices":[0,22],"expanded_url":"http:\/\/www.independent.co.uk","display_url":"independent.co.uk"}]},"description":{"urls":[{"url":"http:\/\/t.co\/WQAUQYNJfd","indices":[126,148],"expanded_url":"http:\/\/ind.pn\/Wdlm9a","display_url":"ind.pn\/Wdlm9a"}]}},"followers_count":973212,"profile_sidebar_border_color":"FFFFFF","id_str":"16973333","profile_background_color":"EBEBEB","listed_count":11783,"is_translation_enabled":true,"utc_offset":0,"statuses_count":124096,"description":"News, comment and features from The Independent. Also follow: @IndyVoices, \r\n@IndyPolitics, @IndyWorld and our journalists at http:\/\/t.co\/WQAUQYNJfd","friends_count":1763,"location":"London, United Kingdom","profile_link_color":"FC051A","profile_image_url":"http:\/\/pbs.twimg.com\/profile_images\/583628771972018176\/ztJn926g_normal.png","following":false,"geo_enabled":false,"profile_background_image_url":"http:\/\/pbs.twimg.com\/profile_background_images\/378800000119288704\/4ac964c83462c88837dc1e735aa1a45e.png","name":"The Independent","lang":"en","profile_background_tile":true,"favourites_count":39,"screen_name":"Independent","notifications":false,"url":"http:\/\/t.co\/GsqzXf7Q10","created_at":"Sun Oct 26 00:00:29 +0000 2008","contributors_enabled":false,"time_zone":"London","protected":false,"default_profile":false,"is_translator":false},"geo":null,"in_reply_to_user_id_str":null,"possibly_sensitive":false,"lang":"en","created_at":"Wed Jan 07 11:43:07 +0000 2015","in_reply_to_status_id_str":null,"place":null,"extended_entities":{"media":[{"expanded_url":"http:\/\/twitter.com\/Independent\/status\/552792544132997121\/photo\/1","display_url":"pic.twitter.com\/9K8ICs97Be","url":"http:\/\/t.co\/9K8ICs97Be","media_url_https":"https:\/\/pbs.twimg.com\/media\/B6vpx6hCEAEZ5Bi.jpg","id_str":"552792423013683201","sizes":{"small":{"h":255,"resize":"fit","w":340},"large":{"h":465,"resize":"fit","w":620},"medium":{"h":450,"resize":"fit","w":600},"thumb":{"h":150,"resize":"crop","w":150}},"indices":[116,138],"type":"photo","id":552792423013683201,"media_url":"http:\/\/pbs.twimg.com\/media\/B6vpx6hCEAEZ5Bi.jpg"}]}}