{"contributors":null,"truncated":false,"text":".@Telegraph @acooper3 Well, @SkyNewsBreak are noting that whoever fired those bullets knew how to fire the gun properly. PN office dead?","in_reply_to_status_id":552793679082311680,"id":552798644244860928,"favorite_count":0,"source":"<a href=\"http:\/\/twitter.com\" rel=\"nofollow\">Twitter Web Client<\/a>","retweeted":false,"coordinates":null,"entities":{"symbols":[],"user_mentions":[{"id":16343974,"indices":[1,11],"id_str":"16343974","screen_name":"Telegraph","name":"The Telegraph"},{"id":13360482,"indices":[12,21],"id_str":"13360482","screen_name":"acooper3","name":"Adam Cooper"},{"id":87416722,"indices":[28,41],"id_str":"87416722","screen_name":"SkyNewsBreak","name":"Sky News Newsdesk"}],"hashtags":[],"urls":[]},"in_reply_to_screen_name":"Telegraph","id_str":"552798644244860928","retweet_count":0,"in_reply_to_user_id":16343974,"favorited":false,"user":{"follow_request_sent":false,"profile_use_background_image":true,"profile_text_color":"634047","default_profile_image":false,"id":101445204,"profile_background_image_url_https":"https:\/\/pbs.twimg.com\/profile_background_images\/534258373131108352\/fuT_oY43.jpeg","verified":false,"profile_location":null,"profile_image_url_https":"https:\/\/pbs.twimg.com\/profile_images\/569262950498594816\/5UZdubII_normal.jpeg","profile_sidebar_fill_color":"E3E2DE","entities":{"description":{"urls":[]}},"followers_count":1001,"profile_sidebar_border_color":"FFFFFF","id_str":"101445204","profile_background_color":"EDECE9","listed_count":37,"is_translation_enabled":false,"utc_offset":0,"statuses_count":27411,"description":"Journalist who gets results. Rooting out accountancy's culture of corruption, nepotism and rank stupidity. My cuttings speak for me.","friends_count":833,"location":"Central Europe \u2013 on the move","profile_link_color":"088253","profile_image_url":"http:\/\/pbs.twimg.com\/profile_images\/569262950498594816\/5UZdubII_normal.jpeg","following":false,"geo_enabled":true,"profile_banner_url":"https:\/\/pbs.twimg.com\/profile_banners\/101445204\/1399392833","profile_background_image_url":"http:\/\/pbs.twimg.com\/profile_background_images\/534258373131108352\/fuT_oY43.jpeg","name":"Secret Ledger","lang":"en","profile_background_tile":false,"favourites_count":623,"screen_name":"secret_ledger","notifications":false,"url":null,"created_at":"Sun Jan 03 09:51:10 +0000 2010","contributors_enabled":false,"time_zone":"London","protected":false,"default_profile":false,"is_translator":false},"geo":null,"in_reply_to_user_id_str":"16343974","lang":"en","created_at":"Wed Jan 07 12:07:21 +0000 2015","in_reply_to_status_id_str":"552793679082311680","place":null}