{"contributors": null, "truncated": false, "text": "\u201c@20Minutes: Hi @Telegraph this is the photo of our journalist @WilliamMolinie please credit him at least.\u201d lol business .. Encore et encore", "in_reply_to_status_id": 552796160101220352, "id": 552796934134845440, "favorite_count": 1, "source": "<a href=\"http://twitter.com/download/iphone\" rel=\"nofollow\">Twitter for iPhone</a>", "retweeted": false, "coordinates": null, "entities": {"symbols": [], "user_mentions": [{"id": 2649991, "indices": [1, 11], "id_str": "2649991", "screen_name": "20Minutes", "name": "20 Minutes"}, {"id": 16343974, "indices": [16, 26], "id_str": "16343974", "screen_name": "Telegraph", "name": "The Telegraph"}, {"id": 24987381, "indices": [63, 78], "id_str": "24987381", "screen_name": "WilliamMolinie", "name": "William Molini\u00e9"}], "hashtags": [], "urls": []}, "in_reply_to_screen_name": "20Minutes", "id_str": "552796934134845440", "retweet_count": 1, "in_reply_to_user_id": 2649991, "favorited": false, "user": {"follow_request_sent": false, "profile_use_background_image": false, "profile_text_color": "000000", "default_profile_image": false, "id": 361062854, "profile_background_image_url_https": "https://abs.twimg.com/images/themes/theme12/bg.gif", "verified": false, "profile_location": null, "profile_image_url_https": "https://pbs.twimg.com/profile_images/557516498978504704/djcTQ9DP_normal.jpeg", "profile_sidebar_fill_color": "000000", "entities": {"description": {"urls": []}}, "followers_count": 697, "profile_sidebar_border_color": "000000", "id_str": "361062854", "profile_background_color": "000000", "listed_count": 5, "is_translation_enabled": false, "utc_offset": 3600, "statuses_count": 39316, "description": "La verit\u00e9 vous rendra libre", "friends_count": 1138, "location": "Bordeaux - Jijel", "profile_link_color": "3B94D9", "profile_image_url": "http://pbs.twimg.com/profile_images/557516498978504704/djcTQ9DP_normal.jpeg", "following": false, "geo_enabled": false, "profile_banner_url": "https://pbs.twimg.com/profile_banners/361062854/1421831019", "profile_background_image_url": "http://abs.twimg.com/images/themes/theme12/bg.gif", "name": "Sarah", "lang": "fr", "profile_background_tile": false, "favourites_count": 7363, "screen_name": "Sar_zg", "notifications": false, "url": null, "created_at": "Wed Aug 24 05:43:58 +0000 2011", "contributors_enabled": false, "time_zone": "Paris", "protected": false, "default_profile": false, "is_translator": false}, "geo": null, "in_reply_to_user_id_str": "2649991", "lang": "en", "created_at": "Wed Jan 07 12:00:34 +0000 2015", "in_reply_to_status_id_str": "552796160101220352", "place": null}
