{"contributors": null, "truncated": false, "text": "@20Minutes franchement d\u00e9plac\u00e9 vu le contexte...", "in_reply_to_status_id": 552796160101220352, "id": 552796766484303872, "favorite_count": 1, "source": "<a href=\"https://about.twitter.com/products/tweetdeck\" rel=\"nofollow\">TweetDeck</a>", "retweeted": false, "coordinates": null, "entities": {"symbols": [], "user_mentions": [{"id": 2649991, "indices": [0, 10], "id_str": "2649991", "screen_name": "20Minutes", "name": "20 Minutes"}], "hashtags": [], "urls": []}, "in_reply_to_screen_name": "20Minutes", "id_str": "552796766484303872", "retweet_count": 0, "in_reply_to_user_id": 2649991, "favorited": false, "user": {"follow_request_sent": false, "profile_use_background_image": true, "profile_text_color": "333333", "default_profile_image": false, "id": 300136686, "profile_background_image_url_https": "https://abs.twimg.com/images/themes/theme18/bg.gif", "verified": false, "profile_location": null, "profile_image_url_https": "https://pbs.twimg.com/profile_images/2463005323/1nb03hmhqdblbjr21yr1_normal.jpeg", "profile_sidebar_fill_color": "F6F6F6", "entities": {"description": {"urls": []}}, "followers_count": 46, "profile_sidebar_border_color": "EEEEEE", "id_str": "300136686", "profile_background_color": "ACDED6", "listed_count": 0, "is_translation_enabled": false, "utc_offset": 3600, "statuses_count": 139, "description": "G\u00e9rant de la soci\u00e9t\u00e9 AUXILIA CONSULTING, SSII en Eure et Loir", "friends_count": 209, "location": "", "profile_link_color": "038543", "profile_image_url": "http://pbs.twimg.com/profile_images/2463005323/1nb03hmhqdblbjr21yr1_normal.jpeg", "following": false, "geo_enabled": true, "profile_background_image_url": "http://abs.twimg.com/images/themes/theme18/bg.gif", "name": "S\u00e9bastien Hardeman", "lang": "fr", "profile_background_tile": false, "favourites_count": 16, "screen_name": "sebx59", "notifications": false, "url": null, "created_at": "Tue May 17 08:07:27 +0000 2011", "contributors_enabled": false, "time_zone": "Paris", "protected": false, "default_profile": false, "is_translator": false}, "geo": null, "in_reply_to_user_id_str": "2649991", "lang": "fr", "created_at": "Wed Jan 07 11:59:54 +0000 2015", "in_reply_to_status_id_str": "552796160101220352", "place": null}
