{"contributors": null, "truncated": false, "text": "@20Minutes @Telegraph @WilliamMolinie  indeed, this is called \"courtesy\" (thing often unknown by british papers)", "in_reply_to_status_id": 552796160101220352, "id": 552796638436397056, "favorite_count": 1, "source": "<a href=\"http://twitter.com\" rel=\"nofollow\">Twitter Web Client</a>", "retweeted": false, "coordinates": null, "entities": {"symbols": [], "user_mentions": [{"id": 2649991, "indices": [0, 10], "id_str": "2649991", "screen_name": "20Minutes", "name": "20 Minutes"}, {"id": 16343974, "indices": [11, 21], "id_str": "16343974", "screen_name": "Telegraph", "name": "The Telegraph"}, {"id": 24987381, "indices": [22, 37], "id_str": "24987381", "screen_name": "WilliamMolinie", "name": "William Molini\u00e9"}], "hashtags": [], "urls": []}, "in_reply_to_screen_name": "20Minutes", "id_str": "552796638436397056", "retweet_count": 0, "in_reply_to_user_id": 2649991, "favorited": false, "user": {"follow_request_sent": false, "profile_use_background_image": true, "profile_text_color": "333333", "default_profile_image": false, "id": 223382695, "profile_background_image_url_https": "https://abs.twimg.com/images/themes/theme1/bg.png", "verified": false, "profile_location": null, "profile_image_url_https": "https://pbs.twimg.com/profile_images/1759740896/fofoca_normal.jpg", "profile_sidebar_fill_color": "DDEEF6", "entities": {"url": {"urls": [{"url": "http://t.co/KKAcaEB0xT", "indices": [0, 22], "expanded_url": "http://withoutborders.com", "display_url": "withoutborders.com"}]}, "description": {"urls": []}}, "followers_count": 1982, "profile_sidebar_border_color": "FFFFFF", "id_str": "223382695", "profile_background_color": "C0DEED", "listed_count": 31, "is_translation_enabled": false, "utc_offset": 3600, "statuses_count": 56346, "description": "*Time flies, you can't, they fly too fast.*", "friends_count": 2112, "location": "Paris/Rio de Janeiro", "profile_link_color": "0084B4", "profile_image_url": "http://pbs.twimg.com/profile_images/1759740896/fofoca_normal.jpg", "following": false, "geo_enabled": true, "profile_background_image_url": "http://abs.twimg.com/images/themes/theme1/bg.png", "name": "Beatrice S.", "lang": "fr", "profile_background_tile": false, "favourites_count": 941, "screen_name": "calipette", "notifications": false, "url": "http://t.co/KKAcaEB0xT", "created_at": "Mon Dec 06 06:52:58 +0000 2010", "contributors_enabled": false, "time_zone": "Paris", "protected": false, "default_profile": false, "is_translator": false}, "geo": null, "in_reply_to_user_id_str": "2649991", "lang": "en", "created_at": "Wed Jan 07 11:59:23 +0000 2015", "in_reply_to_status_id_str": "552796160101220352", "place": {"full_name": "Paris, Ile-de-France", "url": "https://api.twitter.com/1.1/geo/id/09f6a7707f18e0b1.json", "country": "France", "place_type": "city", "bounding_box": {"type": "Polygon", "coordinates": [[[2.2241006, 48.8155214], [2.4699053, 48.8155214], [2.4699053, 48.9021461], [2.2241006, 48.9021461]]]}, "contained_within": [], "country_code": "FR", "attributes": {}, "id": "09f6a7707f18e0b1", "name": "Paris"}}
