{"contributors":null,"truncated":false,"text":"@20Minutes @Telegraph @WilliamMolinie Heu \u00e0 ce stade on s'en fiche non ?","in_reply_to_status_id":552796160101220352,"id":552796316955574273,"favorite_count":2,"source":"<a href=\"https:\/\/about.twitter.com\/products\/tweetdeck\" rel=\"nofollow\">TweetDeck<\/a>","retweeted":false,"coordinates":null,"entities":{"symbols":[],"user_mentions":[{"id":2649991,"indices":[0,10],"id_str":"2649991","screen_name":"20Minutes","name":"20 Minutes"},{"id":16343974,"indices":[11,21],"id_str":"16343974","screen_name":"Telegraph","name":"The Telegraph"},{"id":24987381,"indices":[22,37],"id_str":"24987381","screen_name":"WilliamMolinie","name":"William Molini\u00e9"}],"hashtags":[],"urls":[]},"in_reply_to_screen_name":"20Minutes","id_str":"552796316955574273","retweet_count":1,"in_reply_to_user_id":2649991,"favorited":false,"user":{"follow_request_sent":false,"profile_use_background_image":true,"profile_text_color":"666666","default_profile_image":false,"id":38551917,"profile_background_image_url_https":"https:\/\/pbs.twimg.com\/profile_background_images\/520213733075722242\/5mss1dZ8.png","verified":false,"profile_location":null,"profile_image_url_https":"https:\/\/pbs.twimg.com\/profile_images\/574573057135661056\/sK11sOaZ_normal.png","profile_sidebar_fill_color":"252429","entities":{"description":{"urls":[]}},"followers_count":319,"profile_sidebar_border_color":"FFFFFF","id_str":"38551917","profile_background_color":"352726","listed_count":7,"is_translation_enabled":false,"utc_offset":3600,"statuses_count":3071,"description":"Terrence Malick, C\u00e9line, Booba, Don Rosa, Tony Soprano et Roger Waters ont chang\u00e9 ma vie.\nAudrey Pulvar un peu moins. J'aime bien @Vodkaster","friends_count":804,"location":"Paris","profile_link_color":"D02B55","profile_image_url":"http:\/\/pbs.twimg.com\/profile_images\/574573057135661056\/sK11sOaZ_normal.png","following":false,"geo_enabled":true,"profile_banner_url":"https:\/\/pbs.twimg.com\/profile_banners\/38551917\/1413797697","profile_background_image_url":"http:\/\/pbs.twimg.com\/profile_background_images\/520213733075722242\/5mss1dZ8.png","name":"Fujee","lang":"fr","profile_background_tile":false,"favourites_count":2948,"screen_name":"Fujee","notifications":false,"url":null,"created_at":"Thu May 07 23:50:27 +0000 2009","contributors_enabled":false,"time_zone":"Paris","protected":false,"default_profile":false,"is_translator":false},"geo":null,"in_reply_to_user_id_str":"2649991","lang":"fr","created_at":"Wed Jan 07 11:58:07 +0000 2015","in_reply_to_status_id_str":"552796160101220352","place":null}