{"contributors":null,"truncated":false,"text":"@20Minutes @Telegraph @WilliamMolinie il y a des morts. Pendant ce temps, le pb de 20 minutes c'est les photos...","in_reply_to_status_id":552796160101220352,"id":552797898187210752,"favorite_count":1,"source":"<a href=\"http:\/\/tapbots.com\/tweetbot\" rel=\"nofollow\">Tweetbot for i\u039fS<\/a>","retweeted":false,"coordinates":null,"entities":{"symbols":[],"user_mentions":[{"id":2649991,"indices":[0,10],"id_str":"2649991","screen_name":"20Minutes","name":"20 Minutes"},{"id":16343974,"indices":[11,21],"id_str":"16343974","screen_name":"Telegraph","name":"The Telegraph"},{"id":24987381,"indices":[22,37],"id_str":"24987381","screen_name":"WilliamMolinie","name":"William Molini\u00e9"}],"hashtags":[],"urls":[]},"in_reply_to_screen_name":"20Minutes","id_str":"552797898187210752","retweet_count":0,"in_reply_to_user_id":2649991,"favorited":false,"user":{"follow_request_sent":false,"profile_use_background_image":true,"profile_text_color":"333333","default_profile_image":false,"id":405174559,"profile_background_image_url_https":"https:\/\/abs.twimg.com\/images\/themes\/theme1\/bg.png","verified":false,"profile_location":null,"profile_image_url_https":"https:\/\/pbs.twimg.com\/profile_images\/573421350435614720\/v783Ri43_normal.jpeg","profile_sidebar_fill_color":"DDEEF6","entities":{"description":{"urls":[]}},"followers_count":121,"profile_sidebar_border_color":"C0DEED","id_str":"405174559","profile_background_color":"C0DEED","listed_count":3,"is_translation_enabled":false,"utc_offset":3600,"statuses_count":8841,"description":"Adepte de #running #PS3 #PS4 et #apple addict \nEn couple avec @sidji16 \nMes tweets n'engagent que moi","friends_count":164,"location":"Marseille","profile_link_color":"0084B4","profile_image_url":"http:\/\/pbs.twimg.com\/profile_images\/573421350435614720\/v783Ri43_normal.jpeg","following":false,"geo_enabled":true,"profile_banner_url":"https:\/\/pbs.twimg.com\/profile_banners\/405174559\/1348417120","profile_background_image_url":"http:\/\/abs.twimg.com\/images\/themes\/theme1\/bg.png","name":"d@\\\/!d","lang":"fr","profile_background_tile":false,"favourites_count":863,"screen_name":"david_13005","notifications":false,"url":null,"created_at":"Fri Nov 04 23:32:25 +0000 2011","contributors_enabled":false,"time_zone":"Paris","protected":false,"default_profile":true,"is_translator":false},"geo":null,"in_reply_to_user_id_str":"2649991","lang":"fr","created_at":"Wed Jan 07 12:04:24 +0000 2015","in_reply_to_status_id_str":"552796160101220352","place":{"full_name":"Forbach, Lorraine","url":"https:\/\/api.twitter.com\/1.1\/geo\/id\/44ccc6802dda70b4.json","country":"France","place_type":"city","bounding_box":{"type":"Polygon","coordinates":[[[6.850514,49.1717394],[6.9470599,49.1717394],[6.9470599,49.211232],[6.850514,49.211232]]]},"contained_within":[],"country_code":"FR","attributes":{},"id":"44ccc6802dda70b4","name":"Forbach"}}