{"contributors": null, "truncated": false, "text": "Je disais quoi ? Smh.. RT \"@20Minutes: Hi @Telegraph this is the photo of our journalist @WilliamMolinie please credit him at least.\"", "in_reply_to_status_id": 552796160101220352, "id": 552796679322492928, "favorite_count": 1, "source": "<a href=\"http://www.twitter.com\" rel=\"nofollow\">Twitter for Windows Phone</a>", "retweeted": false, "coordinates": null, "entities": {"symbols": [], "user_mentions": [{"id": 2649991, "indices": [27, 37], "id_str": "2649991", "screen_name": "20Minutes", "name": "20 Minutes"}, {"id": 16343974, "indices": [42, 52], "id_str": "16343974", "screen_name": "Telegraph", "name": "The Telegraph"}, {"id": 24987381, "indices": [89, 104], "id_str": "24987381", "screen_name": "WilliamMolinie", "name": "William Molini\u00e9"}], "hashtags": [], "urls": []}, "in_reply_to_screen_name": "20Minutes", "id_str": "552796679322492928", "retweet_count": 0, "in_reply_to_user_id": 2649991, "favorited": false, "user": {"follow_request_sent": false, "profile_use_background_image": true, "profile_text_color": "333333", "default_profile_image": false, "id": 125025920, "profile_background_image_url_https": "https://pbs.twimg.com/profile_background_images/615461403/7of4sbwub8vgkup355gj.jpeg", "verified": false, "profile_location": null, "profile_image_url_https": "https://pbs.twimg.com/profile_images/483699203093585920/twAbpZuK_normal.jpeg", "profile_sidebar_fill_color": "DDEEF6", "entities": {"url": {"urls": [{"url": "http://t.co/txAtur6W4G", "indices": [0, 22], "expanded_url": "http://sonic71360.tumblr.com", "display_url": "sonic71360.tumblr.com"}]}, "description": {"urls": []}}, "followers_count": 332, "profile_sidebar_border_color": "FFFFFF", "id_str": "125025920", "profile_background_color": "C0DEED", "listed_count": 1, "is_translation_enabled": false, "utc_offset": 3600, "statuses_count": 55610, "description": "Fan de Sonic, LeBron, Spider-Man, Rocky, Flash Thompson, Ichigo, Robbie, Schumi etc. Live Tweets sur @MiamiHeatFr. J'ai ma licence de destructeur de TL.", "friends_count": 1255, "location": "Surement en train de courir.", "profile_link_color": "0084B4", "profile_image_url": "http://pbs.twimg.com/profile_images/483699203093585920/twAbpZuK_normal.jpeg", "following": false, "geo_enabled": true, "profile_banner_url": "https://pbs.twimg.com/profile_banners/125025920/1417300320", "profile_background_image_url": "http://pbs.twimg.com/profile_background_images/615461403/7of4sbwub8vgkup355gj.jpeg", "name": "O'neal", "lang": "fr", "profile_background_tile": true, "favourites_count": 1346, "screen_name": "Sonic71360", "notifications": false, "url": "http://t.co/txAtur6W4G", "created_at": "Sun Mar 21 12:24:29 +0000 2010", "contributors_enabled": false, "time_zone": "Paris", "protected": false, "default_profile": false, "is_translator": false}, "geo": null, "in_reply_to_user_id_str": "2649991", "lang": "en", "created_at": "Wed Jan 07 11:59:33 +0000 2015", "in_reply_to_status_id_str": "552796160101220352", "place": null}
