{"contributors": null, "truncated": false, "text": ".@20Minutes Le sens des priorit\u00e9s...", "in_reply_to_status_id": 552796160101220352, "id": 552796379811438593, "favorite_count": 2, "source": "<a href=\"http://twitter.com\" rel=\"nofollow\">Twitter Web Client</a>", "retweeted": false, "coordinates": null, "entities": {"symbols": [], "user_mentions": [{"id": 2649991, "indices": [1, 11], "id_str": "2649991", "screen_name": "20Minutes", "name": "20 Minutes"}], "hashtags": [], "urls": []}, "in_reply_to_screen_name": "20Minutes", "id_str": "552796379811438593", "retweet_count": 3, "in_reply_to_user_id": 2649991, "favorited": false, "user": {"follow_request_sent": false, "profile_use_background_image": true, "profile_text_color": "333333", "default_profile_image": false, "id": 2774516734, "profile_background_image_url_https": "https://pbs.twimg.com/profile_background_images/512904795296768000/-uXcrAiF.jpeg", "verified": false, "profile_location": null, "profile_image_url_https": "https://pbs.twimg.com/profile_images/556414928362283008/mAbLtCVV_normal.jpeg", "profile_sidebar_fill_color": "DDEEF6", "entities": {"description": {"urls": []}}, "followers_count": 69, "profile_sidebar_border_color": "FFFFFF", "id_str": "2774516734", "profile_background_color": "C0DEED", "listed_count": 1, "is_translation_enabled": false, "utc_offset": 3600, "statuses_count": 1304, "description": "Javier Pastore", "friends_count": 143, "location": "", "profile_link_color": "0084B4", "profile_image_url": "http://pbs.twimg.com/profile_images/556414928362283008/mAbLtCVV_normal.jpeg", "following": false, "geo_enabled": false, "profile_banner_url": "https://pbs.twimg.com/profile_banners/2774516734/1411064048", "profile_background_image_url": "http://pbs.twimg.com/profile_background_images/512904795296768000/-uXcrAiF.jpeg", "name": "Javier Pastore", "lang": "fr", "profile_background_tile": true, "favourites_count": 93, "screen_name": "MattChrisHoward", "notifications": false, "url": null, "created_at": "Thu Sep 18 11:57:31 +0000 2014", "contributors_enabled": false, "time_zone": "Paris", "protected": false, "default_profile": false, "is_translator": false}, "geo": null, "in_reply_to_user_id_str": "2649991", "lang": "fr", "created_at": "Wed Jan 07 11:58:22 +0000 2015", "in_reply_to_status_id_str": "552796160101220352", "place": null}
