{"contributors": null, "truncated": false, "text": "Hi @Telegraph this is the photo of our journalist @WilliamMolinie please credit him at least.", "in_reply_to_status_id": 552793679082311680, "id": 552796160101220352, "favorite_count": 9, "source": "<a href=\"http://twitter.com\" rel=\"nofollow\">Twitter Web Client</a>", "retweeted": false, "coordinates": null, "entities": {"symbols": [], "user_mentions": [{"id": 16343974, "indices": [3, 13], "id_str": "16343974", "screen_name": "Telegraph", "name": "The Telegraph"}, {"id": 24987381, "indices": [50, 65], "id_str": "24987381", "screen_name": "WilliamMolinie", "name": "William Molini\u00e9"}], "hashtags": [], "urls": []}, "in_reply_to_screen_name": "Telegraph", "id_str": "552796160101220352", "retweet_count": 17, "in_reply_to_user_id": 16343974, "favorited": false, "user": {"follow_request_sent": false, "profile_use_background_image": true, "profile_text_color": "474347", "default_profile_image": false, "id": 2649991, "profile_background_image_url_https": "https://pbs.twimg.com/profile_background_images/332708788/20minutes-twitter-uni_v2.jpg", "verified": true, "profile_location": null, "profile_image_url_https": "https://pbs.twimg.com/profile_images/917939759/logo_72dpi2_normal.jpg", "profile_sidebar_fill_color": "FCFDFF", "entities": {"url": {"urls": [{"url": "http://t.co/L4UTqAUSMc", "indices": [0, 22], "expanded_url": "http://www.20minutes.fr", "display_url": "20minutes.fr"}]}, "description": {"urls": [{"url": "http://t.co/39vntgKz", "indices": [89, 109], "expanded_url": "http://www.facebook.com/20minutes", "display_url": "facebook.com/20minutes"}]}}, "followers_count": 1399573, "profile_sidebar_border_color": "E0E0E0", "id_str": "2649991", "profile_background_color": "1A497E", "listed_count": 7287, "is_translation_enabled": false, "utc_offset": 3600, "statuses_count": 71920, "description": "Information en continu. Actualit\u00e9s, Politique, Sport, People, High Tech / Sur Facebook : http://t.co/39vntgKz", "friends_count": 1318, "location": "Paris, France", "profile_link_color": "3E5087", "profile_image_url": "http://pbs.twimg.com/profile_images/917939759/logo_72dpi2_normal.jpg", "following": false, "geo_enabled": true, "profile_banner_url": "https://pbs.twimg.com/profile_banners/2649991/1420976532", "profile_background_image_url": "http://pbs.twimg.com/profile_background_images/332708788/20minutes-twitter-uni_v2.jpg", "name": "20 Minutes", "lang": "fr", "profile_background_tile": false, "favourites_count": 37, "screen_name": "20Minutes", "notifications": false, "url": "http://t.co/L4UTqAUSMc", "created_at": "Wed Mar 28 12:14:38 +0000 2007", "contributors_enabled": false, "time_zone": "Paris", "protected": false, "default_profile": false, "is_translator": false}, "geo": null, "in_reply_to_user_id_str": "16343974", "lang": "en", "created_at": "Wed Jan 07 11:57:29 +0000 2015", "in_reply_to_status_id_str": "552793679082311680", "place": null}
