{"contributors":null,"truncated":false,"text":"Sickening \"@Telegraph: 11 confirmed dead, Francois Hollande to visit scene of attack: http:\/\/t.co\/g1eoeo9iiO http:\/\/t.co\/spETEzMnQF\u201d","in_reply_to_status_id":552793679082311680,"id":552794951487352832,"favorite_count":0,"source":"<a href=\"http:\/\/twitter.com\/download\/iphone\" rel=\"nofollow\">Twitter for iPhone<\/a>","retweeted":false,"coordinates":{"type":"Point","coordinates":[-0.1045888,51.52183246]},"entities":{"symbols":[],"user_mentions":[{"id":16343974,"indices":[11,21],"id_str":"16343974","screen_name":"Telegraph","name":"The Telegraph"}],"hashtags":[],"urls":[{"url":"http:\/\/t.co\/g1eoeo9iiO","indices":[86,108],"expanded_url":"http:\/\/www.telegraph.co.uk\/news\/worldnews\/europe\/france\/11329976\/Paris-Charlie-Hebdo-attack-live.html","display_url":"telegraph.co.uk\/news\/worldnews\u2026"}],"media":[{"source_user_id":16343974,"source_status_id_str":"552793679082311680","expanded_url":"http:\/\/twitter.com\/Telegraph\/status\/552793679082311680\/photo\/1","display_url":"pic.twitter.com\/spETEzMnQF","url":"http:\/\/t.co\/spETEzMnQF","media_url_https":"https:\/\/pbs.twimg.com\/media\/B6vq3MdCYAAX56O.jpg","source_user_id_str":"16343974","source_status_id":552793679082311680,"id_str":"552793613239738368","sizes":{"large":{"h":287,"resize":"fit","w":460},"small":{"h":212,"resize":"fit","w":340},"medium":{"h":287,"resize":"fit","w":460},"thumb":{"h":150,"resize":"crop","w":150}},"indices":[109,131],"type":"photo","id":552793613239738368,"media_url":"http:\/\/pbs.twimg.com\/media\/B6vq3MdCYAAX56O.jpg"}]},"in_reply_to_screen_name":"Telegraph","id_str":"552794951487352832","retweet_count":0,"in_reply_to_user_id":16343974,"favorited":false,"user":{"follow_request_sent":false,"profile_use_background_image":true,"profile_text_color":"333333","default_profile_image":false,"id":182006778,"profile_background_image_url_https":"https:\/\/pbs.twimg.com\/profile_background_images\/378800000181433229\/pKS_-NdR.jpeg","verified":false,"profile_location":null,"profile_image_url_https":"https:\/\/pbs.twimg.com\/profile_images\/582659425523101696\/9rYufXaB_normal.jpg","profile_sidebar_fill_color":"DDEEF6","entities":{"url":{"urls":[{"url":"http:\/\/t.co\/TlhQS4zNrz","indices":[0,22],"expanded_url":"http:\/\/uk.linkedin.com\/pub\/leonie-roderick\/44\/a41\/b24","display_url":"uk.linkedin.com\/pub\/leonie-rod\u2026"}]},"description":{"urls":[]}},"followers_count":975,"profile_sidebar_border_color":"FFFFFF","id_str":"182006778","profile_background_color":"ACDED6","listed_count":27,"is_translation_enabled":false,"utc_offset":0,"statuses_count":4616,"description":"Online writer at @marketer_editor, former @cityjournalism. Words for @Independent, @Wonderlandmag, @Rollacoaster. My views, mostly.","friends_count":885,"location":"Amsterdam \u2013 Cardiff \u2013 London","profile_link_color":"038543","profile_image_url":"http:\/\/pbs.twimg.com\/profile_images\/582659425523101696\/9rYufXaB_normal.jpg","following":false,"geo_enabled":true,"profile_banner_url":"https:\/\/pbs.twimg.com\/profile_banners\/182006778\/1389202397","profile_background_image_url":"http:\/\/pbs.twimg.com\/profile_background_images\/378800000181433229\/pKS_-NdR.jpeg","name":"Leonie Roderick","lang":"en","profile_background_tile":false,"favourites_count":411,"screen_name":"LeonieRoderick","notifications":false,"url":"http:\/\/t.co\/TlhQS4zNrz","created_at":"Mon Aug 23 16:09:54 +0000 2010","contributors_enabled":false,"time_zone":"London","protected":false,"default_profile":false,"is_translator":false},"geo":{"type":"Point","coordinates":[51.52183246,-0.1045888]},"in_reply_to_user_id_str":"16343974","possibly_sensitive":false,"lang":"en","created_at":"Wed Jan 07 11:52:41 +0000 2015","in_reply_to_status_id_str":"552793679082311680","place":{"full_name":"Islington, London","url":"https:\/\/api.twitter.com\/1.1\/geo\/id\/544762ebf7fda780.json","country":"United Kingdom","place_type":"city","bounding_box":{"type":"Polygon","coordinates":[[[-0.1420579,51.5185518],[-0.076305,51.5185518],[-0.076305,51.575301],[-0.1420579,51.575301]]]},"contained_within":[],"country_code":"GB","attributes":{},"id":"544762ebf7fda780","name":"Islington"},"extended_entities":{"media":[{"source_user_id":16343974,"source_status_id_str":"552793679082311680","expanded_url":"http:\/\/twitter.com\/Telegraph\/status\/552793679082311680\/photo\/1","display_url":"pic.twitter.com\/spETEzMnQF","url":"http:\/\/t.co\/spETEzMnQF","media_url_https":"https:\/\/pbs.twimg.com\/media\/B6vq3MdCYAAX56O.jpg","source_user_id_str":"16343974","source_status_id":552793679082311680,"id_str":"552793613239738368","sizes":{"large":{"h":287,"resize":"fit","w":460},"small":{"h":212,"resize":"fit","w":340},"medium":{"h":287,"resize":"fit","w":460},"thumb":{"h":150,"resize":"crop","w":150}},"indices":[109,131],"type":"photo","id":552793613239738368,"media_url":"http:\/\/pbs.twimg.com\/media\/B6vq3MdCYAAX56O.jpg"}]}}