{"contributors": null, "truncated": false, "text": "@Telegraph Photo shows attackers are at least trained &amp; possibly experienced with combat weapons. More tracking needed of overseas fighters.", "in_reply_to_status_id": 552793679082311680, "id": 552798473389867009, "favorite_count": 0, "source": "<a href=\"http://twitter.com\" rel=\"nofollow\">Twitter Web Client</a>", "retweeted": false, "coordinates": null, "entities": {"symbols": [], "user_mentions": [{"id": 16343974, "indices": [0, 10], "id_str": "16343974", "screen_name": "Telegraph", "name": "The Telegraph"}], "hashtags": [], "urls": []}, "in_reply_to_screen_name": "Telegraph", "id_str": "552798473389867009", "retweet_count": 1, "in_reply_to_user_id": 16343974, "favorited": false, "user": {"follow_request_sent": false, "profile_use_background_image": true, "profile_text_color": "333333", "default_profile_image": false, "id": 1435073588, "profile_background_image_url_https": "https://abs.twimg.com/images/themes/theme18/bg.gif", "verified": false, "profile_location": null, "profile_image_url_https": "https://pbs.twimg.com/profile_images/461208074296909824/InuoLh-s_normal.jpeg", "profile_sidebar_fill_color": "F6F6F6", "entities": {"url": {"urls": [{"url": "http://t.co/AWEzyMFQpv", "indices": [0, 22], "expanded_url": "http://www.alexburrett.com", "display_url": "alexburrett.com"}]}, "description": {"urls": []}}, "followers_count": 33, "profile_sidebar_border_color": "EEEEEE", "id_str": "1435073588", "profile_background_color": "ACDED6", "listed_count": 1, "is_translation_enabled": false, "utc_offset": null, "statuses_count": 164, "description": "Writing rwongs", "friends_count": 66, "location": "", "profile_link_color": "038543", "profile_image_url": "http://pbs.twimg.com/profile_images/461208074296909824/InuoLh-s_normal.jpeg", "following": false, "geo_enabled": false, "profile_banner_url": "https://pbs.twimg.com/profile_banners/1435073588/1398795784", "profile_background_image_url": "http://abs.twimg.com/images/themes/theme18/bg.gif", "name": "Alex Burrett", "lang": "en", "profile_background_tile": false, "favourites_count": 0, "screen_name": "AuthorABurrett", "notifications": false, "url": "http://t.co/AWEzyMFQpv", "created_at": "Fri May 17 08:25:38 +0000 2013", "contributors_enabled": false, "time_zone": null, "protected": false, "default_profile": false, "is_translator": false}, "geo": null, "in_reply_to_user_id_str": "16343974", "lang": "en", "created_at": "Wed Jan 07 12:06:41 +0000 2015", "in_reply_to_status_id_str": "552793679082311680", "place": null}
