{"contributors": null, "truncated": false, "text": "@Telegraph Wild West Politics: Western Europe is suffering from its internal contradictions; welcome to the tribal politics of the future.", "in_reply_to_status_id": 552793679082311680, "id": 552800628012224512, "favorite_count": 0, "source": "<a href=\"http://twitter.com\" rel=\"nofollow\">Twitter Web Client</a>", "retweeted": false, "coordinates": null, "entities": {"symbols": [], "user_mentions": [{"id": 16343974, "indices": [0, 10], "id_str": "16343974", "screen_name": "Telegraph", "name": "The Telegraph"}], "hashtags": [], "urls": []}, "in_reply_to_screen_name": "Telegraph", "id_str": "552800628012224512", "retweet_count": 0, "in_reply_to_user_id": 16343974, "favorited": false, "user": {"follow_request_sent": false, "profile_use_background_image": true, "profile_text_color": "634047", "default_profile_image": false, "id": 25472797, "profile_background_image_url_https": "https://pbs.twimg.com/profile_background_images/809781636/e6d32f86def9ae123af9f4fe15dda237.jpeg", "verified": false, "profile_location": null, "profile_image_url_https": "https://pbs.twimg.com/profile_images/3371741564/4cdf0b00c588e131a206c32eebd72aa7_normal.jpeg", "profile_sidebar_fill_color": "E3E2DE", "entities": {"url": {"urls": [{"url": "http://t.co/RnNRYFWBVd", "indices": [0, 22], "expanded_url": "http://www.youtube.com/results?search_query=Deep%20Ecology.%20&sm=12", "display_url": "youtube.com/results?search\u2026"}]}, "description": {"urls": []}}, "followers_count": 2791, "profile_sidebar_border_color": "FFFFFF", "id_str": "25472797", "profile_background_color": "9AE4E8", "listed_count": 78, "is_translation_enabled": false, "utc_offset": 0, "statuses_count": 31420, "description": "Rewilding Europe aims to rewild one million hectares of land by 2020, making 10 wilderness areas similar to Yellowstone - but deep within the heart of Europe.", "friends_count": 2081, "location": "Can we rewild Britain?", "profile_link_color": "0084B4", "profile_image_url": "http://pbs.twimg.com/profile_images/3371741564/4cdf0b00c588e131a206c32eebd72aa7_normal.jpeg", "following": false, "geo_enabled": false, "profile_banner_url": "https://pbs.twimg.com/profile_banners/25472797/1405942610", "profile_background_image_url": "http://pbs.twimg.com/profile_background_images/809781636/e6d32f86def9ae123af9f4fe15dda237.jpeg", "name": "Rewilding Britain", "lang": "en", "profile_background_tile": true, "favourites_count": 243, "screen_name": "RewildBritain", "notifications": false, "url": "http://t.co/RnNRYFWBVd", "created_at": "Fri Mar 20 06:43:53 +0000 2009", "contributors_enabled": false, "time_zone": "London", "protected": false, "default_profile": false, "is_translator": false}, "geo": null, "in_reply_to_user_id_str": "16343974", "lang": "en", "created_at": "Wed Jan 07 12:15:14 +0000 2015", "in_reply_to_status_id_str": "552793679082311680", "place": null}
