{"contributors":null,"truncated":false,"text":"@khadij_s @cocoa_ktr nah not even on that man, habibi marseille \ud83d\udc95","in_reply_to_status_id":552801740652036096,"id":552802770873761793,"favorite_count":2,"source":"<a href=\"http:\/\/twitter.com\/download\/iphone\" rel=\"nofollow\">Twitter for iPhone<\/a>","retweeted":false,"coordinates":null,"entities":{"symbols":[],"user_mentions":[{"id":2203942282,"indices":[0,9],"id_str":"2203942282","screen_name":"khadij_s","name":"souls "},{"id":704907249,"indices":[10,20],"id_str":"704907249","screen_name":"cocoa_ktr","name":"."}],"hashtags":[],"urls":[]},"in_reply_to_screen_name":"khadij_s","id_str":"552802770873761793","retweet_count":0,"in_reply_to_user_id":2203942282,"favorited":false,"user":{"follow_request_sent":false,"profile_use_background_image":true,"profile_text_color":"333333","default_profile_image":false,"id":2153574327,"profile_background_image_url_https":"https:\/\/abs.twimg.com\/images\/themes\/theme1\/bg.png","verified":false,"profile_location":null,"profile_image_url_https":"https:\/\/pbs.twimg.com\/profile_images\/587735590017302528\/i3RF01Qx_normal.jpg","profile_sidebar_fill_color":"DDEEF6","entities":{"description":{"urls":[]}},"followers_count":75,"profile_sidebar_border_color":"C0DEED","id_str":"2153574327","profile_background_color":"C0DEED","listed_count":0,"is_translation_enabled":false,"utc_offset":0,"statuses_count":878,"description":"","friends_count":41,"location":"","profile_link_color":"9500B3","profile_image_url":"http:\/\/pbs.twimg.com\/profile_images\/587735590017302528\/i3RF01Qx_normal.jpg","following":false,"geo_enabled":true,"profile_banner_url":"https:\/\/pbs.twimg.com\/profile_banners\/2153574327\/1413727958","profile_background_image_url":"http:\/\/abs.twimg.com\/images\/themes\/theme1\/bg.png","name":"\u3164\u3164\u3164\u3164\u3164\u3164\u3164\u3164\u3164\u3164\u3164","lang":"en","profile_background_tile":false,"favourites_count":327,"screen_name":"_naboox","notifications":false,"url":null,"created_at":"Sat Oct 26 01:39:53 +0000 2013","contributors_enabled":false,"time_zone":"Casablanca","protected":false,"default_profile":false,"is_translator":false},"geo":null,"in_reply_to_user_id_str":"2203942282","lang":"en","created_at":"Wed Jan 07 12:23:45 +0000 2015","in_reply_to_status_id_str":"552801740652036096","place":null}