{"contributors":null,"truncated":false,"text":"@Telegraph lol nd u lot wanted to go paris to get our headgears ripped off @_naboox @cocoa_ktr","in_reply_to_status_id":552793679082311680,"id":552801740652036096,"favorite_count":1,"source":"<a href=\"http:\/\/twitter.com\/download\/android\" rel=\"nofollow\">Twitter for Android<\/a>","retweeted":false,"coordinates":null,"entities":{"symbols":[],"user_mentions":[{"id":16343974,"indices":[0,10],"id_str":"16343974","screen_name":"Telegraph","name":"The Telegraph"},{"id":2153574327,"indices":[75,83],"id_str":"2153574327","screen_name":"_naboox","name":"\u3164\u3164\u3164\u3164\u3164\u3164\u3164\u3164\u3164\u3164\u3164"},{"id":704907249,"indices":[84,94],"id_str":"704907249","screen_name":"cocoa_ktr","name":"."}],"hashtags":[],"urls":[]},"in_reply_to_screen_name":"Telegraph","id_str":"552801740652036096","retweet_count":0,"in_reply_to_user_id":16343974,"favorited":false,"user":{"follow_request_sent":false,"profile_use_background_image":true,"profile_text_color":"333333","default_profile_image":false,"id":2203942282,"profile_background_image_url_https":"https:\/\/abs.twimg.com\/images\/themes\/theme1\/bg.png","verified":false,"profile_location":null,"profile_image_url_https":"https:\/\/pbs.twimg.com\/profile_images\/581248677496430592\/XXzrn3CJ_normal.jpg","profile_sidebar_fill_color":"DDEEF6","entities":{"description":{"urls":[]}},"followers_count":527,"profile_sidebar_border_color":"C0DEED","id_str":"2203942282","profile_background_color":"C0DEED","listed_count":7,"is_translation_enabled":false,"utc_offset":null,"statuses_count":3068,"description":"not me, 1001 alter egos.","friends_count":206,"location":"Londres","profile_link_color":"0084B4","profile_image_url":"http:\/\/pbs.twimg.com\/profile_images\/581248677496430592\/XXzrn3CJ_normal.jpg","following":false,"geo_enabled":true,"profile_banner_url":"https:\/\/pbs.twimg.com\/profile_banners\/2203942282\/1421703714","profile_background_image_url":"http:\/\/abs.twimg.com\/images\/themes\/theme1\/bg.png","name":"souls ","lang":"en-gb","profile_background_tile":false,"favourites_count":11738,"screen_name":"khadij_s","notifications":false,"url":null,"created_at":"Mon Dec 02 01:19:04 +0000 2013","contributors_enabled":false,"time_zone":null,"protected":false,"default_profile":true,"is_translator":false},"geo":null,"in_reply_to_user_id_str":"16343974","lang":"en","created_at":"Wed Jan 07 12:19:40 +0000 2015","in_reply_to_status_id_str":"552793679082311680","place":null}