{"contributors": null, "truncated": false, "text": "@juliamacfarlane http://t.co/zHekINcQjJ", "in_reply_to_status_id": 552978184413921281, "id": 552979232515948546, "favorite_count": 0, "source": "<a href=\"http://twitter.com\" rel=\"nofollow\">Twitter Web Client</a>", "retweeted": false, "coordinates": null, "entities": {"symbols": [], "user_mentions": [{"id": 20159596, "indices": [0, 16], "id_str": "20159596", "screen_name": "juliamacfarlane", "name": "Julia Macfarlane"}], "hashtags": [], "urls": [], "media": [{"expanded_url": "http://twitter.com/NYArtiste/status/552979232515948546/photo/1", "display_url": "pic.twitter.com/zHekINcQjJ", "url": "http://t.co/zHekINcQjJ", "media_url_https": "https://pbs.twimg.com/media/B6yTroHCEAAFxIw.jpg", "id_str": "552979231970299904", "sizes": {"large": {"h": 321, "resize": "fit", "w": 264}, "small": {"h": 321, "resize": "fit", "w": 264}, "medium": {"h": 321, "resize": "fit", "w": 264}, "thumb": {"h": 150, "resize": "crop", "w": 150}}, "indices": [17, 39], "type": "photo", "id": 552979231970299904, "media_url": "http://pbs.twimg.com/media/B6yTroHCEAAFxIw.jpg"}]}, "in_reply_to_screen_name": "juliamacfarlane", "id_str": "552979232515948546", "retweet_count": 0, "in_reply_to_user_id": 20159596, "favorited": false, "user": {"follow_request_sent": false, "profile_use_background_image": true, "profile_text_color": "333333", "default_profile_image": false, "id": 266309584, "profile_background_image_url_https": "https://abs.twimg.com/images/themes/theme1/bg.png", "verified": false, "profile_location": null, "profile_image_url_https": "https://pbs.twimg.com/profile_images/522518600720982016/2OLCQOZG_normal.jpeg", "profile_sidebar_fill_color": "DDEEF6", "entities": {"description": {"urls": []}}, "followers_count": 32, "profile_sidebar_border_color": "C0DEED", "id_str": "266309584", "profile_background_color": "C0DEED", "listed_count": 0, "is_translation_enabled": false, "utc_offset": null, "statuses_count": 260, "description": "", "friends_count": 367, "location": "", "profile_link_color": "0084B4", "profile_image_url": "http://pbs.twimg.com/profile_images/522518600720982016/2OLCQOZG_normal.jpeg", "following": false, "geo_enabled": false, "profile_background_image_url": "http://abs.twimg.com/images/themes/theme1/bg.png", "name": "Shelley D.", "lang": "en", "profile_background_tile": false, "favourites_count": 23, "screen_name": "NYArtiste", "notifications": false, "url": null, "created_at": "Tue Mar 15 01:12:55 +0000 2011", "contributors_enabled": false, "time_zone": null, "protected": false, "default_profile": true, "is_translator": false}, "geo": null, "in_reply_to_user_id_str": "20159596", "possibly_sensitive": false, "lang": "und", "created_at": "Thu Jan 08 00:04:57 +0000 2015", "in_reply_to_status_id_str": "552978184413921281", "place": null, "extended_entities": {"media": [{"expanded_url": "http://twitter.com/NYArtiste/status/552979232515948546/photo/1", "display_url": "pic.twitter.com/zHekINcQjJ", "url": "http://t.co/zHekINcQjJ", "media_url_https": "https://pbs.twimg.com/media/B6yTroHCEAAFxIw.jpg", "id_str": "552979231970299904", "sizes": {"large": {"h": 321, "resize": "fit", "w": 264}, "small": {"h": 321, "resize": "fit", "w": 264}, "medium": {"h": 321, "resize": "fit", "w": 264}, "thumb": {"h": 150, "resize": "crop", "w": 150}}, "indices": [17, 39], "type": "photo", "id": 552979231970299904, "media_url": "http://pbs.twimg.com/media/B6yTroHCEAAFxIw.jpg"}]}}
