{"contributors": null, "truncated": false, "text": "Banksy gets it right. \u201c@juliamacfarlane: #Banksy's take on #CharlieHebdo. #JeSuisCharlie #NousSommesCharlie http://t.co/Y51AAQ6DRm\u201d", "in_reply_to_status_id": 552978184413921281, "id": 552979530923925504, "favorite_count": 2, "source": "<a href=\"http://twitter.com/#!/download/ipad\" rel=\"nofollow\">Twitter for iPad</a>", "retweeted": false, "coordinates": null, "entities": {"symbols": [], "user_mentions": [{"id": 20159596, "indices": [23, 39], "id_str": "20159596", "screen_name": "juliamacfarlane", "name": "Julia Macfarlane"}], "hashtags": [{"indices": [41, 48], "text": "Banksy"}, {"indices": [59, 72], "text": "CharlieHebdo"}, {"indices": [74, 88], "text": "JeSuisCharlie"}, {"indices": [89, 107], "text": "NousSommesCharlie"}], "urls": [], "media": [{"source_user_id": 20159596, "source_status_id_str": "552978184413921281", "expanded_url": "http://twitter.com/juliamacfarlane/status/552978184413921281/photo/1", "display_url": "pic.twitter.com/Y51AAQ6DRm", "url": "http://t.co/Y51AAQ6DRm", "media_url_https": "https://pbs.twimg.com/media/B6ySuV-IgAAsx4W.jpg", "source_user_id_str": "20159596", "source_status_id": 552978184413921281, "id_str": "552978179129114624", "sizes": {"large": {"h": 818, "resize": "fit", "w": 628}, "small": {"h": 442, "resize": "fit", "w": 340}, "medium": {"h": 781, "resize": "fit", "w": 600}, "thumb": {"h": 150, "resize": "crop", "w": 150}}, "indices": [108, 130], "type": "photo", "id": 552978179129114624, "media_url": "http://pbs.twimg.com/media/B6ySuV-IgAAsx4W.jpg"}]}, "in_reply_to_screen_name": "juliamacfarlane", "id_str": "552979530923925504", "retweet_count": 2, "in_reply_to_user_id": 20159596, "favorited": false, "user": {"follow_request_sent": false, "profile_use_background_image": true, "profile_text_color": "333333", "default_profile_image": false, "id": 352953768, "profile_background_image_url_https": "https://abs.twimg.com/images/themes/theme6/bg.gif", "verified": false, "profile_location": null, "profile_image_url_https": "https://pbs.twimg.com/profile_images/541856118956240897/jEQTHHnM_normal.png", "profile_sidebar_fill_color": "A0C5C7", "entities": {"url": {"urls": [{"url": "http://t.co/Urx1kydqIx", "indices": [0, 22], "expanded_url": "http://www.meri-k.org", "display_url": "meri-k.org"}]}, "description": {"urls": []}}, "followers_count": 1267, "profile_sidebar_border_color": "86A4A6", "id_str": "352953768", "profile_background_color": "709397", "listed_count": 39, "is_translation_enabled": false, "utc_offset": -36000, "statuses_count": 1845, "description": "Erbil based Middle East analyst. Works for @MERI_Info, tweets on Middle East politics.", "friends_count": 894, "location": "Erbil", "profile_link_color": "4E11BF", "profile_image_url": "http://pbs.twimg.com/profile_images/541856118956240897/jEQTHHnM_normal.png", "following": false, "geo_enabled": true, "profile_banner_url": "https://pbs.twimg.com/profile_banners/352953768/1402754362", "profile_background_image_url": "http://abs.twimg.com/images/themes/theme6/bg.gif", "name": "Sam Morris", "lang": "en", "profile_background_tile": false, "favourites_count": 380, "screen_name": "morrissammo", "notifications": false, "url": "http://t.co/Urx1kydqIx", "created_at": "Thu Aug 11 09:49:10 +0000 2011", "contributors_enabled": false, "time_zone": "Hawaii", "protected": false, "default_profile": false, "is_translator": false}, "geo": null, "in_reply_to_user_id_str": "20159596", "possibly_sensitive": false, "lang": "en", "created_at": "Thu Jan 08 00:06:08 +0000 2015", "in_reply_to_status_id_str": "552978184413921281", "place": null, "extended_entities": {"media": [{"source_user_id": 20159596, "source_status_id_str": "552978184413921281", "expanded_url": "http://twitter.com/juliamacfarlane/status/552978184413921281/photo/1", "display_url": "pic.twitter.com/Y51AAQ6DRm", "url": "http://t.co/Y51AAQ6DRm", "media_url_https": "https://pbs.twimg.com/media/B6ySuV-IgAAsx4W.jpg", "source_user_id_str": "20159596", "source_status_id": 552978184413921281, "id_str": "552978179129114624", "sizes": {"large": {"h": 818, "resize": "fit", "w": 628}, "small": {"h": 442, "resize": "fit", "w": 340}, "medium": {"h": 781, "resize": "fit", "w": 600}, "thumb": {"h": 150, "resize": "crop", "w": 150}}, "indices": [108, 130], "type": "photo", "id": 552978179129114624, "media_url": "http://pbs.twimg.com/media/B6ySuV-IgAAsx4W.jpg"}]}}
