{"contributors": null, "truncated": false, "text": "@Independent why does one feel that this may have something to so with freedom of speech - http://t.co/Uhe5VimATk", "in_reply_to_status_id": 552785375161499649, "id": 552788073340489728, "favorite_count": 0, "source": "<a href=\"http://twitter.com/download/iphone\" rel=\"nofollow\">Twitter for iPhone</a>", "retweeted": false, "coordinates": null, "entities": {"symbols": [], "user_mentions": [{"id": 16973333, "indices": [0, 12], "id_str": "16973333", "screen_name": "Independent", "name": "The Independent"}], "hashtags": [], "urls": [{"url": "http://t.co/Uhe5VimATk", "indices": [91, 113], "expanded_url": "http://www.independent.co.uk/voices/comment/its-charlie-hebdos-right-to-draw-muhammad-but-they-missed-the-opportunity-to-do-something-profound-8435693.html", "display_url": "independent.co.uk/voices/comment\u2026"}]}, "in_reply_to_screen_name": "Independent", "id_str": "552788073340489728", "retweet_count": 0, "in_reply_to_user_id": 16973333, "favorited": false, "user": {"follow_request_sent": false, "profile_use_background_image": true, "profile_text_color": "333333", "default_profile_image": false, "id": 1610238266, "profile_background_image_url_https": "https://abs.twimg.com/images/themes/theme1/bg.png", "verified": false, "profile_location": null, "profile_image_url_https": "https://pbs.twimg.com/profile_images/529654745003065344/FssE6Ece_normal.jpeg", "profile_sidebar_fill_color": "DDEEF6", "entities": {"description": {"urls": []}}, "followers_count": 528, "profile_sidebar_border_color": "C0DEED", "id_str": "1610238266", "profile_background_color": "C0DEED", "listed_count": 12, "is_translation_enabled": false, "utc_offset": null, "statuses_count": 5618, "description": "Cheshire - (Bournemouth) tolerance, atheist, education, continues improvement & social nudging'' - Reform Act 1832 - K\u00f6lla Alaff - magno cachinno - Gooner -IG", "friends_count": 568, "location": "", "profile_link_color": "0084B4", "profile_image_url": "http://pbs.twimg.com/profile_images/529654745003065344/FssE6Ece_normal.jpeg", "following": false, "geo_enabled": true, "profile_banner_url": "https://pbs.twimg.com/profile_banners/1610238266/1421438493", "profile_background_image_url": "http://abs.twimg.com/images/themes/theme1/bg.png", "name": "Brewstermonk", "lang": "en-gb", "profile_background_tile": false, "favourites_count": 8217, "screen_name": "Brewstermonk1", "notifications": false, "url": null, "created_at": "Sun Jul 21 10:22:43 +0000 2013", "contributors_enabled": false, "time_zone": null, "protected": false, "default_profile": true, "is_translator": false}, "geo": null, "in_reply_to_user_id_str": "16973333", "possibly_sensitive": false, "lang": "en", "created_at": "Wed Jan 07 11:25:21 +0000 2015", "in_reply_to_status_id_str": "552785375161499649", "place": null}
