{"contributors": null, "truncated": false, "text": "@Independent How dreadful.", "in_reply_to_status_id": 552785375161499649, "id": 552785851655393281, "favorite_count": 0, "source": "<a href=\"http://twitter.com\" rel=\"nofollow\">Twitter Web Client</a>", "retweeted": false, "coordinates": null, "entities": {"symbols": [], "user_mentions": [{"id": 16973333, "indices": [0, 12], "id_str": "16973333", "screen_name": "Independent", "name": "The Independent"}], "hashtags": [], "urls": []}, "in_reply_to_screen_name": "Independent", "id_str": "552785851655393281", "retweet_count": 0, "in_reply_to_user_id": 16973333, "favorited": false, "user": {"follow_request_sent": false, "profile_use_background_image": true, "profile_text_color": "3C3940", "default_profile_image": false, "id": 18770158, "profile_background_image_url_https": "https://abs.twimg.com/images/themes/theme4/bg.gif", "verified": false, "profile_location": null, "profile_image_url_https": "https://pbs.twimg.com/profile_images/534076979893387264/yGDL1Lrx_normal.jpeg", "profile_sidebar_fill_color": "95E8EC", "entities": {"url": {"urls": [{"url": "http://t.co/9OwFICIrcX", "indices": [0, 22], "expanded_url": "http://my.telegraph.co.uk", "display_url": "my.telegraph.co.uk"}]}, "description": {"urls": []}}, "followers_count": 268, "profile_sidebar_border_color": "FFFFFF", "id_str": "18770158", "profile_background_color": "0099B9", "listed_count": 13, "is_translation_enabled": false, "utc_offset": 0, "statuses_count": 8350, "description": "Freelance writer/,judge for the Royal Commonwealth society.Regular guest at BBC Somerset. Blogger on My Telegraph.Passionate about NHS and love the media.", "friends_count": 215, "location": "England", "profile_link_color": "0099B9", "profile_image_url": "http://pbs.twimg.com/profile_images/534076979893387264/yGDL1Lrx_normal.jpeg", "following": false, "geo_enabled": true, "profile_banner_url": "https://pbs.twimg.com/profile_banners/18770158/1420483572", "profile_background_image_url": "http://abs.twimg.com/images/themes/theme4/bg.gif", "name": "Sabina Ahmed", "lang": "en", "profile_background_tile": false, "favourites_count": 706, "screen_name": "sabaone", "notifications": false, "url": "http://t.co/9OwFICIrcX", "created_at": "Thu Jan 08 17:06:52 +0000 2009", "contributors_enabled": false, "time_zone": "London", "protected": false, "default_profile": false, "is_translator": false}, "geo": null, "in_reply_to_user_id_str": "16973333", "lang": "en", "created_at": "Wed Jan 07 11:16:31 +0000 2015", "in_reply_to_status_id_str": "552785375161499649", "place": {"full_name": "South West, England", "url": "https://api.twitter.com/1.1/geo/id/25d3e991f5637f5a.json", "country": "United Kingdom", "place_type": "admin", "bounding_box": {"type": "Polygon", "coordinates": [[[-6.36850399906372, 49.8824720005481], [-1.48573420014269, 49.8824720005481], [-1.48573420014269, 52.1125420344225], [-6.36850399906372, 52.1125420344225]]]}, "contained_within": [], "country_code": "GB", "attributes": {}, "id": "25d3e991f5637f5a", "name": "South West"}}
