{"contributors":null,"truncated":false,"text":"Nowhere is safe anymore? \"@independent","in_reply_to_status_id":552785375161499649,"id":552785877748158464,"favorite_count":0,"source":"<a href=\"https:\/\/mobile.twitter.com\" rel=\"nofollow\">Mobile Web (M2)<\/a>","retweeted":false,"coordinates":null,"entities":{"symbols":[],"user_mentions":[{"id":16973333,"indices":[26,38],"id_str":"16973333","screen_name":"Independent","name":"The Independent"}],"hashtags":[],"urls":[]},"in_reply_to_screen_name":"Independent","id_str":"552785877748158464","retweet_count":0,"in_reply_to_user_id":16973333,"favorited":false,"user":{"follow_request_sent":false,"profile_use_background_image":true,"profile_text_color":"333333","default_profile_image":false,"id":593253537,"profile_background_image_url_https":"https:\/\/abs.twimg.com\/images\/themes\/theme1\/bg.png","verified":false,"profile_location":null,"profile_image_url_https":"https:\/\/pbs.twimg.com\/profile_images\/566224500279099393\/aIIgGmMh_normal.jpeg","profile_sidebar_fill_color":"DDEEF6","entities":{"url":{"urls":[{"url":"http:\/\/t.co\/W0kUVctAL9","indices":[0,22],"expanded_url":"http:\/\/Chelseafc.com","display_url":"Chelseafc.com"}]},"description":{"urls":[]}},"followers_count":267,"profile_sidebar_border_color":"C0DEED","id_str":"593253537","profile_background_color":"C0DEED","listed_count":1,"is_translation_enabled":false,"utc_offset":0,"statuses_count":17386,"description":"Chelseafc | Mourinhoist | KTBFFH | Shoot A Ball Not A Gun.","friends_count":623,"location":"Nigeria","profile_link_color":"0084B4","profile_image_url":"http:\/\/pbs.twimg.com\/profile_images\/566224500279099393\/aIIgGmMh_normal.jpeg","following":false,"geo_enabled":false,"profile_banner_url":"https:\/\/pbs.twimg.com\/profile_banners\/593253537\/1412691424","profile_background_image_url":"http:\/\/abs.twimg.com\/images\/themes\/theme1\/bg.png","name":"McJude","lang":"en","profile_background_tile":false,"favourites_count":72,"screen_name":"AgbaJude","notifications":false,"url":"http:\/\/t.co\/W0kUVctAL9","created_at":"Mon May 28 23:48:30 +0000 2012","contributors_enabled":false,"time_zone":"London","protected":false,"default_profile":true,"is_translator":false},"geo":null,"in_reply_to_user_id_str":"16973333","lang":"en","created_at":"Wed Jan 07 11:16:38 +0000 2015","in_reply_to_status_id_str":"552785375161499649","place":null}