{"contributors":null,"truncated":false,"text":"11 confirmed dead, Francois Hollande to visit scene of attack - latest from Paris: http:\/\/t.co\/7N7uvClhWY http:\/\/t.co\/EgmxARAdEP","in_reply_to_status_id":null,"id":552793679082311680,"favorite_count":21,"source":"<a href=\"https:\/\/about.twitter.com\/products\/tweetdeck\" rel=\"nofollow\">TweetDeck<\/a>","retweeted":false,"coordinates":null,"entities":{"symbols":[],"media":[{"expanded_url":"http:\/\/twitter.com\/Telegraph\/status\/552793679082311680\/photo\/1","display_url":"pic.twitter.com\/EgmxARAdEP","url":"http:\/\/t.co\/EgmxARAdEP","media_url_https":"https:\/\/pbs.twimg.com\/media\/B6vq3MdCYAAX56O.jpg","id_str":"552793613239738368","sizes":{"large":{"h":287,"resize":"fit","w":460},"small":{"h":212,"resize":"fit","w":340},"medium":{"h":287,"resize":"fit","w":460},"thumb":{"h":150,"resize":"crop","w":150}},"indices":[106,128],"type":"photo","id":552793613239738368,"media_url":"http:\/\/pbs.twimg.com\/media\/B6vq3MdCYAAX56O.jpg"}],"hashtags":[],"user_mentions":[],"trends":[],"urls":[{"url":"http:\/\/t.co\/7N7uvClhWY","indices":[83,105],"expanded_url":"http:\/\/www.telegraph.co.uk\/news\/worldnews\/europe\/france\/11329976\/Paris-Charlie-Hebdo-attack-live.html","display_url":"telegraph.co.uk\/news\/worldnews\u2026"}]},"in_reply_to_screen_name":null,"id_str":"552793679082311680","retweet_count":144,"in_reply_to_user_id":null,"favorited":false,"user":{"follow_request_sent":null,"profile_use_background_image":true,"default_profile_image":false,"id":16343974,"verified":true,"profile_image_url_https":"https:\/\/pbs.twimg.com\/profile_images\/507136992077832192\/BBMrT1P7_normal.png","profile_sidebar_fill_color":"F4F4F0","profile_text_color":"000000","followers_count":774627,"profile_sidebar_border_color":"FFFFFF","id_str":"16343974","profile_background_color":"5F5653","listed_count":9622,"profile_background_image_url_https":"https:\/\/pbs.twimg.com\/profile_background_images\/177485899\/Comment_twitter.png","utc_offset":0,"statuses_count":199565,"description":"News, comment, Matt cartoons and more from The Daily and Sunday Telegraph. Tweets by @richjm, @martaruco, @nmurchu and @jonesr","friends_count":264,"location":"London, UK","profile_link_color":"5F5653","profile_image_url":"http:\/\/pbs.twimg.com\/profile_images\/507136992077832192\/BBMrT1P7_normal.png","following":null,"geo_enabled":true,"profile_banner_url":"https:\/\/pbs.twimg.com\/profile_banners\/16343974\/1409746031","profile_background_image_url":"http:\/\/pbs.twimg.com\/profile_background_images\/177485899\/Comment_twitter.png","name":"The Telegraph","lang":"en","profile_background_tile":true,"favourites_count":77,"screen_name":"Telegraph","notifications":null,"url":"http:\/\/www.telegraph.co.uk\/","created_at":"Thu Sep 18 06:50:54 +0000 2008","contributors_enabled":false,"time_zone":"London","protected":false,"default_profile":false,"is_translator":false},"geo":null,"in_reply_to_user_id_str":null,"possibly_sensitive":false,"lang":"en","created_at":"Wed Jan 07 11:47:38 +0000 2015","filter_level":"low","in_reply_to_status_id_str":null,"place":null,"extended_entities":{"media":[{"expanded_url":"http:\/\/twitter.com\/Telegraph\/status\/552793679082311680\/photo\/1","display_url":"pic.twitter.com\/EgmxARAdEP","url":"http:\/\/t.co\/EgmxARAdEP","media_url_https":"https:\/\/pbs.twimg.com\/media\/B6vq3MdCYAAX56O.jpg","id_str":"552793613239738368","sizes":{"large":{"h":287,"resize":"fit","w":460},"small":{"h":212,"resize":"fit","w":340},"medium":{"h":287,"resize":"fit","w":460},"thumb":{"h":150,"resize":"crop","w":150}},"indices":[106,128],"type":"photo","id":552793613239738368,"media_url":"http:\/\/pbs.twimg.com\/media\/B6vq3MdCYAAX56O.jpg"}]}}