{"contributors": null, "truncated": false, "text": "\u201c@WSJ: At least 12 dead in the Paris shooting. http://t.co/Nr8NlredLo #CharlieHebdo http://t.co/crcy5tUpT8\u201d\n\n\u4e16\u306e\u4e2d\u6016\u3044\u3059\u304e\u308b\u3002", "in_reply_to_status_id": 552811386259386370, "id": 552822420026183680, "favorite_count": 0, "source": "<a href=\"http://twitter.com/download/iphone\" rel=\"nofollow\">Twitter for iPhone</a>", "retweeted": false, "coordinates": {"type": "Point", "coordinates": [11.56517349, 48.15242746]}, "entities": {"symbols": [], "user_mentions": [{"id": 3108351, "indices": [1, 5], "id_str": "3108351", "screen_name": "WSJ", "name": "Wall Street Journal"}], "hashtags": [{"indices": [70, 83], "text": "CharlieHebdo"}], "urls": [{"url": "http://t.co/Nr8NlredLo", "indices": [47, 69], "expanded_url": "http://on.wsj.com/1ByEfdQ", "display_url": "on.wsj.com/1ByEfdQ"}], "media": [{"source_user_id": 3108351, "source_status_id_str": "552811386259386370", "expanded_url": "http://twitter.com/WSJ/status/552811386259386370/photo/1", "display_url": "pic.twitter.com/crcy5tUpT8", "url": "http://t.co/crcy5tUpT8", "media_url_https": "https://pbs.twimg.com/media/B6v7BtrIYAADeNP.jpg", "source_user_id_str": "3108351", "source_status_id": 552811386259386370, "id_str": "552811386141958144", "sizes": {"large": {"h": 639, "resize": "fit", "w": 959}, "small": {"h": 226, "resize": "fit", "w": 340}, "medium": {"h": 399, "resize": "fit", "w": 600}, "thumb": {"h": 150, "resize": "crop", "w": 150}}, "indices": [84, 106], "type": "photo", "id": 552811386141958144, "media_url": "http://pbs.twimg.com/media/B6v7BtrIYAADeNP.jpg"}]}, "in_reply_to_screen_name": "WSJ", "id_str": "552822420026183680", "retweet_count": 0, "in_reply_to_user_id": 3108351, "favorited": false, "user": {"follow_request_sent": false, "profile_use_background_image": true, "profile_text_color": "333333", "default_profile_image": false, "id": 966066764, "profile_background_image_url_https": "https://abs.twimg.com/images/themes/theme1/bg.png", "verified": false, "profile_location": null, "profile_image_url_https": "https://pbs.twimg.com/profile_images/552814078029471744/lv1cvYBe_normal.jpeg", "profile_sidebar_fill_color": "DDEEF6", "entities": {"description": {"urls": []}}, "followers_count": 14, "profile_sidebar_border_color": "C0DEED", "id_str": "966066764", "profile_background_color": "C0DEED", "listed_count": 0, "is_translation_enabled": false, "utc_offset": null, "statuses_count": 425, "description": "\u30df\u30e5\u30f3\u30d8\u30f3\u5927\u5b66\u306e\u9662\u751f\u3067\u3059\u3002\u8da3\u5473\u306f\u30d0\u30c9\u30df\u30f3\u30c8\u30f3\u3068klassik\u97f3\u697d\u3002\u5b9c\u3057\u304f\u304a\u9858\u3044\u3057\u307e\u3059\u3002 PHD Student at munich university. like to play badminton and hear classical music", "friends_count": 29, "location": "M\u00fcnchen", "profile_link_color": "0084B4", "profile_image_url": "http://pbs.twimg.com/profile_images/552814078029471744/lv1cvYBe_normal.jpeg", "following": false, "geo_enabled": true, "profile_banner_url": "https://pbs.twimg.com/profile_banners/966066764/1420635949", "profile_background_image_url": "http://abs.twimg.com/images/themes/theme1/bg.png", "name": "\u67ef\u653f\u4f51", "lang": "en", "profile_background_tile": false, "favourites_count": 357, "screen_name": "gustavko", "notifications": false, "url": null, "created_at": "Fri Nov 23 12:54:06 +0000 2012", "contributors_enabled": false, "time_zone": null, "protected": false, "default_profile": true, "is_translator": false}, "geo": {"type": "Point", "coordinates": [48.15242746, 11.56517349]}, "in_reply_to_user_id_str": "3108351", "possibly_sensitive": false, "lang": "ja", "created_at": "Wed Jan 07 13:41:50 +0000 2015", "in_reply_to_status_id_str": "552811386259386370", "place": {"full_name": "Munich, Bavaria", "url": "https://api.twitter.com/1.1/geo/id/67b271cd78f8ad77.json", "country": "Deutschland", "place_type": "admin", "bounding_box": {"type": "Polygon", "coordinates": [[[11.360589, 48.061634], [11.722918, 48.061634], [11.722918, 48.248124], [11.360589, 48.248124]]]}, "contained_within": [], "country_code": "DE", "attributes": {}, "id": "67b271cd78f8ad77", "name": "Munich"}, "extended_entities": {"media": [{"source_user_id": 3108351, "source_status_id_str": "552811386259386370", "expanded_url": "http://twitter.com/WSJ/status/552811386259386370/photo/1", "display_url": "pic.twitter.com/crcy5tUpT8", "url": "http://t.co/crcy5tUpT8", "media_url_https": "https://pbs.twimg.com/media/B6v7BtrIYAADeNP.jpg", "source_user_id_str": "3108351", "source_status_id": 552811386259386370, "id_str": "552811386141958144", "sizes": {"large": {"h": 639, "resize": "fit", "w": 959}, "small": {"h": 226, "resize": "fit", "w": 340}, "medium": {"h": 399, "resize": "fit", "w": 600}, "thumb": {"h": 150, "resize": "crop", "w": 150}}, "indices": [84, 106], "type": "photo", "id": 552811386141958144, "media_url": "http://pbs.twimg.com/media/B6v7BtrIYAADeNP.jpg"}]}}
