{"contributors": null, "truncated": false, "text": "@WSJ Our prayers goes out to good people of France at this moment.  Violence, hatred &amp; injustice have no place on our world...", "in_reply_to_status_id": 552811386259386370, "id": 552812526434385921, "favorite_count": 0, "source": "<a href=\"http://twitter.com\" rel=\"nofollow\">Twitter Web Client</a>", "retweeted": false, "coordinates": null, "entities": {"symbols": [], "user_mentions": [{"id": 3108351, "indices": [0, 4], "id_str": "3108351", "screen_name": "WSJ", "name": "Wall Street Journal"}], "hashtags": [], "urls": []}, "in_reply_to_screen_name": "WSJ", "id_str": "552812526434385921", "retweet_count": 0, "in_reply_to_user_id": 3108351, "favorited": false, "user": {"follow_request_sent": false, "profile_use_background_image": true, "profile_text_color": "333333", "default_profile_image": false, "id": 790772725, "profile_background_image_url_https": "https://abs.twimg.com/images/themes/theme1/bg.png", "verified": false, "profile_location": null, "profile_image_url_https": "https://pbs.twimg.com/profile_images/472180274378203136/rv9oHNRE_normal.jpeg", "profile_sidebar_fill_color": "DDEEF6", "entities": {"description": {"urls": []}}, "followers_count": 141, "profile_sidebar_border_color": "C0DEED", "id_str": "790772725", "profile_background_color": "C0DEED", "listed_count": 1, "is_translation_enabled": false, "utc_offset": null, "statuses_count": 8128, "description": "Amateur golfer, loves dogs\u2014st. Francis and billy, \r\nloves nature, and very indigenous. Spoken languages English, Chuukese, Japanese and little French.", "friends_count": 426, "location": "USA", "profile_link_color": "0084B4", "profile_image_url": "http://pbs.twimg.com/profile_images/472180274378203136/rv9oHNRE_normal.jpeg", "following": false, "geo_enabled": false, "profile_background_image_url": "http://abs.twimg.com/images/themes/theme1/bg.png", "name": "angie e. vanhorn", "lang": "en", "profile_background_tile": false, "favourites_count": 1109, "screen_name": "angieevanhorn", "notifications": false, "url": null, "created_at": "Thu Aug 30 03:53:16 +0000 2012", "contributors_enabled": false, "time_zone": null, "protected": false, "default_profile": true, "is_translator": false}, "geo": null, "in_reply_to_user_id_str": "3108351", "lang": "en", "created_at": "Wed Jan 07 13:02:31 +0000 2015", "in_reply_to_status_id_str": "552811386259386370", "place": null}
