{"contributors": null, "truncated": false, "text": "Awful. RT @WSJ: At least 12 dead in the Paris shooting. http://t.co/GyWPr4HAcz #CharlieHebdo http://t.co/f3Own2ruhm", "in_reply_to_status_id": 552811386259386370, "id": 552812548366798848, "favorite_count": 0, "source": "<a href=\"http://twitter.com/download/iphone\" rel=\"nofollow\">Twitter for iPhone</a>", "retweeted": false, "coordinates": null, "entities": {"symbols": [], "user_mentions": [{"id": 3108351, "indices": [10, 14], "id_str": "3108351", "screen_name": "WSJ", "name": "Wall Street Journal"}], "hashtags": [{"indices": [79, 92], "text": "CharlieHebdo"}], "urls": [{"url": "http://t.co/GyWPr4HAcz", "indices": [56, 78], "expanded_url": "http://on.wsj.com/1ByEfdQ", "display_url": "on.wsj.com/1ByEfdQ"}], "media": [{"source_user_id": 3108351, "source_status_id_str": "552811386259386370", "expanded_url": "http://twitter.com/WSJ/status/552811386259386370/photo/1", "display_url": "pic.twitter.com/f3Own2ruhm", "url": "http://t.co/f3Own2ruhm", "media_url_https": "https://pbs.twimg.com/media/B6v7BtrIYAADeNP.jpg", "source_user_id_str": "3108351", "source_status_id": 552811386259386370, "id_str": "552811386141958144", "sizes": {"large": {"h": 639, "resize": "fit", "w": 959}, "small": {"h": 226, "resize": "fit", "w": 340}, "medium": {"h": 399, "resize": "fit", "w": 600}, "thumb": {"h": 150, "resize": "crop", "w": 150}}, "indices": [93, 115], "type": "photo", "id": 552811386141958144, "media_url": "http://pbs.twimg.com/media/B6v7BtrIYAADeNP.jpg"}]}, "in_reply_to_screen_name": "WSJ", "id_str": "552812548366798848", "retweet_count": 0, "in_reply_to_user_id": 3108351, "favorited": false, "user": {"follow_request_sent": false, "profile_use_background_image": true, "profile_text_color": "000000", "default_profile_image": false, "id": 16161856, "profile_background_image_url_https": "https://pbs.twimg.com/profile_background_images/22048203/twitterjake.jpg", "verified": false, "profile_location": null, "profile_image_url_https": "https://pbs.twimg.com/profile_images/378800000078004521/1ae0ab3274dcbbbdc257a7b5ef6cbedb_normal.jpeg", "profile_sidebar_fill_color": "FFFFFF", "entities": {"url": {"urls": [{"url": "http://t.co/yexVzJYY4c", "indices": [0, 22], "expanded_url": "http://AffordableCare.com", "display_url": "AffordableCare.com"}]}, "description": {"urls": []}}, "followers_count": 1723, "profile_sidebar_border_color": "FFFFFF", "id_str": "16161856", "profile_background_color": "000000", "listed_count": 91, "is_translation_enabled": false, "utc_offset": -18000, "statuses_count": 8802, "description": "Marketing @afforddentrs. Married to @laurenbarrow. I'm Jake Potter, and I am a Tar Heel.", "friends_count": 877, "location": "Raleigh, N.C.", "profile_link_color": "0000EB", "profile_image_url": "http://pbs.twimg.com/profile_images/378800000078004521/1ae0ab3274dcbbbdc257a7b5ef6cbedb_normal.jpeg", "following": false, "geo_enabled": false, "profile_banner_url": "https://pbs.twimg.com/profile_banners/16161856/1403273192", "profile_background_image_url": "http://pbs.twimg.com/profile_background_images/22048203/twitterjake.jpg", "name": "Jake Potter", "lang": "en", "profile_background_tile": false, "favourites_count": 1506, "screen_name": "jakespotter", "notifications": false, "url": "http://t.co/yexVzJYY4c", "created_at": "Sat Sep 06 22:36:09 +0000 2008", "contributors_enabled": false, "time_zone": "Eastern Time (US & Canada)", "protected": false, "default_profile": false, "is_translator": false}, "geo": null, "in_reply_to_user_id_str": "3108351", "possibly_sensitive": false, "lang": "en", "created_at": "Wed Jan 07 13:02:36 +0000 2015", "in_reply_to_status_id_str": "552811386259386370", "place": null, "extended_entities": {"media": [{"source_user_id": 3108351, "source_status_id_str": "552811386259386370", "expanded_url": "http://twitter.com/WSJ/status/552811386259386370/photo/1", "display_url": "pic.twitter.com/f3Own2ruhm", "url": "http://t.co/f3Own2ruhm", "media_url_https": "https://pbs.twimg.com/media/B6v7BtrIYAADeNP.jpg", "source_user_id_str": "3108351", "source_status_id": 552811386259386370, "id_str": "552811386141958144", "sizes": {"large": {"h": 639, "resize": "fit", "w": 959}, "small": {"h": 226, "resize": "fit", "w": 340}, "medium": {"h": 399, "resize": "fit", "w": 600}, "thumb": {"h": 150, "resize": "crop", "w": 150}}, "indices": [93, 115], "type": "photo", "id": 552811386141958144, "media_url": "http://pbs.twimg.com/media/B6v7BtrIYAADeNP.jpg"}]}}
