{"contributors": null, "truncated": false, "text": "@WSJ And @CNBC suggests that Muslims are unfairly picked upon because of bad economy in EU ? Liberal insanity @ its worst", "in_reply_to_status_id": 552811386259386370, "id": 552813075133636608, "favorite_count": 0, "source": "<a href=\"http://twitter.com/download/android\" rel=\"nofollow\">Twitter for Android</a>", "retweeted": false, "coordinates": null, "entities": {"symbols": [], "user_mentions": [{"id": 3108351, "indices": [0, 4], "id_str": "3108351", "screen_name": "WSJ", "name": "Wall Street Journal"}, {"id": 20402945, "indices": [9, 14], "id_str": "20402945", "screen_name": "CNBC", "name": "CNBC"}], "hashtags": [], "urls": []}, "in_reply_to_screen_name": "WSJ", "id_str": "552813075133636608", "retweet_count": 0, "in_reply_to_user_id": 3108351, "favorited": false, "user": {"follow_request_sent": false, "profile_use_background_image": true, "profile_text_color": "333333", "default_profile_image": false, "id": 392739061, "profile_background_image_url_https": "https://abs.twimg.com/images/themes/theme1/bg.png", "verified": false, "profile_location": null, "profile_image_url_https": "https://pbs.twimg.com/profile_images/2869400899/8678222d0972efaa50ba282403d38ffd_normal.jpeg", "profile_sidebar_fill_color": "DDEEF6", "entities": {"description": {"urls": []}}, "followers_count": 6515, "profile_sidebar_border_color": "C0DEED", "id_str": "392739061", "profile_background_color": "C0DEED", "listed_count": 267, "is_translation_enabled": false, "utc_offset": -14400, "statuses_count": 95604, "description": "20yrs in mortgage trading at several big shops . Now a macro events equity oriented carry trader in high cash payout plays and when to get in/out .", "friends_count": 775, "location": "NYC", "profile_link_color": "0084B4", "profile_image_url": "http://pbs.twimg.com/profile_images/2869400899/8678222d0972efaa50ba282403d38ffd_normal.jpeg", "following": false, "geo_enabled": true, "profile_banner_url": "https://pbs.twimg.com/profile_banners/392739061/1355247148", "profile_background_image_url": "http://abs.twimg.com/images/themes/theme1/bg.png", "name": "Dividend Master", "lang": "en", "profile_background_tile": false, "favourites_count": 5436, "screen_name": "DividendMaster", "notifications": false, "url": null, "created_at": "Mon Oct 17 14:08:10 +0000 2011", "contributors_enabled": false, "time_zone": "Atlantic Time (Canada)", "protected": false, "default_profile": true, "is_translator": false}, "geo": null, "in_reply_to_user_id_str": "3108351", "lang": "en", "created_at": "Wed Jan 07 13:04:42 +0000 2015", "in_reply_to_status_id_str": "552811386259386370", "place": null}
