{"contributors": null, "truncated": false, "text": "@WSJ Islam. That's the only story and background info you need. Islam. #CharlieHebdo", "in_reply_to_status_id": 552811386259386370, "id": 552811563917123584, "favorite_count": 1, "source": "<a href=\"http://www.myplume.com/\" rel=\"nofollow\">Plume\u00a0for\u00a0Android</a>", "retweeted": false, "coordinates": null, "entities": {"symbols": [], "user_mentions": [{"id": 3108351, "indices": [0, 4], "id_str": "3108351", "screen_name": "WSJ", "name": "Wall Street Journal"}], "hashtags": [{"indices": [71, 84], "text": "CharlieHebdo"}], "urls": []}, "in_reply_to_screen_name": "WSJ", "id_str": "552811563917123584", "retweet_count": 1, "in_reply_to_user_id": 3108351, "favorited": false, "user": {"follow_request_sent": false, "profile_use_background_image": false, "profile_text_color": "333333", "default_profile_image": false, "id": 22342990, "profile_background_image_url_https": "https://pbs.twimg.com/profile_background_images/207852458/RedA.jpeg", "verified": false, "profile_location": null, "profile_image_url_https": "https://pbs.twimg.com/profile_images/458800451844972544/2heusLyN_normal.jpeg", "profile_sidebar_fill_color": "DDEEF6", "entities": {"description": {"urls": []}}, "followers_count": 2914, "profile_sidebar_border_color": "C0DEED", "id_str": "22342990", "profile_background_color": "C0DEED", "listed_count": 127, "is_translation_enabled": false, "utc_offset": -28800, "statuses_count": 190865, "description": "Nahalet Yereseet", "friends_count": 930, "location": "", "profile_link_color": "0084B4", "profile_image_url": "http://pbs.twimg.com/profile_images/458800451844972544/2heusLyN_normal.jpeg", "following": false, "geo_enabled": false, "profile_background_image_url": "http://pbs.twimg.com/profile_background_images/207852458/RedA.jpeg", "name": "Harry ", "lang": "en", "profile_background_tile": false, "favourites_count": 5911, "screen_name": "Tark31", "notifications": false, "url": null, "created_at": "Sun Mar 01 08:15:33 +0000 2009", "contributors_enabled": false, "time_zone": "Pacific Time (US & Canada)", "protected": false, "default_profile": false, "is_translator": false}, "geo": null, "in_reply_to_user_id_str": "3108351", "lang": "en", "created_at": "Wed Jan 07 12:58:42 +0000 2015", "in_reply_to_status_id_str": "552811386259386370", "place": null}
