{"contributors": null, "truncated": false, "text": "I just feel sick RT\"@WSJ: At least 12 dead in Paris shooting. Updated story: http://t.co/yOPzarv2jI #CharlieHebdo http://t.co/b4V4YQGZqm\u201d", "in_reply_to_status_id": 552811386259386370, "id": 552812376375164928, "favorite_count": 0, "source": "<a href=\"http://twitter.com/#!/download/ipad\" rel=\"nofollow\">Twitter for iPad</a>", "retweeted": false, "coordinates": null, "entities": {"symbols": [], "user_mentions": [{"id": 3108351, "indices": [20, 24], "id_str": "3108351", "screen_name": "WSJ", "name": "Wall Street Journal"}], "hashtags": [{"indices": [100, 113], "text": "CharlieHebdo"}], "urls": [{"url": "http://t.co/yOPzarv2jI", "indices": [77, 99], "expanded_url": "http://on.wsj.com/1ByEfdQ", "display_url": "on.wsj.com/1ByEfdQ"}], "media": [{"source_user_id": 3108351, "source_status_id_str": "552811386259386370", "expanded_url": "http://twitter.com/WSJ/status/552811386259386370/photo/1", "display_url": "pic.twitter.com/b4V4YQGZqm", "url": "http://t.co/b4V4YQGZqm", "media_url_https": "https://pbs.twimg.com/media/B6v7BtrIYAADeNP.jpg", "source_user_id_str": "3108351", "source_status_id": 552811386259386370, "id_str": "552811386141958144", "sizes": {"large": {"h": 639, "resize": "fit", "w": 959}, "small": {"h": 226, "resize": "fit", "w": 340}, "medium": {"h": 399, "resize": "fit", "w": 600}, "thumb": {"h": 150, "resize": "crop", "w": 150}}, "indices": [114, 136], "type": "photo", "id": 552811386141958144, "media_url": "http://pbs.twimg.com/media/B6v7BtrIYAADeNP.jpg"}]}, "in_reply_to_screen_name": "WSJ", "id_str": "552812376375164928", "retweet_count": 0, "in_reply_to_user_id": 3108351, "favorited": false, "user": {"follow_request_sent": false, "profile_use_background_image": false, "profile_text_color": "000000", "default_profile_image": false, "id": 2880026929, "profile_background_image_url_https": "https://abs.twimg.com/images/themes/theme1/bg.png", "verified": false, "profile_location": null, "profile_image_url_https": "https://pbs.twimg.com/profile_images/526867588031053824/NiswCCpb_normal.jpeg", "profile_sidebar_fill_color": "000000", "entities": {"url": {"urls": [{"url": "http://t.co/ahoIo4eyIX", "indices": [0, 22], "expanded_url": "http://karasewell.com/", "display_url": "karasewell.com"}]}, "description": {"urls": []}}, "followers_count": 663, "profile_sidebar_border_color": "000000", "id_str": "2880026929", "profile_background_color": "000000", "listed_count": 1, "is_translation_enabled": false, "utc_offset": -21600, "statuses_count": 499, "description": "Morning Anchor @FOX19. I LOVE a good story, the good Lord, travel & hot yoga. Wife. Mom to Pomeranian Bailey. Send me your story ideas.", "friends_count": 582, "location": "Cincinnati, Ohio", "profile_link_color": "3B94D9", "profile_image_url": "http://pbs.twimg.com/profile_images/526867588031053824/NiswCCpb_normal.jpeg", "following": false, "geo_enabled": false, "profile_banner_url": "https://pbs.twimg.com/profile_banners/2880026929/1421404034", "profile_background_image_url": "http://abs.twimg.com/images/themes/theme1/bg.png", "name": "Kara Sewell", "lang": "en", "profile_background_tile": false, "favourites_count": 275, "screen_name": "FOX19Kara", "notifications": false, "url": "http://t.co/ahoIo4eyIX", "created_at": "Mon Oct 27 20:39:54 +0000 2014", "contributors_enabled": false, "time_zone": "Central Time (US & Canada)", "protected": false, "default_profile": false, "is_translator": false}, "geo": null, "in_reply_to_user_id_str": "3108351", "possibly_sensitive": false, "lang": "en", "created_at": "Wed Jan 07 13:01:55 +0000 2015", "in_reply_to_status_id_str": "552811386259386370", "place": null, "extended_entities": {"media": [{"source_user_id": 3108351, "source_status_id_str": "552811386259386370", "expanded_url": "http://twitter.com/WSJ/status/552811386259386370/photo/1", "display_url": "pic.twitter.com/b4V4YQGZqm", "url": "http://t.co/b4V4YQGZqm", "media_url_https": "https://pbs.twimg.com/media/B6v7BtrIYAADeNP.jpg", "source_user_id_str": "3108351", "source_status_id": 552811386259386370, "id_str": "552811386141958144", "sizes": {"large": {"h": 639, "resize": "fit", "w": 959}, "small": {"h": 226, "resize": "fit", "w": 340}, "medium": {"h": 399, "resize": "fit", "w": 600}, "thumb": {"h": 150, "resize": "crop", "w": 150}}, "indices": [114, 136], "type": "photo", "id": 552811386141958144, "media_url": "http://pbs.twimg.com/media/B6v7BtrIYAADeNP.jpg"}]}}
