{"contributors": null, "truncated": false, "text": "@WSJ RIP some actions are beyond comprehension. Sadly the dead most likely had nothing to do with the anger &amp; twisted mind of the gunmen.", "in_reply_to_status_id": 552811386259386370, "id": 552822921698500608, "favorite_count": 0, "source": "<a href=\"http://twitter.com/download/android\" rel=\"nofollow\">Twitter for Android</a>", "retweeted": false, "coordinates": null, "entities": {"symbols": [], "user_mentions": [{"id": 3108351, "indices": [0, 4], "id_str": "3108351", "screen_name": "WSJ", "name": "Wall Street Journal"}], "hashtags": [], "urls": []}, "in_reply_to_screen_name": "WSJ", "id_str": "552822921698500608", "retweet_count": 0, "in_reply_to_user_id": 3108351, "favorited": false, "user": {"follow_request_sent": false, "profile_use_background_image": true, "profile_text_color": "000000", "default_profile_image": false, "id": 38699733, "profile_background_image_url_https": "https://pbs.twimg.com/profile_background_images/779398950/4df79896eef55b45a1616cda6d1fccbc.png", "verified": false, "profile_location": null, "profile_image_url_https": "https://pbs.twimg.com/profile_images/525528274391564288/MzXdL1bs_normal.jpeg", "profile_sidebar_fill_color": "9C9C9C", "entities": {"url": {"urls": [{"url": "http://t.co/0PxRDj0oPT", "indices": [0, 22], "expanded_url": "http://www.estherpassaris.com", "display_url": "estherpassaris.com"}]}, "description": {"urls": []}}, "followers_count": 24148, "profile_sidebar_border_color": "FFFFFF", "id_str": "38699733", "profile_background_color": "000000", "listed_count": 32, "is_translation_enabled": false, "utc_offset": 10800, "statuses_count": 3865, "description": "I'm a Social Entrepreneur. I have a vision of a world full of goodies created by good leaders elected by good people. \r\nFounder / Chairman @Adopt_a_Light", "friends_count": 974, "location": "Kenya", "profile_link_color": "000000", "profile_image_url": "http://pbs.twimg.com/profile_images/525528274391564288/MzXdL1bs_normal.jpeg", "following": false, "geo_enabled": true, "profile_background_image_url": "http://pbs.twimg.com/profile_background_images/779398950/4df79896eef55b45a1616cda6d1fccbc.png", "name": "Esther Passaris, OGW", "lang": "en", "profile_background_tile": false, "favourites_count": 539, "screen_name": "EstherPassaris", "notifications": false, "url": "http://t.co/0PxRDj0oPT", "created_at": "Fri May 08 16:52:44 +0000 2009", "contributors_enabled": false, "time_zone": "Africa/Nairobi", "protected": false, "default_profile": false, "is_translator": false}, "geo": null, "in_reply_to_user_id_str": "3108351", "lang": "en", "created_at": "Wed Jan 07 13:43:50 +0000 2015", "in_reply_to_status_id_str": "552811386259386370", "place": null}
