{"contributors": null, "truncated": false, "text": "\u201c@WSJ: At least 12 dead in the Paris shooting. Updated story and background info:http://t.co/O59EaY27PQ #CharlieHebdo http://t.co/4jD1ySoth8", "in_reply_to_status_id": 552811386259386370, "id": 552813011338285056, "favorite_count": 0, "source": "<a href=\"http://twitter.com/download/iphone\" rel=\"nofollow\">Twitter for iPhone</a>", "retweeted": false, "coordinates": null, "entities": {"symbols": [], "user_mentions": [{"id": 3108351, "indices": [1, 5], "id_str": "3108351", "screen_name": "WSJ", "name": "Wall Street Journal"}], "hashtags": [{"indices": [104, 117], "text": "CharlieHebdo"}], "urls": [{"url": "http://t.co/O59EaY27PQ", "indices": [81, 103], "expanded_url": "http://on.wsj.com/1ByEfdQ", "display_url": "on.wsj.com/1ByEfdQ"}], "media": [{"source_user_id": 3108351, "source_status_id_str": "552811386259386370", "expanded_url": "http://twitter.com/WSJ/status/552811386259386370/photo/1", "display_url": "pic.twitter.com/4jD1ySoth8", "url": "http://t.co/4jD1ySoth8", "media_url_https": "https://pbs.twimg.com/media/B6v7BtrIYAADeNP.jpg", "source_user_id_str": "3108351", "source_status_id": 552811386259386370, "id_str": "552811386141958144", "sizes": {"large": {"h": 639, "resize": "fit", "w": 959}, "small": {"h": 226, "resize": "fit", "w": 340}, "medium": {"h": 399, "resize": "fit", "w": 600}, "thumb": {"h": 150, "resize": "crop", "w": 150}}, "indices": [118, 140], "type": "photo", "id": 552811386141958144, "media_url": "http://pbs.twimg.com/media/B6v7BtrIYAADeNP.jpg"}]}, "in_reply_to_screen_name": "WSJ", "id_str": "552813011338285056", "retweet_count": 0, "in_reply_to_user_id": 3108351, "favorited": false, "user": {"follow_request_sent": false, "profile_use_background_image": true, "profile_text_color": "333333", "default_profile_image": false, "id": 266554539, "profile_background_image_url_https": "https://abs.twimg.com/images/themes/theme1/bg.png", "verified": false, "profile_location": null, "profile_image_url_https": "https://pbs.twimg.com/profile_images/439339453040316416/1QK2Vcy5_normal.jpeg", "profile_sidebar_fill_color": "DDEEF6", "entities": {"description": {"urls": []}}, "followers_count": 73, "profile_sidebar_border_color": "C0DEED", "id_str": "266554539", "profile_background_color": "C0DEED", "listed_count": 2, "is_translation_enabled": false, "utc_offset": null, "statuses_count": 2356, "description": "ruipires@me.com", "friends_count": 411, "location": "UE", "profile_link_color": "0084B4", "profile_image_url": "http://pbs.twimg.com/profile_images/439339453040316416/1QK2Vcy5_normal.jpeg", "following": false, "geo_enabled": false, "profile_banner_url": "https://pbs.twimg.com/profile_banners/266554539/1364582480", "profile_background_image_url": "http://abs.twimg.com/images/themes/theme1/bg.png", "name": "Rui Pires", "lang": "en", "profile_background_tile": false, "favourites_count": 193, "screen_name": "ruibpires", "notifications": false, "url": null, "created_at": "Tue Mar 15 12:27:16 +0000 2011", "contributors_enabled": false, "time_zone": null, "protected": false, "default_profile": true, "is_translator": false}, "geo": null, "in_reply_to_user_id_str": "3108351", "possibly_sensitive": false, "lang": "en", "created_at": "Wed Jan 07 13:04:27 +0000 2015", "in_reply_to_status_id_str": "552811386259386370", "place": null, "extended_entities": {"media": [{"source_user_id": 3108351, "source_status_id_str": "552811386259386370", "expanded_url": "http://twitter.com/WSJ/status/552811386259386370/photo/1", "display_url": "pic.twitter.com/4jD1ySoth8", "url": "http://t.co/4jD1ySoth8", "media_url_https": "https://pbs.twimg.com/media/B6v7BtrIYAADeNP.jpg", "source_user_id_str": "3108351", "source_status_id": 552811386259386370, "id_str": "552811386141958144", "sizes": {"large": {"h": 639, "resize": "fit", "w": 959}, "small": {"h": 226, "resize": "fit", "w": 340}, "medium": {"h": 399, "resize": "fit", "w": 600}, "thumb": {"h": 150, "resize": "crop", "w": 150}}, "indices": [118, 140], "type": "photo", "id": 552811386141958144, "media_url": "http://pbs.twimg.com/media/B6v7BtrIYAADeNP.jpg"}]}}
