{"contributors": null, "truncated": false, "text": "More madness - tragic: \u201c@WSJ: At least 12 dead in the Paris shooting.http://t.co/x0ES2RZWpb #CharlieHebdo http://t.co/Q59IEjRVyW\u201d", "in_reply_to_status_id": 552811386259386370, "id": 552814805456027648, "favorite_count": 0, "source": "<a href=\"http://twitter.com/download/iphone\" rel=\"nofollow\">Twitter for iPhone</a>", "retweeted": false, "coordinates": null, "entities": {"symbols": [], "user_mentions": [{"id": 3108351, "indices": [24, 28], "id_str": "3108351", "screen_name": "WSJ", "name": "Wall Street Journal"}], "hashtags": [{"indices": [92, 105], "text": "CharlieHebdo"}], "urls": [{"url": "http://t.co/x0ES2RZWpb", "indices": [69, 91], "expanded_url": "http://on.wsj.com/1ByEfdQ", "display_url": "on.wsj.com/1ByEfdQ"}], "media": [{"source_user_id": 3108351, "source_status_id_str": "552811386259386370", "expanded_url": "http://twitter.com/WSJ/status/552811386259386370/photo/1", "display_url": "pic.twitter.com/Q59IEjRVyW", "url": "http://t.co/Q59IEjRVyW", "media_url_https": "https://pbs.twimg.com/media/B6v7BtrIYAADeNP.jpg", "source_user_id_str": "3108351", "source_status_id": 552811386259386370, "id_str": "552811386141958144", "sizes": {"large": {"h": 639, "resize": "fit", "w": 959}, "small": {"h": 226, "resize": "fit", "w": 340}, "medium": {"h": 399, "resize": "fit", "w": 600}, "thumb": {"h": 150, "resize": "crop", "w": 150}}, "indices": [106, 128], "type": "photo", "id": 552811386141958144, "media_url": "http://pbs.twimg.com/media/B6v7BtrIYAADeNP.jpg"}]}, "in_reply_to_screen_name": "WSJ", "id_str": "552814805456027648", "retweet_count": 1, "in_reply_to_user_id": 3108351, "favorited": false, "user": {"follow_request_sent": false, "profile_use_background_image": true, "profile_text_color": "333333", "default_profile_image": false, "id": 385867775, "profile_background_image_url_https": "https://abs.twimg.com/images/themes/theme1/bg.png", "verified": false, "profile_location": null, "profile_image_url_https": "https://pbs.twimg.com/profile_images/3268348969/a0b6afe4f9fc52d4a44367cc5498d7a3_normal.jpeg", "profile_sidebar_fill_color": "DDEEF6", "entities": {"description": {"urls": []}}, "followers_count": 272, "profile_sidebar_border_color": "C0DEED", "id_str": "385867775", "profile_background_color": "C0DEED", "listed_count": 1, "is_translation_enabled": false, "utc_offset": -10800, "statuses_count": 1008, "description": "Corporate Underwriter/Strategy Nerd @MF_Insurance. More Maverick than Goose. More Lions than Bulls. More bush than beach. LoveSA", "friends_count": 721, "location": "South Africa", "profile_link_color": "EB1733", "profile_image_url": "http://pbs.twimg.com/profile_images/3268348969/a0b6afe4f9fc52d4a44367cc5498d7a3_normal.jpeg", "following": false, "geo_enabled": true, "profile_banner_url": "https://pbs.twimg.com/profile_banners/385867775/1398849576", "profile_background_image_url": "http://abs.twimg.com/images/themes/theme1/bg.png", "name": "Greg Scott", "lang": "en", "profile_background_tile": false, "favourites_count": 12, "screen_name": "Greg_Scott_SA", "notifications": false, "url": null, "created_at": "Thu Oct 06 08:30:09 +0000 2011", "contributors_enabled": false, "time_zone": "Greenland", "protected": false, "default_profile": false, "is_translator": false}, "geo": null, "in_reply_to_user_id_str": "3108351", "possibly_sensitive": false, "lang": "en", "created_at": "Wed Jan 07 13:11:35 +0000 2015", "in_reply_to_status_id_str": "552811386259386370", "place": null, "extended_entities": {"media": [{"source_user_id": 3108351, "source_status_id_str": "552811386259386370", "expanded_url": "http://twitter.com/WSJ/status/552811386259386370/photo/1", "display_url": "pic.twitter.com/Q59IEjRVyW", "url": "http://t.co/Q59IEjRVyW", "media_url_https": "https://pbs.twimg.com/media/B6v7BtrIYAADeNP.jpg", "source_user_id_str": "3108351", "source_status_id": 552811386259386370, "id_str": "552811386141958144", "sizes": {"large": {"h": 639, "resize": "fit", "w": 959}, "small": {"h": 226, "resize": "fit", "w": 340}, "medium": {"h": 399, "resize": "fit", "w": 600}, "thumb": {"h": 150, "resize": "crop", "w": 150}}, "indices": [106, 128], "type": "photo", "id": 552811386141958144, "media_url": "http://pbs.twimg.com/media/B6v7BtrIYAADeNP.jpg"}]}}
