{"contributors": null, "truncated": false, "text": "@WSJ I did not think the French knew what a gun was or how to use one. There arms expertise was on par with the Italians-experts at dropping", "in_reply_to_status_id": 552811386259386370, "id": 552812365692289025, "favorite_count": 0, "source": "<a href=\"http://twitter.com/download/iphone\" rel=\"nofollow\">Twitter for iPhone</a>", "retweeted": false, "coordinates": null, "entities": {"symbols": [], "user_mentions": [{"id": 3108351, "indices": [0, 4], "id_str": "3108351", "screen_name": "WSJ", "name": "Wall Street Journal"}], "hashtags": [], "urls": []}, "in_reply_to_screen_name": "WSJ", "id_str": "552812365692289025", "retweet_count": 0, "in_reply_to_user_id": 3108351, "favorited": false, "user": {"follow_request_sent": false, "profile_use_background_image": false, "profile_text_color": "000000", "default_profile_image": false, "id": 30148992, "profile_background_image_url_https": "https://abs.twimg.com/images/themes/theme1/bg.png", "verified": false, "profile_location": null, "profile_image_url_https": "https://pbs.twimg.com/profile_images/554081188483047424/csUeZnO5_normal.jpeg", "profile_sidebar_fill_color": "000000", "entities": {"url": {"urls": [{"url": "http://t.co/6BD8CgKCPL", "indices": [0, 22], "expanded_url": "http://en.wikipedia.org/wiki/Freethought", "display_url": "en.wikipedia.org/wiki/Freethoug\u2026"}]}, "description": {"urls": []}}, "followers_count": 706, "profile_sidebar_border_color": "000000", "id_str": "30148992", "profile_background_color": "000000", "listed_count": 11, "is_translation_enabled": false, "utc_offset": -18000, "statuses_count": 4330, "description": "I like one book, one song (Anthem), one album 2112. Don't read too much into the name. I don't worship Rand or Neil. Although, Rush is a great band.", "friends_count": 550, "location": "Utopia ", "profile_link_color": "ABB8C2", "profile_image_url": "http://pbs.twimg.com/profile_images/554081188483047424/csUeZnO5_normal.jpeg", "following": false, "geo_enabled": true, "profile_banner_url": "https://pbs.twimg.com/profile_banners/30148992/1420810967", "profile_background_image_url": "http://abs.twimg.com/images/themes/theme1/bg.png", "name": "El Cid", "lang": "en", "profile_background_tile": false, "favourites_count": 3149, "screen_name": "JohnGalt2112", "notifications": false, "url": "http://t.co/6BD8CgKCPL", "created_at": "Fri Apr 10 03:28:14 +0000 2009", "contributors_enabled": false, "time_zone": "Eastern Time (US & Canada)", "protected": false, "default_profile": false, "is_translator": false}, "geo": null, "in_reply_to_user_id_str": "3108351", "lang": "en", "created_at": "Wed Jan 07 13:01:53 +0000 2015", "in_reply_to_status_id_str": "552811386259386370", "place": null}
