{"contributors": null, "truncated": false, "text": "@WSJ History shows disproportionate share of major religions starting in Middle East. That indicates people with no sense of humor.Stay out", "in_reply_to_status_id": 552811386259386370, "id": 552812482406780928, "favorite_count": 0, "source": "<a href=\"http://twitter.com\" rel=\"nofollow\">Twitter Web Client</a>", "retweeted": false, "coordinates": null, "entities": {"symbols": [], "user_mentions": [{"id": 3108351, "indices": [0, 4], "id_str": "3108351", "screen_name": "WSJ", "name": "Wall Street Journal"}], "hashtags": [], "urls": []}, "in_reply_to_screen_name": "WSJ", "id_str": "552812482406780928", "retweet_count": 0, "in_reply_to_user_id": 3108351, "favorited": false, "user": {"follow_request_sent": false, "profile_use_background_image": true, "profile_text_color": "333333", "default_profile_image": true, "id": 43462866, "profile_background_image_url_https": "https://abs.twimg.com/images/themes/theme1/bg.png", "verified": false, "profile_location": null, "profile_image_url_https": "https://abs.twimg.com/sticky/default_profile_images/default_profile_6_normal.png", "profile_sidebar_fill_color": "DDEEF6", "entities": {"url": {"urls": [{"url": "http://t.co/iVFCdnodIK", "indices": [0, 22], "expanded_url": "http://freshcleanday.com/converse.html", "display_url": "freshcleanday.com/converse.html"}]}, "description": {"urls": []}}, "followers_count": 338, "profile_sidebar_border_color": "C0DEED", "id_str": "43462866", "profile_background_color": "C0DEED", "listed_count": 15, "is_translation_enabled": false, "utc_offset": -28800, "statuses_count": 14971, "description": "Author: Jesus Was Tall And Well Spoken: A Different Account Of Christ And His Catholic Church", "friends_count": 461, "location": "", "profile_link_color": "0084B4", "profile_image_url": "http://abs.twimg.com/sticky/default_profile_images/default_profile_6_normal.png", "following": false, "geo_enabled": false, "profile_background_image_url": "http://abs.twimg.com/images/themes/theme1/bg.png", "name": "Barry Leonardini", "lang": "en", "profile_background_tile": false, "favourites_count": 4, "screen_name": "BarryLeonardini", "notifications": false, "url": "http://t.co/iVFCdnodIK", "created_at": "Sat May 30 02:29:33 +0000 2009", "contributors_enabled": false, "time_zone": "Pacific Time (US & Canada)", "protected": false, "default_profile": true, "is_translator": false}, "geo": null, "in_reply_to_user_id_str": "3108351", "lang": "en", "created_at": "Wed Jan 07 13:02:21 +0000 2015", "in_reply_to_status_id_str": "552811386259386370", "place": null}
