{"contributors": null, "truncated": false, "text": "@WSJ I condemn this cowardly attack carried out, attacking the hands are broken; asshole and ...", "in_reply_to_status_id": 552811386259386370, "id": 552818696864157697, "favorite_count": 0, "source": "<a href=\"http://twitter.com\" rel=\"nofollow\">Twitter Web Client</a>", "retweeted": false, "coordinates": null, "entities": {"symbols": [], "user_mentions": [{"id": 3108351, "indices": [0, 4], "id_str": "3108351", "screen_name": "WSJ", "name": "Wall Street Journal"}], "hashtags": [], "urls": []}, "in_reply_to_screen_name": "WSJ", "id_str": "552818696864157697", "retweet_count": 0, "in_reply_to_user_id": 3108351, "favorited": false, "user": {"follow_request_sent": false, "profile_use_background_image": false, "profile_text_color": "000000", "default_profile_image": false, "id": 2257552586, "profile_background_image_url_https": "https://abs.twimg.com/images/themes/theme1/bg.png", "verified": false, "profile_location": null, "profile_image_url_https": "https://pbs.twimg.com/profile_images/477166455746609152/p0kG3fMD_normal.jpeg", "profile_sidebar_fill_color": "000000", "entities": {"description": {"urls": []}}, "followers_count": 647, "profile_sidebar_border_color": "000000", "id_str": "2257552586", "profile_background_color": "000000", "listed_count": 2, "is_translation_enabled": false, "utc_offset": 7200, "statuses_count": 1851, "description": "D\u00fcnyada En Kutsal Sevgi \u0130nsan Sevgisidir World in the most holy human love is love", "friends_count": 1753, "location": "", "profile_link_color": "3B94D9", "profile_image_url": "http://pbs.twimg.com/profile_images/477166455746609152/p0kG3fMD_normal.jpeg", "following": false, "geo_enabled": false, "profile_banner_url": "https://pbs.twimg.com/profile_banners/2257552586/1420202072", "profile_background_image_url": "http://abs.twimg.com/images/themes/theme1/bg.png", "name": "\u0130hsan ALEMDARO\u011eLU", "lang": "tr", "profile_background_tile": false, "favourites_count": 641, "screen_name": "alemdaroglu08", "notifications": false, "url": null, "created_at": "Sun Dec 22 10:23:19 +0000 2013", "contributors_enabled": false, "time_zone": "Athens", "protected": false, "default_profile": false, "is_translator": false}, "geo": null, "in_reply_to_user_id_str": "3108351", "lang": "en", "created_at": "Wed Jan 07 13:27:02 +0000 2015", "in_reply_to_status_id_str": "552811386259386370", "place": null}
