{"contributors": null, "truncated": false, "text": "@WSJ @MikeRodNews http://t.co/ze1UCX90TE", "in_reply_to_status_id": 552811386259386370, "id": 552814818986844160, "favorite_count": 0, "source": "<a href=\"http://twitter.com/download/android\" rel=\"nofollow\">Twitter for Android</a>", "retweeted": false, "coordinates": null, "entities": {"symbols": [], "user_mentions": [{"id": 3108351, "indices": [0, 4], "id_str": "3108351", "screen_name": "WSJ", "name": "Wall Street Journal"}, {"id": 200641413, "indices": [5, 17], "id_str": "200641413", "screen_name": "MikeRodNews", "name": "Mike Rod News"}], "hashtags": [], "urls": [], "media": [{"expanded_url": "http://twitter.com/MikeRodNews/status/552814818986844160/photo/1", "display_url": "pic.twitter.com/ze1UCX90TE", "url": "http://t.co/ze1UCX90TE", "media_url_https": "https://pbs.twimg.com/media/B6v-JbLIUAAzv8E.jpg", "id_str": "552814817149734912", "sizes": {"small": {"h": 176, "resize": "fit", "w": 340}, "large": {"h": 373, "resize": "fit", "w": 717}, "medium": {"h": 312, "resize": "fit", "w": 600}, "thumb": {"h": 150, "resize": "crop", "w": 150}}, "indices": [18, 40], "type": "photo", "id": 552814817149734912, "media_url": "http://pbs.twimg.com/media/B6v-JbLIUAAzv8E.jpg"}]}, "in_reply_to_screen_name": "WSJ", "id_str": "552814818986844160", "retweet_count": 0, "in_reply_to_user_id": 3108351, "favorited": false, "user": {"follow_request_sent": false, "profile_use_background_image": true, "profile_text_color": "333333", "default_profile_image": false, "id": 200641413, "profile_background_image_url_https": "https://pbs.twimg.com/profile_background_images/793373141/f1385bb36a46cc211b49f8f77b8369a4.jpeg", "verified": false, "profile_location": null, "profile_image_url_https": "https://pbs.twimg.com/profile_images/482560564455956480/FepEVRk0_normal.jpeg", "profile_sidebar_fill_color": "DDEEF6", "entities": {"url": {"urls": [{"url": "https://t.co/Lw84yisNDH", "indices": [0, 23], "expanded_url": "https://www.paypal.com/cgi-bin/webscr?cmd=_s-xclick&hosted_button_id=C4EU3P9AN2B6S", "display_url": "paypal.com/cgi-bin/webscr\u2026"}]}, "description": {"urls": []}}, "followers_count": 163, "profile_sidebar_border_color": "FFFFFF", "id_str": "200641413", "profile_background_color": "C0DEED", "listed_count": 4, "is_translation_enabled": false, "utc_offset": -18000, "statuses_count": 11988, "description": "My name is Miguel Rodriguez but I use the name \u201cMike\u201d.", "friends_count": 489, "location": "Lake Wales F.L", "profile_link_color": "0084B4", "profile_image_url": "http://pbs.twimg.com/profile_images/482560564455956480/FepEVRk0_normal.jpeg", "following": false, "geo_enabled": true, "profile_banner_url": "https://pbs.twimg.com/profile_banners/200641413/1403886450", "profile_background_image_url": "http://pbs.twimg.com/profile_background_images/793373141/f1385bb36a46cc211b49f8f77b8369a4.jpeg", "name": "Mike Rod News", "lang": "en", "profile_background_tile": false, "favourites_count": 2989, "screen_name": "MikeRodNews", "notifications": false, "url": "https://t.co/Lw84yisNDH", "created_at": "Sat Oct 09 20:58:08 +0000 2010", "contributors_enabled": false, "time_zone": "Eastern Time (US & Canada)", "protected": false, "default_profile": false, "is_translator": false}, "geo": null, "in_reply_to_user_id_str": "3108351", "possibly_sensitive": false, "lang": "und", "created_at": "Wed Jan 07 13:11:38 +0000 2015", "in_reply_to_status_id_str": "552811386259386370", "place": null, "extended_entities": {"media": [{"expanded_url": "http://twitter.com/MikeRodNews/status/552814818986844160/photo/1", "display_url": "pic.twitter.com/ze1UCX90TE", "url": "http://t.co/ze1UCX90TE", "media_url_https": "https://pbs.twimg.com/media/B6v-JbLIUAAzv8E.jpg", "id_str": "552814817149734912", "sizes": {"small": {"h": 176, "resize": "fit", "w": 340}, "large": {"h": 373, "resize": "fit", "w": 717}, "medium": {"h": 312, "resize": "fit", "w": 600}, "thumb": {"h": 150, "resize": "crop", "w": 150}}, "indices": [18, 40], "type": "photo", "id": 552814817149734912, "media_url": "http://pbs.twimg.com/media/B6v-JbLIUAAzv8E.jpg"}]}}
