{"contributors": null, "truncated": false, "text": "@WSJ France as we know, the country which easily accept Moslem immigrant, #ISIS #CharlieHebdo #wakeupDumbAss", "in_reply_to_status_id": 552811386259386370, "id": 552812767132934144, "favorite_count": 0, "source": "<a href=\"http://twitter.com/#!/download/ipad\" rel=\"nofollow\">Twitter for iPad</a>", "retweeted": false, "coordinates": null, "entities": {"symbols": [], "user_mentions": [{"id": 3108351, "indices": [0, 4], "id_str": "3108351", "screen_name": "WSJ", "name": "Wall Street Journal"}], "hashtags": [{"indices": [74, 79], "text": "ISIS"}, {"indices": [80, 93], "text": "CharlieHebdo"}, {"indices": [94, 108], "text": "wakeupDumbAss"}], "urls": []}, "in_reply_to_screen_name": "WSJ", "id_str": "552812767132934144", "retweet_count": 0, "in_reply_to_user_id": 3108351, "favorited": false, "user": {"follow_request_sent": false, "profile_use_background_image": true, "profile_text_color": "333333", "default_profile_image": false, "id": 286528561, "profile_background_image_url_https": "https://pbs.twimg.com/profile_background_images/746345605/5dce2087b9530a7a96c4fe526a41cd11.jpeg", "verified": false, "profile_location": null, "profile_image_url_https": "https://pbs.twimg.com/profile_images/485780559575019521/5xVY6lVA_normal.jpeg", "profile_sidebar_fill_color": "F6F6F6", "entities": {"description": {"urls": []}}, "followers_count": 25, "profile_sidebar_border_color": "FFFFFF", "id_str": "286528561", "profile_background_color": "ACDED6", "listed_count": 0, "is_translation_enabled": false, "utc_offset": 25200, "statuses_count": 63, "description": "\u2665Jesucristo\u2665USA\u2665sports | Wearing shirt and tie to work at Big Four is hopeful, but becoming businessman and investor is my dream.. Bless me in \u2020 . Amen.", "friends_count": 130, "location": "", "profile_link_color": "038543", "profile_image_url": "http://pbs.twimg.com/profile_images/485780559575019521/5xVY6lVA_normal.jpeg", "following": false, "geo_enabled": true, "profile_banner_url": "https://pbs.twimg.com/profile_banners/286528561/1368330197", "profile_background_image_url": "http://pbs.twimg.com/profile_background_images/746345605/5dce2087b9530a7a96c4fe526a41cd11.jpeg", "name": "Brian AG Whacknese", "lang": "en", "profile_background_tile": true, "favourites_count": 0, "screen_name": "BrianAndrianto", "notifications": false, "url": null, "created_at": "Sat Apr 23 05:21:41 +0000 2011", "contributors_enabled": false, "time_zone": "Jakarta", "protected": false, "default_profile": false, "is_translator": false}, "geo": null, "in_reply_to_user_id_str": "3108351", "lang": "en", "created_at": "Wed Jan 07 13:03:29 +0000 2015", "in_reply_to_status_id_str": "552811386259386370", "place": null}
