{"contributors": null, "truncated": false, "text": "@WSJ That is what you get when you do not profile, when you pretend Islam is even remotely normal; when u are just plain stupid. WAKE UP.", "in_reply_to_status_id": 552811386259386370, "id": 552811649602961408, "favorite_count": 0, "source": "<a href=\"http://twitter.com\" rel=\"nofollow\">Twitter Web Client</a>", "retweeted": false, "coordinates": null, "entities": {"symbols": [], "user_mentions": [{"id": 3108351, "indices": [0, 4], "id_str": "3108351", "screen_name": "WSJ", "name": "Wall Street Journal"}], "hashtags": [], "urls": []}, "in_reply_to_screen_name": "WSJ", "id_str": "552811649602961408", "retweet_count": 0, "in_reply_to_user_id": 3108351, "favorited": false, "user": {"follow_request_sent": false, "profile_use_background_image": true, "profile_text_color": "3D1957", "default_profile_image": false, "id": 2584501496, "profile_background_image_url_https": "https://abs.twimg.com/images/themes/theme12/bg.gif", "verified": false, "profile_location": null, "profile_image_url_https": "https://pbs.twimg.com/profile_images/511253359748059136/ny35b24J_normal.jpeg", "profile_sidebar_fill_color": "7AC3EE", "entities": {"description": {"urls": []}}, "followers_count": 586, "profile_sidebar_border_color": "65B0DA", "id_str": "2584501496", "profile_background_color": "4A913C", "listed_count": 12, "is_translation_enabled": false, "utc_offset": null, "statuses_count": 30035, "description": "", "friends_count": 570, "location": "", "profile_link_color": "FF0000", "profile_image_url": "http://pbs.twimg.com/profile_images/511253359748059136/ny35b24J_normal.jpeg", "following": false, "geo_enabled": false, "profile_banner_url": "https://pbs.twimg.com/profile_banners/2584501496/1410727506", "profile_background_image_url": "http://abs.twimg.com/images/themes/theme12/bg.gif", "name": "holly ammon", "lang": "en", "profile_background_tile": false, "favourites_count": 14440, "screen_name": "hollyammon", "notifications": false, "url": null, "created_at": "Mon Jun 23 19:46:47 +0000 2014", "contributors_enabled": false, "time_zone": null, "protected": false, "default_profile": false, "is_translator": false}, "geo": null, "in_reply_to_user_id_str": "3108351", "lang": "en", "created_at": "Wed Jan 07 12:59:02 +0000 2015", "in_reply_to_status_id_str": "552811386259386370", "place": null}
