{"contributors":null,"truncated":false,"text":"@WSJ @HeyTammyBruce elPresidente is probably gonna recognize ISIS now.","in_reply_to_status_id":552811386259386370,"id":552813020465074176,"favorite_count":0,"source":"<a href=\"http:\/\/twitter.com\" rel=\"nofollow\">Twitter Web Client<\/a>","retweeted":false,"coordinates":null,"entities":{"symbols":[],"user_mentions":[{"id":3108351,"indices":[0,4],"id_str":"3108351","screen_name":"WSJ","name":"Wall Street Journal"},{"id":22956220,"indices":[5,19],"id_str":"22956220","screen_name":"HeyTammyBruce","name":"Tammy Bruce"}],"hashtags":[],"urls":[]},"in_reply_to_screen_name":"WSJ","id_str":"552813020465074176","retweet_count":0,"in_reply_to_user_id":3108351,"favorited":false,"user":{"follow_request_sent":false,"profile_use_background_image":false,"profile_text_color":"000000","default_profile_image":false,"id":2669987066,"profile_background_image_url_https":"https:\/\/abs.twimg.com\/images\/themes\/theme14\/bg.gif","verified":false,"profile_location":null,"profile_image_url_https":"https:\/\/pbs.twimg.com\/profile_images\/588020000633528320\/Bfv22hQT_normal.jpg","profile_sidebar_fill_color":"000000","entities":{"description":{"urls":[]}},"followers_count":225,"profile_sidebar_border_color":"000000","id_str":"2669987066","profile_background_color":"000000","listed_count":2,"is_translation_enabled":false,"utc_offset":null,"statuses_count":3447,"description":"Veteran,Patriot,Boy Scout,American","friends_count":172,"location":"United States","profile_link_color":"DD2E44","profile_image_url":"http:\/\/pbs.twimg.com\/profile_images\/588020000633528320\/Bfv22hQT_normal.jpg","following":false,"geo_enabled":false,"profile_banner_url":"https:\/\/pbs.twimg.com\/profile_banners\/2669987066\/1415242053","profile_background_image_url":"http:\/\/abs.twimg.com\/images\/themes\/theme14\/bg.gif","name":"Ed Smith","lang":"en","profile_background_tile":false,"favourites_count":2,"screen_name":"EdSmith507","notifications":false,"url":null,"created_at":"Tue Jul 22 17:05:56 +0000 2014","contributors_enabled":false,"time_zone":null,"protected":false,"default_profile":false,"is_translator":false},"geo":null,"in_reply_to_user_id_str":"3108351","lang":"en","created_at":"Wed Jan 07 13:04:29 +0000 2015","in_reply_to_status_id_str":"552811386259386370","place":null}