{"contributors": null, "truncated": false, "text": "@WSJ omg!!!\ud83d\ude23\ud83d\ude2a", "in_reply_to_status_id": 552811386259386370, "id": 552836538875531265, "favorite_count": 0, "source": "<a href=\"http://twitter.com/download/iphone\" rel=\"nofollow\">Twitter for iPhone</a>", "retweeted": false, "coordinates": null, "entities": {"symbols": [], "user_mentions": [{"id": 3108351, "indices": [0, 4], "id_str": "3108351", "screen_name": "WSJ", "name": "Wall Street Journal"}], "hashtags": [], "urls": []}, "in_reply_to_screen_name": "WSJ", "id_str": "552836538875531265", "retweet_count": 0, "in_reply_to_user_id": 3108351, "favorited": false, "user": {"follow_request_sent": false, "profile_use_background_image": true, "profile_text_color": "333333", "default_profile_image": false, "id": 150111340, "profile_background_image_url_https": "https://abs.twimg.com/images/themes/theme1/bg.png", "verified": false, "profile_location": null, "profile_image_url_https": "https://pbs.twimg.com/profile_images/513807688472756225/66oRJZTj_normal.jpeg", "profile_sidebar_fill_color": "DDEEF6", "entities": {"description": {"urls": []}}, "followers_count": 166, "profile_sidebar_border_color": "C0DEED", "id_str": "150111340", "profile_background_color": "C0DEED", "listed_count": 6, "is_translation_enabled": false, "utc_offset": -18000, "statuses_count": 4638, "description": "Things i like ! H2O, friends, traveling, reading, going out, water sports, dancing, fashion, beautiful places, interesting ppl #globalcitizen\u270c\ufe0f", "friends_count": 357, "location": "", "profile_link_color": "0084B4", "profile_image_url": "http://pbs.twimg.com/profile_images/513807688472756225/66oRJZTj_normal.jpeg", "following": false, "geo_enabled": false, "profile_banner_url": "https://pbs.twimg.com/profile_banners/150111340/1408562435", "profile_background_image_url": "http://abs.twimg.com/images/themes/theme1/bg.png", "name": "Barbara", "lang": "en", "profile_background_tile": false, "favourites_count": 2175, "screen_name": "bsche_", "notifications": false, "url": null, "created_at": "Mon May 31 03:27:20 +0000 2010", "contributors_enabled": false, "time_zone": "Eastern Time (US & Canada)", "protected": false, "default_profile": true, "is_translator": false}, "geo": null, "in_reply_to_user_id_str": "3108351", "lang": "und", "created_at": "Wed Jan 07 14:37:56 +0000 2015", "in_reply_to_status_id_str": "552811386259386370", "place": null}
