{"contributors": null, "truncated": false, "text": "\u201c@MelanieTait: Banksy says #JeSuisCharlie in a beautiful way (vi @lukeeve) http://t.co/ZXnsOenpbz\u201d", "in_reply_to_status_id": 552982613288157184, "id": 552990796702814208, "favorite_count": 0, "source": "<a href=\"http://twitter.com/download/iphone\" rel=\"nofollow\">Twitter for iPhone</a>", "retweeted": false, "coordinates": {"type": "Point", "coordinates": [-46.72664415, -23.59140417]}, "entities": {"symbols": [], "user_mentions": [{"id": 240028072, "indices": [1, 13], "id_str": "240028072", "screen_name": "MelanieTait", "name": "Melanie Tait"}, {"id": 31370252, "indices": [65, 73], "id_str": "31370252", "screen_name": "lukeeve", "name": "Luke Eve"}], "hashtags": [{"indices": [27, 41], "text": "JeSuisCharlie"}], "urls": [], "media": [{"source_user_id": 240028072, "source_status_id_str": "552982613288157184", "expanded_url": "http://twitter.com/MelanieTait/status/552982613288157184/photo/1", "display_url": "pic.twitter.com/ZXnsOenpbz", "url": "http://t.co/ZXnsOenpbz", "media_url_https": "https://pbs.twimg.com/media/B6yWv8CCUAAhGXN.jpg", "source_user_id_str": "240028072", "source_status_id": 552982613288157184, "id_str": "552982604572413952", "sizes": {"small": {"h": 340, "resize": "fit", "w": 340}, "large": {"h": 640, "resize": "fit", "w": 640}, "medium": {"h": 600, "resize": "fit", "w": 600}, "thumb": {"h": 150, "resize": "crop", "w": 150}}, "indices": [75, 97], "type": "photo", "id": 552982604572413952, "media_url": "http://pbs.twimg.com/media/B6yWv8CCUAAhGXN.jpg"}]}, "in_reply_to_screen_name": "MelanieTait", "id_str": "552990796702814208", "retweet_count": 0, "in_reply_to_user_id": 240028072, "favorited": false, "user": {"follow_request_sent": false, "profile_use_background_image": true, "profile_text_color": "333333", "default_profile_image": false, "id": 79603514, "profile_background_image_url_https": "https://abs.twimg.com/images/themes/theme15/bg.png", "verified": false, "profile_location": null, "profile_image_url_https": "https://pbs.twimg.com/profile_images/466022661814882304/3LHmTyER_normal.jpeg", "profile_sidebar_fill_color": "C0DFEC", "entities": {"url": {"urls": [{"url": "http://t.co/lalHPtsoE1", "indices": [0, 22], "expanded_url": "http://gprevidelloecausp.wix.com/gabrielacontent#", "display_url": "gprevidelloecausp.wix.com/gabrielaconten\u2026"}]}, "description": {"urls": []}}, "followers_count": 319, "profile_sidebar_border_color": "A8C7F7", "id_str": "79603514", "profile_background_color": "022330", "listed_count": 7, "is_translation_enabled": false, "utc_offset": -7200, "statuses_count": 1645, "description": "Manuela's Mom,S\u00e3o Paulo city girl, PhD student in Information Science at ECA-USP,knowledge organization,digital curation,AI, knowledge based systems,ontologies", "friends_count": 898, "location": "brazil sao paulo", "profile_link_color": "0084B4", "profile_image_url": "http://pbs.twimg.com/profile_images/466022661814882304/3LHmTyER_normal.jpeg", "following": false, "geo_enabled": true, "profile_banner_url": "https://pbs.twimg.com/profile_banners/79603514/1403460533", "profile_background_image_url": "http://abs.twimg.com/images/themes/theme15/bg.png", "name": "404 Not Found", "lang": "pt", "profile_background_tile": false, "favourites_count": 1671, "screen_name": "gabyprevidello", "notifications": false, "url": "http://t.co/lalHPtsoE1", "created_at": "Sun Oct 04 00:35:42 +0000 2009", "contributors_enabled": false, "time_zone": "Brasilia", "protected": false, "default_profile": false, "is_translator": false}, "geo": {"type": "Point", "coordinates": [-23.59140417, -46.72664415]}, "in_reply_to_user_id_str": "240028072", "possibly_sensitive": false, "lang": "en", "created_at": "Thu Jan 08 00:50:54 +0000 2015", "in_reply_to_status_id_str": "552982613288157184", "place": {"full_name": "Sao Paulo, Brazil", "url": "https://api.twitter.com/1.1/geo/id/68e019afec7d0ba5.json", "country": "Brasil", "place_type": "city", "bounding_box": {"type": "Polygon", "coordinates": [[[-46.826039, -24.008814], [-46.365052, -24.008814], [-46.365052, -23.356792], [-46.826039, -23.356792]]]}, "contained_within": [], "country_code": "BR", "attributes": {}, "id": "68e019afec7d0ba5", "name": "Sao Paulo"}, "extended_entities": {"media": [{"source_user_id": 240028072, "source_status_id_str": "552982613288157184", "expanded_url": "http://twitter.com/MelanieTait/status/552982613288157184/photo/1", "display_url": "pic.twitter.com/ZXnsOenpbz", "url": "http://t.co/ZXnsOenpbz", "media_url_https": "https://pbs.twimg.com/media/B6yWv8CCUAAhGXN.jpg", "source_user_id_str": "240028072", "source_status_id": 552982613288157184, "id_str": "552982604572413952", "sizes": {"small": {"h": 340, "resize": "fit", "w": 340}, "large": {"h": 640, "resize": "fit", "w": 640}, "medium": {"h": 600, "resize": "fit", "w": 600}, "thumb": {"h": 150, "resize": "crop", "w": 150}}, "indices": [75, 97], "type": "photo", "id": 552982604572413952, "media_url": "http://pbs.twimg.com/media/B6yWv8CCUAAhGXN.jpg"}]}}
