{"contributors":null,"truncated":false,"text":"RT @MelanieTait: Banksy says #JeSuisCharlie in a beautiful way (vi @lukeeve) http:\/\/t.co\/1AyLT6xi7I","in_reply_to_status_id":552982613288157184,"id":552992417969082369,"favorite_count":0,"source":"<a href=\"http:\/\/twitter.com\/download\/iphone\" rel=\"nofollow\">Twitter for iPhone<\/a>","retweeted":false,"coordinates":null,"entities":{"symbols":[],"user_mentions":[{"id":240028072,"indices":[3,15],"id_str":"240028072","screen_name":"MelanieTait","name":"Melanie Tait"},{"id":31370252,"indices":[67,75],"id_str":"31370252","screen_name":"lukeeve","name":"Luke Eve"}],"hashtags":[{"indices":[29,43],"text":"JeSuisCharlie"}],"urls":[],"media":[{"source_user_id":240028072,"source_status_id_str":"552982613288157184","expanded_url":"http:\/\/twitter.com\/MelanieTait\/status\/552982613288157184\/photo\/1","display_url":"pic.twitter.com\/1AyLT6xi7I","url":"http:\/\/t.co\/1AyLT6xi7I","media_url_https":"https:\/\/pbs.twimg.com\/media\/B6yWv8CCUAAhGXN.jpg","source_user_id_str":"240028072","source_status_id":552982613288157184,"id_str":"552982604572413952","sizes":{"small":{"h":340,"resize":"fit","w":340},"large":{"h":640,"resize":"fit","w":640},"medium":{"h":600,"resize":"fit","w":600},"thumb":{"h":150,"resize":"crop","w":150}},"indices":[77,99],"type":"photo","id":552982604572413952,"media_url":"http:\/\/pbs.twimg.com\/media\/B6yWv8CCUAAhGXN.jpg"}]},"in_reply_to_screen_name":"MelanieTait","id_str":"552992417969082369","retweet_count":0,"in_reply_to_user_id":240028072,"favorited":false,"user":{"follow_request_sent":false,"profile_use_background_image":true,"profile_text_color":"282729","default_profile_image":false,"id":23696709,"profile_background_image_url_https":"https:\/\/pbs.twimg.com\/profile_background_images\/378800000064187329\/d20276ed0e5a595cd44d0357900d0bfc.jpeg","verified":false,"profile_location":null,"profile_image_url_https":"https:\/\/pbs.twimg.com\/profile_images\/588179413629587456\/bvN_xkNr_normal.jpg","profile_sidebar_fill_color":"E3D9B6","entities":{"description":{"urls":[]}},"followers_count":403,"profile_sidebar_border_color":"FFFFFF","id_str":"23696709","profile_background_color":"EBDB99","listed_count":4,"is_translation_enabled":false,"utc_offset":-18000,"statuses_count":19831,"description":"and now that you don't have to be perfect, you can be good.","friends_count":409,"location":"Orlando, FL","profile_link_color":"39A892","profile_image_url":"http:\/\/pbs.twimg.com\/profile_images\/588179413629587456\/bvN_xkNr_normal.jpg","following":false,"geo_enabled":true,"profile_banner_url":"https:\/\/pbs.twimg.com\/profile_banners\/23696709\/1407874169","profile_background_image_url":"http:\/\/pbs.twimg.com\/profile_background_images\/378800000064187329\/d20276ed0e5a595cd44d0357900d0bfc.jpeg","name":"Callie Thomson","lang":"en","profile_background_tile":true,"favourites_count":13062,"screen_name":"calliealexa","notifications":false,"url":null,"created_at":"Wed Mar 11 01:13:39 +0000 2009","contributors_enabled":false,"time_zone":"Eastern Time (US & Canada)","protected":false,"default_profile":false,"is_translator":false},"geo":null,"in_reply_to_user_id_str":"240028072","possibly_sensitive":false,"lang":"en","created_at":"Thu Jan 08 00:57:21 +0000 2015","in_reply_to_status_id_str":"552982613288157184","place":null,"extended_entities":{"media":[{"source_user_id":240028072,"source_status_id_str":"552982613288157184","expanded_url":"http:\/\/twitter.com\/MelanieTait\/status\/552982613288157184\/photo\/1","display_url":"pic.twitter.com\/1AyLT6xi7I","url":"http:\/\/t.co\/1AyLT6xi7I","media_url_https":"https:\/\/pbs.twimg.com\/media\/B6yWv8CCUAAhGXN.jpg","source_user_id_str":"240028072","source_status_id":552982613288157184,"id_str":"552982604572413952","sizes":{"small":{"h":340,"resize":"fit","w":340},"large":{"h":640,"resize":"fit","w":640},"medium":{"h":600,"resize":"fit","w":600},"thumb":{"h":150,"resize":"crop","w":150}},"indices":[77,99],"type":"photo","id":552982604572413952,"media_url":"http:\/\/pbs.twimg.com\/media\/B6yWv8CCUAAhGXN.jpg"}]}}