{"contributors": null, "truncated": false, "text": "\u201c@MelanieTait: Banksy says #JeSuisCharlie in a beautiful way (vi @lukeeve) http://t.co/2C3Alq3Vxx\u201d", "in_reply_to_status_id": 552982613288157184, "id": 552997008483811328, "favorite_count": 0, "source": "<a href=\"http://twitter.com/download/iphone\" rel=\"nofollow\">Twitter for iPhone</a>", "retweeted": false, "coordinates": {"type": "Point", "coordinates": [-121.31997129, 38.03124806]}, "entities": {"symbols": [], "user_mentions": [{"id": 240028072, "indices": [1, 13], "id_str": "240028072", "screen_name": "MelanieTait", "name": "Melanie Tait"}, {"id": 31370252, "indices": [65, 73], "id_str": "31370252", "screen_name": "lukeeve", "name": "Luke Eve"}], "hashtags": [{"indices": [27, 41], "text": "JeSuisCharlie"}], "urls": [], "media": [{"source_user_id": 240028072, "source_status_id_str": "552982613288157184", "expanded_url": "http://twitter.com/MelanieTait/status/552982613288157184/photo/1", "display_url": "pic.twitter.com/2C3Alq3Vxx", "url": "http://t.co/2C3Alq3Vxx", "media_url_https": "https://pbs.twimg.com/media/B6yWv8CCUAAhGXN.jpg", "source_user_id_str": "240028072", "source_status_id": 552982613288157184, "id_str": "552982604572413952", "sizes": {"small": {"h": 340, "resize": "fit", "w": 340}, "large": {"h": 640, "resize": "fit", "w": 640}, "medium": {"h": 600, "resize": "fit", "w": 600}, "thumb": {"h": 150, "resize": "crop", "w": 150}}, "indices": [75, 97], "type": "photo", "id": 552982604572413952, "media_url": "http://pbs.twimg.com/media/B6yWv8CCUAAhGXN.jpg"}]}, "in_reply_to_screen_name": "MelanieTait", "id_str": "552997008483811328", "retweet_count": 0, "in_reply_to_user_id": 240028072, "favorited": false, "user": {"follow_request_sent": false, "profile_use_background_image": true, "profile_text_color": "666666", "default_profile_image": false, "id": 341255294, "profile_background_image_url_https": "https://abs.twimg.com/images/themes/theme9/bg.gif", "verified": false, "profile_location": null, "profile_image_url_https": "https://pbs.twimg.com/profile_images/554169188248346624/GrrDtPY7_normal.jpeg", "profile_sidebar_fill_color": "252429", "entities": {"url": {"urls": [{"url": "http://t.co/QNPaZdYVGv", "indices": [0, 22], "expanded_url": "http://www.facebook.com/ghae10", "display_url": "facebook.com/ghae10"}]}, "description": {"urls": []}}, "followers_count": 92, "profile_sidebar_border_color": "FFFFFF", "id_str": "341255294", "profile_background_color": "1A1B1F", "listed_count": 1, "is_translation_enabled": false, "utc_offset": -28800, "statuses_count": 257, "description": "Books. Music. Fallen Angels.", "friends_count": 377, "location": "", "profile_link_color": "2FC2EF", "profile_image_url": "http://pbs.twimg.com/profile_images/554169188248346624/GrrDtPY7_normal.jpeg", "following": false, "geo_enabled": true, "profile_banner_url": "https://pbs.twimg.com/profile_banners/341255294/1412133265", "profile_background_image_url": "http://abs.twimg.com/images/themes/theme9/bg.gif", "name": "Gianelli ", "lang": "en", "profile_background_tile": true, "favourites_count": 139, "screen_name": "I_am_ghae", "notifications": false, "url": "http://t.co/QNPaZdYVGv", "created_at": "Sun Jul 24 02:24:35 +0000 2011", "contributors_enabled": false, "time_zone": "Pacific Time (US & Canada)", "protected": false, "default_profile": false, "is_translator": false}, "geo": {"type": "Point", "coordinates": [38.03124806, -121.31997129]}, "in_reply_to_user_id_str": "240028072", "possibly_sensitive": false, "lang": "en", "created_at": "Thu Jan 08 01:15:35 +0000 2015", "in_reply_to_status_id_str": "552982613288157184", "place": {"full_name": "Stockton, CA", "url": "https://api.twitter.com/1.1/geo/id/d98e7ce217ade2c5.json", "country": "United States", "place_type": "city", "bounding_box": {"type": "Polygon", "coordinates": [[[-121.4168716, 37.883347], [-121.183979, 37.883347], [-121.183979, 38.078305], [-121.4168716, 38.078305]]]}, "contained_within": [], "country_code": "US", "attributes": {}, "id": "d98e7ce217ade2c5", "name": "Stockton"}, "extended_entities": {"media": [{"source_user_id": 240028072, "source_status_id_str": "552982613288157184", "expanded_url": "http://twitter.com/MelanieTait/status/552982613288157184/photo/1", "display_url": "pic.twitter.com/2C3Alq3Vxx", "url": "http://t.co/2C3Alq3Vxx", "media_url_https": "https://pbs.twimg.com/media/B6yWv8CCUAAhGXN.jpg", "source_user_id_str": "240028072", "source_status_id": 552982613288157184, "id_str": "552982604572413952", "sizes": {"small": {"h": 340, "resize": "fit", "w": 340}, "large": {"h": 640, "resize": "fit", "w": 640}, "medium": {"h": 600, "resize": "fit", "w": 600}, "thumb": {"h": 150, "resize": "crop", "w": 150}}, "indices": [75, 97], "type": "photo", "id": 552982604572413952, "media_url": "http://pbs.twimg.com/media/B6yWv8CCUAAhGXN.jpg"}]}}
