{"contributors": null, "truncated": false, "text": "\u201c@MelanieTait: Banksy says #JeSuisCharlie in a beautiful way (vi @lukeeve) http://t.co/eXCvMW6i5g\u201d True and so sad!", "in_reply_to_status_id": 552982613288157184, "id": 552983715224113152, "favorite_count": 0, "source": "<a href=\"http://twitter.com/download/iphone\" rel=\"nofollow\">Twitter for iPhone</a>", "retweeted": false, "coordinates": null, "entities": {"symbols": [], "user_mentions": [{"id": 240028072, "indices": [1, 13], "id_str": "240028072", "screen_name": "MelanieTait", "name": "Melanie Tait"}, {"id": 31370252, "indices": [65, 73], "id_str": "31370252", "screen_name": "lukeeve", "name": "Luke Eve"}], "hashtags": [{"indices": [27, 41], "text": "JeSuisCharlie"}], "urls": [], "media": [{"source_user_id": 240028072, "source_status_id_str": "552982613288157184", "expanded_url": "http://twitter.com/MelanieTait/status/552982613288157184/photo/1", "display_url": "pic.twitter.com/eXCvMW6i5g", "url": "http://t.co/eXCvMW6i5g", "media_url_https": "https://pbs.twimg.com/media/B6yWv8CCUAAhGXN.jpg", "source_user_id_str": "240028072", "source_status_id": 552982613288157184, "id_str": "552982604572413952", "sizes": {"small": {"h": 340, "resize": "fit", "w": 340}, "large": {"h": 640, "resize": "fit", "w": 640}, "medium": {"h": 600, "resize": "fit", "w": 600}, "thumb": {"h": 150, "resize": "crop", "w": 150}}, "indices": [75, 97], "type": "photo", "id": 552982604572413952, "media_url": "http://pbs.twimg.com/media/B6yWv8CCUAAhGXN.jpg"}]}, "in_reply_to_screen_name": "MelanieTait", "id_str": "552983715224113152", "retweet_count": 0, "in_reply_to_user_id": 240028072, "favorited": false, "user": {"follow_request_sent": false, "profile_use_background_image": true, "profile_text_color": "333333", "default_profile_image": false, "id": 251459764, "profile_background_image_url_https": "https://abs.twimg.com/images/themes/theme1/bg.png", "verified": false, "profile_location": null, "profile_image_url_https": "https://pbs.twimg.com/profile_images/511852096392396800/iPlpFYdP_normal.jpeg", "profile_sidebar_fill_color": "DDEEF6", "entities": {"description": {"urls": []}}, "followers_count": 334, "profile_sidebar_border_color": "C0DEED", "id_str": "251459764", "profile_background_color": "C0DEED", "listed_count": 4, "is_translation_enabled": false, "utc_offset": 39600, "statuses_count": 1534, "description": "Comms professional & behaviour change enthusiast. Enjoys solving complex comms issues and supporting worthy causes. Advocate for #mental health issues", "friends_count": 858, "location": "Melbourne", "profile_link_color": "2FB5BA", "profile_image_url": "http://pbs.twimg.com/profile_images/511852096392396800/iPlpFYdP_normal.jpeg", "following": false, "geo_enabled": true, "profile_banner_url": "https://pbs.twimg.com/profile_banners/251459764/1405476998", "profile_background_image_url": "http://abs.twimg.com/images/themes/theme1/bg.png", "name": "Nicky White", "lang": "en", "profile_background_tile": false, "favourites_count": 191, "screen_name": "Nic_Qui", "notifications": false, "url": null, "created_at": "Sun Feb 13 05:13:24 +0000 2011", "contributors_enabled": false, "time_zone": "Canberra", "protected": false, "default_profile": false, "is_translator": false}, "geo": null, "in_reply_to_user_id_str": "240028072", "possibly_sensitive": false, "lang": "en", "created_at": "Thu Jan 08 00:22:46 +0000 2015", "in_reply_to_status_id_str": "552982613288157184", "place": null, "extended_entities": {"media": [{"source_user_id": 240028072, "source_status_id_str": "552982613288157184", "expanded_url": "http://twitter.com/MelanieTait/status/552982613288157184/photo/1", "display_url": "pic.twitter.com/eXCvMW6i5g", "url": "http://t.co/eXCvMW6i5g", "media_url_https": "https://pbs.twimg.com/media/B6yWv8CCUAAhGXN.jpg", "source_user_id_str": "240028072", "source_status_id": 552982613288157184, "id_str": "552982604572413952", "sizes": {"small": {"h": 340, "resize": "fit", "w": 340}, "large": {"h": 640, "resize": "fit", "w": 640}, "medium": {"h": 600, "resize": "fit", "w": 600}, "thumb": {"h": 150, "resize": "crop", "w": 150}}, "indices": [75, 97], "type": "photo", "id": 552982604572413952, "media_url": "http://pbs.twimg.com/media/B6yWv8CCUAAhGXN.jpg"}]}}
